rs,pos,freq,ihh1,ihh0,uniH_or_iHS,norm_iHS,crit,chr
.,15790762,0.221053,0.112009,0.13727,-0.203374,-1.01122,0,Ss01
.,31197415,0.384211,0.0970242,0.0994604,-0.024799,-0.14949,0,Ss01
.,31200593,0.126316,0.078772,0.0771992,0.0201692,-0.573135,0,Ss01
.,32001840,0.1,0.134743,0.0763283,0.568323,0.671048,0,Ss01
.,34165746,0.126316,0.10708,0.0964168,0.104898,-0.315525,0,Ss01
.,34723473,0.0789474,0.0771744,0.0977489,-0.236334,-0.980325,0,Ss01
.,34724344,0.0578947,0.116922,0.0943065,0.214957,-0.0444741,0,Ss01
.,34725485,0.0789474,0.113025,0.0985196,0.137355,0.143391,0,Ss01
.,34725490,0.121053,0.207865,0.107559,0.658848,1.36871,0,Ss01
.,34855449,0.0631579,0.181551,0.108747,0.512509,0.34133,0,Ss01
.,35379386,0.126316,0.110208,0.116063,-0.0517642,-0.791841,0,Ss01
.,36065991,0.131579,0.227048,0.108133,0.741797,0.787692,0,Ss01
.,36149336,0.384211,0.141479,0.110968,0.242905,0.560241,0,Ss01
.,37902767,0.126316,0.128642,0.112067,0.137937,-0.215073,0,Ss01
.,40986668,0.384211,0.202024,0.168829,0.1795,0.392143,0,Ss01
.,42699263,0.163158,0.15461,0.181185,-0.158609,-0.796093,0,Ss01
.,3406134,0.0789474,0.175385,0.113766,0.432843,1.03195,0,Ss02
.,4408332,0.0578947,0.160043,0.135672,0.165199,-0.134022,0,Ss02
.,4846692,0.157895,0.127277,0.156572,-0.207153,-0.720926,0,Ss02
.,4909653,0.121053,0.166001,0.149552,0.104353,-0.317182,0,Ss02
.,5154022,0.131579,0.180931,0.146795,0.209081,-0.287349,0,Ss02
.,5986963,0.105263,0.151254,0.143505,0.0525928,-0.848394,0,Ss02
.,6508692,0.142105,0.163225,0.153333,0.0625188,-0.624006,0,Ss02
.,6558384,0.0578947,0.291737,0.143476,0.70968,0.845858,0,Ss02
.,8041583,0.0684211,0.166209,0.148339,0.113741,-0.465149,0,Ss02
.,8088386,0.0684211,0.249436,0.143854,0.550405,0.417972,0,Ss02
.,9463453,0.389474,0.144394,0.179957,-0.22017,-0.667453,0,Ss02
.,9640174,0.163158,0.325345,0.146186,0.800004,2.84197,1,Ss02
.,9693574,0.136842,0.488759,0.142697,1.23115,1.77523,0,Ss02
.,10228760,0.152632,0.165644,0.170649,-0.0297666,0.0286819,0,Ss02
.,10235532,0.157895,0.164539,0.17513,-0.0623787,-0.109132,0,Ss02
.,10401511,0.163158,0.158384,0.172171,-0.0834667,-0.510919,0,Ss02
.,10412808,0.147368,0.183771,0.167089,0.0951642,-0.555555,0,Ss02
.,10458959,0.147368,0.14777,0.150507,-0.0183495,-0.793569,0,Ss02
.,11560724,0.384211,0.149127,0.232268,-0.443095,-1.25847,0,Ss02
.,11664388,0.0684211,0.159816,0.153983,0.0371805,-0.619987,0,Ss02
.,11692343,0.0736842,0.14336,0.156699,-0.0889705,-0.53719,0,Ss02
.,12180404,0.0526316,0.161213,0.130106,0.21438,-0.0455125,0,Ss02
.,12196025,0.0789474,0.128072,0.135629,-0.0573245,-0.442027,0,Ss02
.,12196030,0.0736842,0.126963,0.133789,-0.0523695,-0.427127,0,Ss02
.,12198551,0.0736842,0.146477,0.135093,0.0809033,-0.0263644,0,Ss02
.,12391831,0.126316,0.373347,0.137524,0.99871,2.40202,1,Ss02
.,12391836,0.126316,0.373347,0.137524,0.99871,2.40202,1,Ss02
.,12392011,0.136842,0.323377,0.138842,0.845485,0.996939,0,Ss02
.,12532647,0.131579,0.142939,0.140569,0.0167228,-0.675535,0,Ss02
.,14332466,0.121053,0.153232,0.115847,0.279681,0.215886,0,Ss02
.,14333331,0.121053,0.153453,0.116844,0.272552,0.194211,0,Ss02
.,15978456,0.0631579,0.189986,0.111001,0.537408,0.391686,0,Ss02
.,17301339,0.221053,0.334997,0.125499,0.98182,3.71139,1,Ss02
.,18961650,0.1,0.191462,0.132768,0.366089,0.0752272,0,Ss02
.,19658927,0.157895,0.109878,0.141813,-0.25514,-0.923712,0,Ss02
.,19953654,0.121053,0.149167,0.133379,0.111872,-0.294321,0,Ss02
.,9197881,0.0526316,0.117498,0.119781,-0.0192445,-0.465957,0,Ss03
.,11473039,0.105263,0.155369,0.0952005,0.489815,0.439748,0,Ss03
.,12376939,0.0842105,0.164041,0.113068,0.372129,0.153212,0,Ss03
.,12866507,0.0684211,0.256412,0.132886,0.657295,0.634149,0,Ss03
.,12988213,0.1,0.214708,0.144175,0.398248,0.169974,0,Ss03
.,13139425,0.0894737,0.248856,0.142169,0.55986,0.569682,0,Ss03
.,13143111,0.0789474,0.294905,0.140244,0.743266,1.96542,0,Ss03
.,15503501,0.131579,0.208349,0.119722,0.554042,0.408796,0,Ss03
.,15753744,0.226316,0.153635,0.13477,0.131016,0.321212,0,Ss03
.,16106110,0.0842105,0.231572,0.104051,0.800006,1.10243,0,Ss03
.,17172374,0.0578947,0.162958,0.132403,0.20764,-0.0576422,0,Ss03
.,76205401,0.0578947,0.101242,0.108594,-0.0700985,-0.557477,0,Ss03
.,78193079,0.168421,0.101613,0.111142,-0.0896401,-0.534347,0,Ss03
.,80366199,0.142105,0.222967,0.156585,0.353425,-0.0140397,0,Ss03
.,80882713,0.157895,0.169462,0.1798,-0.0592151,-0.095763,0,Ss03
.,81622453,0.0842105,0.184983,0.167333,0.100275,-0.449881,0,Ss03
.,81740105,0.0578947,0.321058,0.17152,0.626925,0.696928,0,Ss03
.,81750601,0.142105,0.337777,0.182429,0.616026,0.536577,0,Ss03
.,81896193,0.105263,0.313228,0.247737,0.234565,-0.312268,0,Ss03
.,81917702,0.126316,0.235886,0.261835,-0.104368,-0.951778,0,Ss03
.,82280561,0.147368,0.358714,0.28363,0.234855,-0.262655,0,Ss03
.,82305261,0.0578947,0.299934,0.279426,0.0708264,-0.30386,0,Ss03
.,82378373,0.0526316,0.361875,0.27974,0.257439,0.031979,0,Ss03
.,82379661,0.0526316,0.361875,0.27974,0.257439,0.031979,0,Ss03
.,82414494,0.0631579,0.256859,0.282538,-0.0952832,-0.887886,0,Ss03
.,82458740,0.0526316,0.361875,0.279325,0.258923,0.0346497,0,Ss03
.,82594503,0.0736842,0.282701,0.284884,-0.00769107,-0.292775,0,Ss03
.,82608159,0.0736842,0.275209,0.284239,-0.0322831,-0.366726,0,Ss03
.,82649734,0.0631579,0.344053,0.260303,0.278951,-0.131024,0,Ss03
.,82650345,0.0684211,0.292803,0.262984,0.107405,-0.477963,0,Ss03
.,82732261,0.0736842,0.256261,0.263722,-0.0286975,-0.355944,0,Ss03
.,82739920,0.0631579,0.332816,0.260258,0.245917,-0.197833,0,Ss03
.,82771990,0.121053,0.346231,0.264983,0.267439,0.178665,0,Ss03
.,83284949,0.0631579,0.4234,0.234994,0.588757,0.495536,0,Ss03
.,83623322,0.0684211,0.249362,0.234491,0.0614885,-0.570826,0,Ss03
.,83642661,0.0684211,0.23631,0.234706,0.00681107,-0.681407,0,Ss03
.,84212380,0.0631579,0.349653,0.205264,0.532644,0.382051,0,Ss03
.,84263348,0.0789474,0.316514,0.205599,0.431439,1.02773,0,Ss03
.,84282131,0.0842105,0.250161,0.205131,0.198455,-0.232074,0,Ss03
.,84388488,0.121053,0.186181,0.211106,-0.12564,-1.01645,0,Ss03
.,84528272,0.105263,0.195405,0.159124,0.205389,-0.398226,0,Ss03
.,84611351,0.384211,0.40509,0.164064,0.903856,2.31254,1,Ss03
.,84845982,0.0578947,0.348906,0.129766,0.989066,1.34866,0,Ss03
.,88392648,0.105263,0.229108,0.113992,0.698062,1.05328,0,Ss03
.,89342800,0.226316,0.137648,0.116369,0.167933,0.468315,0,Ss03
.,92535152,0.0842105,0.119837,0.0947674,0.234707,-0.151651,0,Ss03
.,94443832,0.121053,0.152467,0.107586,0.348659,0.425607,0,Ss03
.,94738587,0.152632,0.164357,0.107966,0.420228,1.93029,0,Ss03
.,96383945,0.0684211,0.187624,0.0877009,0.760507,0.842888,0,Ss03
.,1194520,0.168421,0.103501,0.114419,-0.100287,-0.574754,0,Ss04
.,1208391,0.168421,0.119291,0.119409,-0.000990251,-0.19791,0,Ss04
.,1403611,0.0736842,0.11191,0.114172,-0.0200148,-0.329834,0,Ss04
.,1414670,0.0736842,0.11191,0.114172,-0.0200148,-0.329834,0,Ss04
.,2109405,0.105263,0.102584,0.110195,-0.0715619,-1.21418,0,Ss04
.,2109410,0.0894737,0.0991412,0.110001,-0.103944,-0.90293,0,Ss04
.,2861692,0.157895,0.100995,0.118248,-0.157708,-0.511979,0,Ss04
.,3502747,0.0526316,0.10524,0.0956322,0.0957319,-0.259039,0,Ss04
.,3554718,0.121053,0.147074,0.10591,0.328344,0.363841,0,Ss04
.,3751310,0.0526316,0.0951343,0.0918208,0.0354509,-0.367524,0,Ss04
.,3755879,0.0842105,0.11564,0.0932748,0.214936,-0.195512,0,Ss04
.,58237946,0.152632,0.217456,0.153127,0.350729,1.6366,0,Ss04
.,58245125,0.152632,0.225782,0.15412,0.381843,1.76808,0,Ss04
.,59402161,0.168421,0.20497,0.190966,0.0707675,0.0744205,0,Ss04
.,60162937,0.0631579,0.143841,0.180628,-0.227726,-1.15574,0,Ss04
.,60297165,0.0894737,0.15276,0.188999,-0.212873,-1.14458,0,Ss04
.,61006053,0.136842,0.135094,0.227695,-0.522034,-1.76277,0,Ss04
.,61037105,0.126316,0.149516,0.225072,-0.40902,-1.87804,0,Ss04
.,63000911,0.0684211,0.280856,0.218788,0.24974,-0.190101,0,Ss04
.,63111987,0.0684211,0.197906,0.229453,-0.147908,-0.994315,0,Ss04
.,63275751,0.1,0.19215,0.241846,-0.230027,-1.68105,0,Ss04
.,63691059,0.384211,0.149042,0.386814,-0.953717,-2.61222,1,Ss04
.,64211882,0.163158,0.208529,0.255885,-0.204648,-0.970818,0,Ss04
.,66092539,0.1,0.250204,0.167681,0.400213,0.175763,0,Ss04
.,66117431,0.105263,0.239363,0.168639,0.350221,0.028477,0,Ss04
.,66397026,0.142105,0.232081,0.130702,0.574168,0.44881,0,Ss04
.,66505361,0.0578947,0.497332,0.111632,1.49405,2.25746,1,Ss04
.,66942729,0.157895,0.105304,0.147316,-0.335732,-1.26428,0,Ss04
.,66960326,0.121053,0.146278,0.137419,0.0624728,-0.444515,0,Ss04
.,67058087,0.0789474,0.0796052,0.126781,-0.465383,-1.66909,0,Ss04
.,67063423,0.0894737,0.0719495,0.129378,-0.58677,-1.97405,0,Ss04
.,67244780,0.157895,0.112673,0.112851,-0.00157581,0.147812,0,Ss04
.,67244785,0.157895,0.109045,0.113378,-0.0389619,-0.0101761,0,Ss04
.,67900658,0.121053,0.166868,0.10221,0.490169,0.855854,0,Ss04
.,70639268,0.0842105,0.169688,0.112283,0.412939,0.243746,0,Ss04
.,70804788,0.0736842,0.147113,0.10789,0.310091,0.662823,0,Ss04
.,71498374,0.105263,0.117158,0.137359,-0.15907,-1.47199,0,Ss04
.,71550152,0.152632,0.110863,0.144124,-0.262381,-0.954311,0,Ss04
.,71968370,0.121053,0.134648,0.145341,-0.0764185,-0.8668,0,Ss04
.,71975465,0.121053,0.134648,0.145341,-0.0764185,-0.8668,0,Ss04
.,72149311,0.0578947,0.146756,0.135891,0.0769166,-0.2929,0,Ss04
.,73024751,0.226316,0.139883,0.105124,0.285668,0.93745,0,Ss04
.,73265896,0.226316,0.0875852,0.110178,-0.229485,-1.11527,0,Ss04
.,6314953,0.0526316,0.0955381,0.193235,-0.70438,-1.69897,0,Ss05
.,6316872,0.0578947,0.0882218,0.192925,-0.782445,-1.83946,0,Ss05
.,7290960,0.0789474,0.201209,0.188151,0.0670955,-0.0678856,0,Ss05
.,53166302,0.105263,0.136409,0.116707,0.155992,-0.543759,0,Ss05
.,53809245,0.121053,0.238251,0.110909,0.764615,1.69028,0,Ss05
.,54032822,0.226316,0.0938663,0.097851,-0.0415751,-0.366507,0,Ss05
.,54091087,0.384211,0.10139,0.105137,-0.0362883,-0.17995,0,Ss05
.,54091092,0.384211,0.101234,0.104961,-0.0361528,-0.179591,0,Ss05
.,54093158,0.384211,0.0999747,0.104527,-0.0445326,-0.201807,0,Ss05
.,54830758,0.168421,0.101916,0.112078,-0.095052,-0.554886,0,Ss05
.,54842907,0.105263,0.148097,0.107722,0.318318,-0.0655155,0,Ss05
.,54845009,0.105263,0.148097,0.107722,0.318318,-0.0655155,0,Ss05
.,54845177,0.105263,0.148097,0.107722,0.318318,-0.0655155,0,Ss05
.,55055643,0.384211,0.17123,0.132637,0.255392,0.593346,0,Ss05
.,55417991,0.131579,0.103747,0.11331,-0.0881722,-0.887218,0,Ss05
.,3420568,0.105263,0.134339,0.148415,-0.0996477,-1.29692,0,Ss06
.,3421004,0.0894737,0.154453,0.1458,0.0576522,-0.544438,0,Ss06
.,3493968,0.168421,0.148799,0.144305,0.0306655,-0.0777718,0,Ss06
.,5596551,0.163158,0.130938,0.125721,0.0406581,-0.0398486,0,Ss06
.,5662370,0.142105,0.122704,0.120471,0.0183643,-0.716588,0,Ss06
.,5816152,0.136842,0.11244,0.118136,-0.0494182,-0.809011,0,Ss06
.,6151859,0.0631579,0.16619,0.0957095,0.551812,0.420817,0,Ss06
.,6173873,0.168421,0.13555,0.112868,0.183121,0.500817,0,Ss06
.,6333900,0.0842105,0.179757,0.0998529,0.587907,0.631903,0,Ss06
.,7067913,0.389474,0.141239,0.12152,0.15037,0.314914,0,Ss06
.,7119650,0.0842105,0.11327,0.0973625,0.151336,-0.336605,0,Ss06
.,7677287,0.0631579,0.103143,0.144755,-0.338928,-1.38064,0,Ss06
.,8479959,0.0631579,0.1882,0.145133,0.259855,-0.169644,0,Ss06
.,8498554,0.0684211,0.0985287,0.148604,-0.410934,-1.52627,0,Ss06
.,8942142,0.221053,0.203282,0.172304,0.165333,0.457954,0,Ss06
.,9116431,0.0526316,0.0841628,0.205412,-0.892263,-2.03709,1,Ss06
.,9116436,0.0578947,0.086343,0.207151,-0.875118,-2.00624,1,Ss06
.,9344286,0.0789474,0.129726,0.216006,-0.509886,-1.80292,0,Ss06
.,9583785,0.0684211,0.16759,0.21912,-0.2681,-1.23739,0,Ss06
.,9601203,0.0684211,0.101757,0.213062,-0.738993,-2.18974,1,Ss06
.,10190845,0.0526316,0.19763,0.209577,-0.058695,-0.536954,0,Ss06
.,10281332,0.0578947,0.193378,0.206568,-0.0659829,-0.55007,0,Ss06
.,10738360,0.0578947,0.14341,0.200963,-0.33741,-1.03855,0,Ss06
.,11801660,0.163158,0.140256,0.134241,0.0438259,-0.0278264,0,Ss06
.,12721737,0.157895,0.100486,0.0808118,0.2179,1.07528,0,Ss06
.,14247018,0.105263,0.332922,0.0832342,1.38625,3.08082,1,Ss06
.,14451909,0.147368,0.0999313,0.101065,-0.0112803,-0.778746,0,Ss06
.,399735,0.136842,0.170059,0.0719449,0.860245,1.02673,0,Ss07
.,2234010,0.163158,0.142693,0.150954,-0.0562787,-0.407737,0,Ss07
.,2234950,0.163158,0.142693,0.150954,-0.0562787,-0.407737,0,Ss07
.,2239425,0.163158,0.142693,0.150954,-0.0562787,-0.407737,0,Ss07
.,2251809,0.168421,0.134713,0.152772,-0.125798,-0.671571,0,Ss07
.,2251814,0.163158,0.143207,0.151556,-0.056663,-0.409195,0,Ss07
.,2304248,0.0736842,0.164978,0.13558,0.196248,0.320487,0,Ss07
.,2411287,0.384211,0.135631,0.203106,-0.403791,-1.15426,0,Ss07
.,2760698,0.105263,0.18723,0.150296,0.21973,-0.355975,0,Ss07
.,2761830,0.0894737,0.214995,0.147811,0.374676,0.158862,0,Ss07
.,4410868,0.142105,0.191464,0.140618,0.308653,-0.107917,0,Ss07
.,4632943,0.221053,0.142205,0.143515,-0.00917007,-0.237383,0,Ss07
.,4728537,0.131579,0.095598,0.136617,-0.357027,-1.42978,0,Ss07
.,5488909,0.142105,0.175999,0.138099,0.242507,-0.24661,0,Ss07
.,5525318,0.0684211,0.103292,0.128906,-0.221518,-1.14319,0,Ss07
.,7052774,0.142105,0.104594,0.0932903,0.114366,-0.515293,0,Ss07
.,7053581,0.168421,0.0926301,0.0957834,-0.0334752,-0.321194,0,Ss07
.,6837326,0.0736842,0.171753,0.114915,0.401865,0.938795,0,Ss08
.,6837331,0.0684211,0.21291,0.114413,0.621053,0.560852,0,Ss08
.,6987974,0.221053,0.154013,0.139311,0.100326,0.198923,0,Ss08
.,7163329,0.131579,0.183427,0.126516,0.371444,0.0403057,0,Ss08
.,7233576,0.136842,0.121674,0.133516,-0.0928819,-0.896722,0,Ss08
.,8462649,0.157895,0.123069,0.153057,-0.218072,-0.767068,0,Ss08
.,8462654,0.152632,0.130333,0.153939,-0.166465,-0.548985,0,Ss08
.,8508287,0.163158,0.115505,0.156359,-0.30284,-1.34347,0,Ss08
.,8512648,0.157895,0.13104,0.156405,-0.176948,-0.593284,0,Ss08
.,8536160,0.121053,0.183611,0.14997,0.202383,-0.0191314,0,Ss08
.,8666695,0.0789474,0.182937,0.137605,0.284755,0.586635,0,Ss08
.,8666700,0.0842105,0.169406,0.137993,0.205094,-0.217346,0,Ss08
.,9166866,0.136842,0.149542,0.112073,0.28843,-0.12722,0,Ss08
.,9178394,0.131579,0.150919,0.110919,0.307941,-0.0878458,0,Ss08
.,9218492,0.142105,0.198629,0.109691,0.593771,0.489913,0,Ss08
.,9229198,0.0789474,0.151785,0.101108,0.406277,0.952063,0,Ss08
.,9724071,0.221053,0.13311,0.104035,0.246449,0.781175,0,Ss08
.,9817679,0.1,0.200043,0.0898658,0.800217,1.35425,0,Ss08
.,11910791,0.1,0.148842,0.11904,0.223426,-0.345086,0,Ss08
.,12309687,0.126316,0.1331,0.129052,0.0308873,-0.540548,0,Ss08
.,12310587,0.1,0.23122,0.124494,0.619113,0.820685,0,Ss08
.,12361483,0.0578947,0.442968,0.120285,1.30363,1.91477,0,Ss08
.,12377887,0.221053,0.134289,0.141365,-0.0513531,-0.405469,0,Ss08
.,12482772,0.0578947,0.306167,0.119713,0.939038,1.25862,0,Ss08
.,12710362,0.0684211,0.365921,0.120919,1.10729,1.54423,0,Ss08
.,12710636,0.0684211,0.365921,0.120919,1.10729,1.54423,0,Ss08
.,12740853,0.0789474,0.277511,0.120729,0.832315,2.2332,1,Ss08
.,12776859,0.136842,0.499673,0.116178,1.45883,2.23469,1,Ss08
.,12781650,0.142105,0.455409,0.117331,1.35619,2.08854,1,Ss08
.,14543161,0.157895,0.164063,0.151553,0.0793152,0.489645,0,Ss08
.,15868330,0.0789474,0.124216,0.143503,-0.144334,-0.703673,0,Ss08
.,15868335,0.0789474,0.125613,0.143981,-0.136475,-0.68004,0,Ss08
.,15990149,0.0684211,0.179636,0.145569,0.210287,-0.269892,0,Ss08
.,16551426,0.163158,0.214304,0.137976,0.440315,1.4769,0,Ss08
.,16687555,0.168421,0.215308,0.129246,0.510355,1.74271,0,Ss08
.,16729562,0.0684211,0.414964,0.116021,1.27442,1.88224,0,Ss08
.,18336190,0.0684211,0.509218,0.105591,1.5733,2.4867,1,Ss08
.,19445081,0.0842105,0.442242,0.129787,1.22597,2.04741,1,Ss08
.,19790912,0.163158,0.235023,0.145832,0.477228,1.61699,0,Ss08
.,20302802,0.0842105,0.341464,0.141194,0.883104,1.28678,0,Ss08
.,20855953,0.226316,0.207286,0.21726,-0.0469961,-0.388108,0,Ss08
.,20915597,0.221053,0.215403,0.215408,-2.53179e-05,-0.200944,0,Ss08
.,20915602,0.221053,0.215403,0.215408,-2.53179e-05,-0.200944,0,Ss08
.,20917825,0.226316,0.205487,0.218198,-0.0600182,-0.439996,0,Ss08
.,20919535,0.226316,0.208732,0.218198,-0.0443502,-0.377564,0,Ss08
.,20923916,0.221053,0.215286,0.215281,2.35365e-05,-0.20075,0,Ss08
.,20923921,0.221053,0.22135,0.214716,0.0304268,-0.0796026,0,Ss08
.,21023689,0.0842105,0.458275,0.183519,0.915149,1.35787,0,Ss08
.,21034330,0.1,0.338391,0.186155,0.597621,0.757366,0,Ss08
.,21040919,0.0842105,0.459647,0.181477,0.929327,1.38932,0,Ss08
.,21054606,0.0894737,0.415985,0.183461,0.818645,1.14378,0,Ss08
.,21069308,0.105263,0.330245,0.185238,0.578195,0.700133,0,Ss08
.,21850213,0.384211,0.26213,0.169376,0.436719,1.07408,0,Ss08
.,21851155,0.389474,0.250031,0.16842,0.395123,0.963798,0,Ss08
.,24818721,0.152632,0.134911,0.115128,0.158566,0.824547,0,Ss08
.,27767918,0.221053,0.111502,0.113364,-0.0165616,-0.266836,0,Ss08
.,28078846,0.142105,0.465486,0.0803296,1.75694,2.92882,1,Ss08
.,31006703,0.0578947,0.209972,0.0979527,0.762492,0.940902,0,Ss08
.,31971309,0.389474,0.136719,0.147898,-0.0785941,-0.29211,0,Ss08
.,32067740,0.0631579,0.124907,0.113501,0.095763,-0.501509,0,Ss08
.,7407875,0.0684211,0.165087,0.108499,0.419733,0.153697,0,Ss09
.,10928744,0.389474,0.138423,0.148791,-0.0722291,-0.275235,0,Ss09
.,10932163,0.389474,0.138163,0.149247,-0.0771623,-0.288314,0,Ss09
.,53523372,0.0684211,0.152227,0.0988863,0.431399,0.177291,0,Ss09
.,58491205,0.226316,0.0997312,0.132765,-0.286101,-1.34086,0,Ss09
.,58771602,0.0578947,0.200006,0.112972,0.571206,0.596652,0,Ss09
.,59249203,0.142105,0.178718,0.114643,0.443981,0.175836,0,Ss09
.,61760548,0.121053,0.148361,0.0953508,0.442087,0.709665,0,Ss09
.,62476880,0.389474,0.132805,0.107294,0.213312,0.481784,0,Ss09
.,7243813,0.0526316,0.184462,0.168203,0.0922719,-0.265265,0,Ss10
.,7752093,0.126316,0.184016,0.190952,-0.0369998,-0.746952,0,Ss10
.,7879011,0.0578947,0.37944,0.181393,0.738028,0.896875,0,Ss10
.,8687209,0.1,0.218855,0.194938,0.115729,-0.662382,0,Ss10
.,9286898,0.0684211,0.326326,0.185645,0.56406,0.445588,0,Ss10
.,9450266,0.0578947,0.260481,0.181825,0.359487,0.215631,0,Ss10
.,10530371,0.384211,0.284488,0.151982,0.626931,1.57836,0,Ss10
.,11013852,0.0736842,0.174031,0.133085,0.268242,0.536979,0,Ss10
.,11582180,0.121053,0.200806,0.131962,0.419827,0.641986,0,Ss10
.,12238563,0.0631579,0.340349,0.109287,1.136,1.60229,0,Ss10
.,13420106,0.131579,0.195762,0.14988,0.26706,-0.170345,0,Ss10
.,13421247,0.142105,0.183365,0.152907,0.181649,-0.374216,0,Ss10
.,13646039,0.126316,0.265929,0.171499,0.438651,0.699219,0,Ss10
.,13646044,0.131579,0.245503,0.173052,0.349714,-0.00354625,0,Ss10
.,13667695,0.136842,0.228404,0.174409,0.26971,-0.164997,0,Ss10
.,13667871,0.131579,0.248782,0.172305,0.367307,0.0319571,0,Ss10
.,13667876,0.142105,0.217268,0.176779,0.206228,-0.322679,0,Ss10
.,13718785,0.0526316,0.35501,0.159378,0.800866,1.00996,0,Ss10
.,13731316,0.0684211,0.285079,0.162416,0.562605,0.442645,0,Ss10
.,14080553,0.0736842,0.108848,0.159848,-0.384265,-1.42517,0,Ss10
.,14090473,0.0842105,0.146253,0.153203,-0.0464292,-0.775336,0,Ss10
.,14240591,0.0842105,0.0958868,0.139065,-0.371771,-1.49709,0,Ss10
.,14595838,0.147368,0.0954717,0.134804,-0.34499,-1.47846,0,Ss10
.,14595843,0.152632,0.0940957,0.135975,-0.368161,-1.40132,0,Ss10
.,14625545,0.0789474,0.189241,0.127502,0.394887,0.917812,0,Ss10
.,15351778,0.147368,0.294584,0.193899,0.41823,0.121842,0,Ss10
.,15394673,0.0684211,0.258382,0.181034,0.355755,0.0243063,0,Ss10
.,15535069,0.0894737,0.218367,0.234636,-0.0718604,-0.831754,0,Ss10
.,15536283,0.0894737,0.218367,0.234636,-0.0718604,-0.831754,0,Ss10
.,15556197,0.0526316,0.314232,0.219198,0.360158,0.216838,0,Ss10
.,15948596,0.0789474,0.153647,0.194249,-0.234485,-0.974764,0,Ss10
.,30044545,0.389474,0.11769,0.126904,-0.0753756,-0.283577,0,Ss11
.,30046946,0.384211,0.11901,0.126907,-0.0642531,-0.25409,0,Ss11
.,30261516,0.126316,0.106498,0.103241,0.031063,-0.540013,0,Ss11
.,31974051,0.0526316,0.0994506,0.0927534,0.0697169,-0.305857,0,Ss11
.,32094438,0.384211,0.116106,0.134552,-0.147442,-0.474638,0,Ss11
.,34000405,0.0578947,0.156398,0.0927449,0.522553,0.509094,0,Ss11
.,36000724,0.126316,0.102687,0.111505,-0.0823804,-0.884927,0,Ss11
.,36000729,0.126316,0.102687,0.111505,-0.0823804,-0.884927,0,Ss11
.,36129807,0.221053,0.124481,0.125866,-0.0110722,-0.244963,0,Ss11
.,36976759,0.0736842,0.0902328,0.122256,-0.303722,-1.18297,0,Ss11
.,37463852,0.0789474,0.209656,0.125338,0.51446,1.27738,0,Ss11
