n_sub,rep_i,rep_j,n_shared,ari_k24
40,0,2,20,1.0
40,0,28,22,0.60431654676259
40,0,36,21,0.662379421221865
40,1,6,22,0.7688844422211105
40,1,8,20,1.0
40,1,29,20,0.3897216274089936
40,1,32,21,0.6601941747572816
40,2,3,21,0.7619047619047619
40,2,12,21,0.9308755760368663
40,2,23,21,0.7451456310679612
40,2,26,20,0.9203688181056161
40,2,33,20,0.8545176110260337
40,2,34,20,1.0
40,2,36,20,0.5891891891891892
40,2,46,21,0.9116161616161617
40,2,49,20,0.9203688181056161
40,3,10,21,0.8285714285714286
40,3,15,23,0.7727680977186995
40,3,17,21,1.0
40,3,19,20,0.9064039408866995
40,3,26,20,0.39232409381663114
40,3,35,20,0.602510460251046
40,3,37,22,0.7411764705882353
40,3,44,21,0.7400990099009901
40,4,14,22,0.5911504424778761
40,4,23,20,0.6594982078853047
40,4,32,22,1.0
40,4,46,20,0.7948164146868251
40,5,7,22,0.816812053925456
40,5,18,20,0.6018440905280805
40,5,19,24,0.9129062795834648
40,5,33,20,0.6561085972850679
40,5,35,21,0.8839779005524862
40,5,44,21,0.9206349206349206
40,6,16,20,0.9203688181056161
40,6,21,20,0.8862275449101796
40,6,33,20,0.9203688181056161
40,6,36,20,0.4324970131421744
40,6,45,21,0.8950524737631185
40,6,46,20,0.6095890410958904
40,7,16,22,0.6607929515418502
40,7,23,20,0.9306062819576333
40,7,30,21,0.8839779005524862
40,7,39,22,0.7508090614886731
40,8,16,20,1.0
40,8,17,20,0.7890061077179344
40,9,15,21,0.6571428571428571
40,9,19,21,1.0
40,9,20,20,0.5909580193756727
40,9,32,20,0.0
40,9,39,20,0.38088341781317886
40,9,48,22,0.9068923821039904
40,10,19,21,0.9065559181251854
40,10,24,20,1.0
40,10,29,20,0.8834355828220859
40,10,30,21,0.7926267281105991
40,10,35,21,0.8163265306122449
40,10,36,21,0.35356200527704484
40,11,12,22,0.8091697645600991
40,11,18,20,0.7042801556420234
40,11,22,22,0.835509138381201
40,11,49,20,0.6085164835164835
40,12,22,20,0.9384316267012314
40,12,31,21,0.9206349206349206
40,12,34,20,1.0
40,12,38,21,0.7928994082840237
40,12,44,20,1.0
40,12,49,20,0.6921581335061568
40,13,16,20,0.6643109540636042
40,13,26,20,0.5648854961832062
40,13,36,22,0.6577777777777778
40,13,42,20,0.6594982078853047
40,13,44,20,0.38444924406047515
40,13,46,20,0.4960212201591512
40,14,16,20,0.661319073083779
40,14,17,20,0.24302788844621515
40,14,25,21,0.5860709592641261
40,14,42,20,0.5163636363636364
40,15,19,21,0.9234972677595629
40,15,30,20,0.9496021220159151
40,15,34,20,0.8804028535459505
40,15,37,21,0.9387040280210157
40,15,44,20,0.9446064139941691
40,16,30,22,0.8290155440414507
40,16,35,20,0.9064039408866995
40,16,36,21,0.5333333333333333
40,16,41,20,0.7449664429530202
40,16,43,20,0.8545176110260337
40,17,18,21,0.72
40,17,19,22,0.8504854368932039
40,17,38,21,0.6601941747572816
40,17,45,20,0.7611064543168483
40,18,19,21,0.6938775510204082
40,18,22,21,1.0
40,18,25,23,0.9189362383851329
40,18,27,20,0.9174272055627988
40,18,35,20,0.6545454545454545
40,18,36,20,0.5635528330781011
40,18,37,20,0.9446064139941691
40,18,48,21,1.0
40,19,20,23,0.848955223880597
40,19,23,20,0.7611064543168483
40,19,28,20,0.8947173993350572
40,19,29,20,0.8221806270472625
40,19,32,21,0.8864864864864865
40,20,25,20,0.6535375638220278
40,20,29,22,0.6577777777777778
40,20,48,20,0.957187922487607
40,21,25,21,0.4092827004219409
40,21,28,20,1.0
40,21,36,21,0.5643153526970954
40,21,40,20,0.4794520547945205
40,21,43,20,0.489247311827957
40,21,47,20,0.5581395348837209
40,22,29,20,0.445371142618849
40,22,31,20,0.8280542986425339
40,22,45,20,0.5320197044334976
40,22,46,21,0.6501665873393622
40,22,48,20,0.8862275449101796
40,23,36,20,0.661319073083779
40,23,38,20,0.7974413646055437
40,24,35,22,0.7232796486090776
40,24,37,22,0.8955223880597015
40,24,39,20,0.5329400196656834
40,24,44,20,0.7042801556420234
40,24,47,22,0.6115470852017937
40,25,29,20,0.8155339805825242
40,25,36,20,0.3837837837837838
40,25,40,21,0.7904191616766467
40,25,43,20,0.8280542986425339
40,26,27,20,0.5891891891891892
40,26,36,21,0.7204968944099379
40,26,39,20,0.7449664429530202
40,27,43,20,0.7192118226600985
40,27,44,20,0.7945945945945946
40,28,29,22,0.4460431654676259
40,28,31,21,0.6548323471400395
40,28,33,20,0.8152948801036941
40,28,34,21,0.9421487603305785
40,28,39,20,0.7611064543168483
40,28,41,21,0.8522167487684729
40,29,31,20,0.5891891891891892
40,29,39,21,0.7046413502109705
40,29,45,20,0.7615062761506276
40,29,49,20,0.5909580193756727
40,30,31,22,0.837037037037037
40,30,37,20,1.0
40,31,45,22,0.7372013651877133
40,31,47,22,0.611764705882353
40,32,35,22,0.8705156950672646
40,32,44,21,0.7451456310679612
40,33,38,20,0.8545176110260337
40,33,41,23,0.5919354838709677
40,34,37,20,0.8572287345957319
40,34,39,20,0.8613138686131386
40,34,40,21,0.7901049475262368
40,35,40,21,0.6534653465346535
40,36,40,20,0.34611602753195675
40,36,43,20,1.0
40,38,40,20,0.6018440905280805
40,38,48,20,0.3238434163701068
40,38,49,20,0.3238434163701068
40,39,41,20,0.445371142618849
40,46,47,21,0.7400990099009901
60,0,1,35,0.6157094594594594
60,0,2,40,0.700560822539725
60,0,3,42,0.6724782856780575
60,0,4,39,0.9025897199947417
60,0,5,39,0.640203932993445
60,0,6,39,0.7343566679702777
60,0,7,39,0.826191292423723
60,0,8,39,0.800867628992629
60,0,9,37,0.6626008339503526
60,0,10,40,0.7269511386248065
60,0,11,37,0.7131782945736435
60,0,12,37,0.6266595857673924
60,0,13,40,0.6053829808762522
60,0,14,37,0.7207693517111262
60,0,15,37,0.6831326796574407
60,0,16,37,0.9135064935064935
60,0,17,34,0.7073552425665102
60,0,18,42,0.5497777648665136
60,0,19,41,0.8173958606235263
60,0,20,36,0.6999740237249978
60,0,21,38,0.7527912087912088
60,0,22,37,0.5686721157711376
60,0,23,40,0.7251818028073735
60,0,24,40,0.6152060359837492
60,0,25,38,0.7837398373983739
60,0,26,37,0.8407370938247292
60,0,27,39,0.5719578511244348
60,0,28,37,0.5693255734337556
60,0,29,38,0.7175305490557564
60,0,30,42,0.95687107406554
60,0,31,37,0.7827221714733134
60,0,32,36,0.7954894925679139
60,0,33,40,0.7169064273459153
60,0,34,37,0.6110822735530755
60,0,35,35,0.6627196573660011
60,0,36,39,0.856619781201161
60,0,37,39,0.7176029962546816
60,0,38,38,0.8933255294704212
60,0,39,35,0.714098087580485
60,0,40,36,0.8232323232323232
60,0,41,38,0.7072784810126582
60,0,42,32,0.7476469091834139
60,0,43,36,0.680365296803653
60,0,44,38,0.7349570200573066
60,0,45,37,0.778382793356929
60,0,46,36,0.7334574378067354
60,0,47,38,0.8763793027651998
60,0,48,43,0.9721390885810373
60,0,49,38,0.7063835474547672
60,1,2,43,0.5211491671345686
60,1,3,39,0.6030332699092975
60,1,4,41,0.6662805622515106
60,1,5,38,0.6092607636068237
60,1,6,37,0.46983902352733065
60,1,7,41,0.6703258285554468
60,1,8,36,0.4836488812392427
60,1,9,38,0.6868751855884391
60,1,10,42,0.6333495559070447
60,1,11,40,0.6924775272039111
60,1,12,41,0.6039603960396039
60,1,13,33,0.4987714987714988
60,1,14,36,0.7245700961818712
60,1,15,40,0.6952373118368018
60,1,16,37,0.4638147874145959
60,1,17,37,0.6958904109589041
60,1,18,40,0.7670337875676685
60,1,19,38,0.5798841167147348
60,1,20,31,0.7088571015749169
60,1,21,39,0.5248984825817482
60,1,22,44,0.5227824284896245
60,1,23,36,0.6374418255517189
60,1,24,39,0.5655657611881962
60,1,25,37,0.5848139143444923
60,1,26,44,0.56144061657926
60,1,27,35,0.46797095747344325
60,1,28,38,0.42500766792761474
60,1,29,36,0.3148810776678594
60,1,30,36,0.6378553511705686
60,1,31,40,0.6857239799813385
60,1,32,38,0.68935041979673
60,1,33,37,0.359961559252808
60,1,34,38,0.42276111232756736
60,1,35,38,0.6677625495715783
60,1,36,39,0.5684333139196273
60,1,37,37,0.6151560178306092
60,1,38,39,0.4901765920036694
60,1,39,38,0.726039016115352
60,1,40,37,0.3711760707002039
60,1,41,39,0.694313567970124
60,1,42,38,0.6538272145319254
60,1,43,34,0.7215880893300248
60,1,44,40,0.5020570293658675
60,1,45,37,0.6710879074361507
60,1,46,39,0.573612823674476
60,1,47,37,0.6692272034964571
60,1,48,37,0.5081967213114754
60,1,49,38,0.48261269549218033
60,2,3,38,0.6091772151898734
60,2,4,38,0.7122832148155728
60,2,5,35,0.7339089751969452
60,2,6,39,0.6828589771025038
60,2,7,37,0.7768203360620423
60,2,8,41,0.905952517490538
60,2,9,31,0.7008042895442359
60,2,10,42,0.641110775731965
60,2,11,36,0.8192771084337349
60,2,12,42,0.6033679684700824
60,2,13,36,0.7834753918064339
60,2,14,36,0.6387200367014566
60,2,15,39,0.7156234409179875
60,2,16,39,0.5448402948402948
60,2,17,42,0.7740824559677261
60,2,18,37,0.6837606837606838
60,2,19,37,0.6017880530721486
60,2,20,36,0.7891457700427372
60,2,21,32,0.5382203057624461
60,2,22,39,0.7772991384492086
60,2,23,39,0.6947854024219458
60,2,24,36,0.7752481027437245
60,2,25,33,0.757445831100222
60,2,26,39,0.7518725436633122
60,2,27,36,0.5106796116504855
60,2,28,37,0.5727058239165529
60,2,29,37,0.6397950469684031
60,2,30,39,0.7001699441612041
60,2,31,39,0.767174937621292
60,2,32,40,0.6982758620689655
60,2,33,35,0.6960963152134257
60,2,34,37,0.7250811822334746
60,2,35,41,0.8229897463572585
60,2,36,32,0.8326334733053389
60,2,37,38,0.8195893926432849
60,2,38,35,0.689807976366322
60,2,39,41,0.582909460834181
60,2,40,38,0.9329416029150848
60,2,41,37,0.6926999854291126
60,2,42,39,0.7655805124960455
60,2,43,37,0.6492890995260664
60,2,44,43,0.7193784683684795
60,2,45,37,0.8638259589433221
60,2,46,37,0.7445565586829528
60,2,47,40,0.7785079712790556
60,2,48,37,0.5634377276037873
60,2,49,41,0.7516489433301925
60,3,4,41,0.7412138961825894
60,3,5,39,0.7223679280629449
60,3,6,39,0.6403785488958991
60,3,7,38,0.7351905533991713
60,3,8,36,0.6365105008077544
60,3,9,35,0.7875433584982656
60,3,10,35,0.7630174451023606
60,3,11,40,0.6380090497737556
60,3,12,39,0.6519648408669008
60,3,13,34,0.7182674199623352
60,3,14,37,0.7401900041305246
60,3,15,37,0.6188589540412044
60,3,16,44,0.720849844026642
60,3,17,37,0.7889160554197229
60,3,18,38,0.8003327111904569
60,3,19,37,0.7046854214908607
60,3,20,38,0.8254187246488783
60,3,21,42,0.6248774643285046
60,3,22,37,0.8960430812456099
60,3,23,40,0.8845726970033296
60,3,24,37,0.7601169541082249
60,3,25,38,0.7286238177957923
60,3,26,38,0.8121024215534292
60,3,27,38,0.5705920761631949
60,3,28,39,0.7863419075802413
60,3,29,37,0.5835209365150833
60,3,30,40,0.7338220424671386
60,3,31,34,0.6887440183091754
60,3,32,37,0.9638789456557111
60,3,33,44,0.5899964858849713
60,3,34,35,0.6716753682244577
60,3,35,38,0.7085845643653904
60,3,36,39,0.6948905109489051
60,3,37,40,0.8607284970921335
60,3,38,39,0.5376263571695994
60,3,39,36,0.6728971962616822
60,3,40,36,0.680235509085372
60,3,41,41,0.7968900509150957
60,3,42,36,0.7493823541727733
60,3,43,35,0.8979124964255075
60,3,44,37,0.737926593689633
60,3,45,43,0.8167914593497899
60,3,46,37,0.6616885096007314
60,3,47,41,0.8501063546929009
60,3,48,39,0.6830624465355004
60,3,49,36,0.7479663955194026
60,4,5,38,0.7836637798390996
60,4,6,39,0.887398241615109
60,4,7,40,0.9316987740805605
60,4,8,36,0.6264453009190631
60,4,9,37,0.5858407079646017
60,4,10,39,0.5018541409147095
60,4,11,37,0.531129476584022
60,4,12,39,0.6674586204165677
60,4,13,35,0.768253587799982
60,4,14,40,0.662962962962963
60,4,15,38,0.688498301436921
60,4,16,38,0.8139350228280289
60,4,17,36,0.7072330654420207
60,4,18,36,0.6242896232372133
60,4,19,34,0.687186349949816
60,4,20,39,0.772051434548102
60,4,21,43,0.7448503856912775
60,4,22,39,0.640877649028506
60,4,23,40,0.6404255319148936
60,4,24,37,0.6052672267175179
60,4,25,34,0.8229885057471265
60,4,26,37,0.8554059921841077
60,4,27,37,0.5313413445924001
60,4,28,37,0.5999199038846615
60,4,29,36,0.6727183244928091
60,4,30,43,0.8941408173313639
60,4,31,39,0.7780297843204382
60,4,32,42,0.7183010618363522
60,4,33,37,0.7575360419397117
60,4,34,38,0.598394419555609
60,4,35,40,0.6837837837837838
60,4,36,41,0.8868184955141477
60,4,37,38,0.6387832699619772
60,4,38,40,0.7785439059014398
60,4,39,42,0.632980293143588
60,4,40,36,0.6267140680548502
60,4,41,42,0.7020537124802527
60,4,42,40,0.6124116607773852
60,4,43,36,0.8386860779866852
60,4,44,35,0.6728971962616822
60,4,45,39,0.8035293424463823
60,4,46,37,0.7245657568238213
60,4,47,38,0.7622961479439228
60,4,48,42,0.8567353633316694
60,4,49,41,0.779250933808931
60,5,6,40,0.7719774483190646
60,5,7,41,0.7675819309123117
60,5,8,38,0.6993156544054747
60,5,9,36,0.7697368421052632
60,5,10,38,0.8607300282303997
60,5,11,40,0.7348848368522073
60,5,12,38,0.6291441788743254
60,5,13,39,0.6294205901264557
60,5,14,38,0.7456814687528263
60,5,15,42,0.8073394495412844
60,5,16,40,0.7870322469391274
60,5,17,41,0.7120196669495742
60,5,18,37,0.6459474932526376
60,5,19,35,0.5701606522412191
60,5,20,36,0.788397869583993
60,5,21,41,0.531144894389883
60,5,22,39,0.7782809040314377
60,5,23,37,0.8057931570762052
60,5,24,41,0.7740094676091045
60,5,25,40,0.8462933039057265
60,5,26,35,0.7387317577166473
60,5,27,38,0.6994290888056135
60,5,28,40,0.7300944669365722
60,5,29,38,0.7761988828755825
60,5,30,37,0.7285940683721983
60,5,31,41,0.8774086378737541
60,5,32,38,0.8003732100117642
60,5,33,39,0.718181614801226
60,5,34,36,0.72
60,5,35,36,0.8720942036341488
60,5,36,40,0.8266666666666667
60,5,37,41,0.7239057239057239
60,5,38,40,0.6617386162034299
60,5,39,35,0.6124283480979676
60,5,40,33,0.7526766595289079
60,5,41,41,0.6866068461282818
60,5,42,37,0.8190709046454768
60,5,43,36,0.7926267281105991
60,5,44,36,0.8540239946449719
60,5,45,36,0.776
60,5,46,39,0.7065191561270562
60,5,47,36,0.7333069932832872
60,5,48,36,0.6272991287512101
60,5,49,42,0.5889835075994395
60,6,7,38,0.8884126984126984
60,6,8,35,0.5557859809207798
60,6,9,42,0.6670830730793255
60,6,10,38,0.6194816723320414
60,6,11,37,0.5409836065573771
60,6,12,35,0.8231797919762258
60,6,13,35,0.7336891031158547
60,6,14,39,0.6877077967689066
60,6,15,36,0.7193406733278177
60,6,16,41,0.659468438538206
60,6,17,39,0.8293151105651105
60,6,18,39,0.8738254825776691
60,6,19,37,0.6398053001622499
60,6,20,39,0.9315068493150684
60,6,21,36,0.5668614644207631
60,6,22,39,0.5385094457130994
60,6,23,38,0.9057317818138475
60,6,24,38,0.7396847228099873
60,6,25,42,0.9284800558204442
60,6,26,36,0.7397326852976914
60,6,27,38,0.7409783480352847
60,6,28,36,0.5501036627505184
60,6,29,38,0.7638788925675352
60,6,30,39,0.6599221789883268
60,6,31,39,0.8372761573935438
60,6,32,37,0.8271435986975603
60,6,33,33,0.6214574898785425
60,6,34,40,0.7972648752399232
60,6,35,39,0.6296851574212894
60,6,36,43,0.8912157413914266
60,6,37,39,0.7004244996967859
60,6,38,40,0.7152245345016429
60,6,39,38,0.7396434051108407
60,6,40,38,0.7217043941411452
60,6,41,37,0.6260527793374508
60,6,42,39,0.6275134048257373
60,6,43,41,0.823828125
60,6,44,39,0.8218375259219187
60,6,45,33,0.7590226091841034
60,6,46,36,0.722733456029447
60,6,47,37,0.8717045517089548
60,6,48,38,0.7414585708506491
60,6,49,42,0.8106051783704049
60,7,8,38,0.8793040956868431
60,7,9,38,0.6799765884112636
60,7,10,40,0.742777997625643
60,7,11,39,0.6304681733857294
60,7,12,37,0.601742696053306
60,7,13,38,0.7257007906355889
60,7,14,38,0.7950693374422187
60,7,15,38,0.7258119035856366
60,7,16,37,0.6651162790697674
60,7,17,37,0.8825448613376835
60,7,18,35,0.6782479383533865
60,7,19,34,0.7597588694535033
60,7,20,38,0.8052708638360175
60,7,21,41,0.6513605442176871
60,7,22,39,0.7671232876712328
60,7,23,37,0.761254292290857
60,7,24,35,0.8060625814863103
60,7,25,39,0.8703260806159948
60,7,26,41,0.7480630510285867
60,7,27,38,0.7325229789534814
60,7,28,40,0.6308396946564886
60,7,29,38,0.7301473057914687
60,7,30,40,0.7941137653424838
60,7,31,36,0.8830796966965374
60,7,32,40,0.7987875661034438
60,7,33,36,0.5910245554614734
60,7,34,33,0.8074242178635112
60,7,35,38,0.8409562233701595
60,7,36,39,0.9085846213496414
60,7,37,34,0.6048161966135303
60,7,38,35,0.891264619883041
60,7,39,40,0.7349484288798273
60,7,40,35,0.6252204585537919
60,7,41,41,0.7625212947189097
60,7,42,37,0.7559310265015623
60,7,43,42,0.8661536667832576
60,7,44,39,0.8025513772774207
60,7,45,37,0.8586641972450515
60,7,46,38,0.9086039678618789
60,7,47,36,0.9022649705243562
60,7,48,36,0.7875354107648725
60,7,49,41,0.7842773135252243
60,8,9,37,0.770254287403903
60,8,10,36,0.7291986490635555
60,8,11,38,0.8690448470171843
60,8,12,36,0.6232339089481946
60,8,13,38,0.7432536622976099
60,8,14,37,0.6884253398646045
60,8,15,35,0.7828106852497096
60,8,16,37,0.6830540037243947
60,8,17,37,0.7557115908614547
60,8,18,40,0.6680020030045067
60,8,19,40,0.8320413436692506
60,8,20,38,0.750762249166844
60,8,21,37,0.4495193779464887
60,8,22,41,0.7905027932960894
60,8,23,37,0.8647291258909118
60,8,24,39,0.9048576931307512
60,8,25,36,0.7688660608455156
60,8,26,42,0.8244522001942935
60,8,27,35,0.5578598932648787
60,8,28,42,0.6653080937179744
60,8,29,43,0.6900876727715204
60,8,30,36,0.8548812664907651
60,8,31,35,0.7810944053371269
60,8,32,39,0.8851340877383351
60,8,33,39,0.5895915813657716
60,8,34,40,0.6089735555834065
60,8,35,38,0.8338285945836429
60,8,36,35,0.8298833485818847
60,8,37,37,0.8624409051269105
60,8,38,41,0.7232534593317583
60,8,39,41,0.6527029108270445
60,8,40,41,0.8969479353680431
60,8,41,37,0.7836842959995669
60,8,42,44,0.9002600688831096
60,8,43,39,0.5725756212362428
60,8,44,38,0.7939262472885033
60,8,45,41,0.901389631213255
60,8,46,38,0.8407941420699027
60,8,47,37,0.8728414442700158
60,8,48,37,0.6162187647336163
60,8,49,40,0.7556931240327216
60,9,10,36,0.6949152542372882
60,9,11,41,0.7547553535111855
60,9,12,35,0.6661757486499754
60,9,13,38,0.7175839497128813
60,9,14,36,0.625914119632477
60,9,15,36,0.655280231376534
60,9,16,37,0.7341954022988506
60,9,17,35,0.6869874671205323
60,9,18,35,0.8395967002749771
60,9,19,40,0.7008743672342383
60,9,20,37,0.927536231884058
60,9,21,42,0.5780843605111388
60,9,22,40,0.7574303611888578
60,9,23,38,0.9253341830154612
60,9,24,37,0.6486536079636681
60,9,25,37,0.7763224181360201
60,9,26,37,0.9363004527195052
60,9,27,39,0.7657188626351622
60,9,28,34,0.7319978343259339
60,9,29,39,0.6999213892660616
60,9,30,41,0.8900268227261644
60,9,31,40,0.8266785177081909
60,9,32,38,0.8035581222056631
60,9,33,33,0.6533808496670731
60,9,34,37,0.6886309883944778
60,9,35,39,0.8596373404969778
60,9,36,43,0.7890524141492383
60,9,37,37,0.8808757244043787
60,9,38,41,0.6320630749014454
60,9,39,36,0.5418484728282428
60,9,40,38,0.8018730895137338
60,9,41,34,0.805505477742338
60,9,42,38,0.9017836352628883
60,9,43,38,0.6134344340578242
60,9,44,35,0.7944186046511628
60,9,45,40,0.6209470492185678
60,9,46,39,0.6898589260654405
60,9,47,41,0.9131884710054786
60,9,48,37,0.6509433962264151
60,9,49,39,0.7945661214305517
60,10,11,43,0.9206572357437836
60,10,12,37,0.6755966877739893
60,10,13,36,0.5717060537390741
60,10,14,37,0.936234381732012
60,10,15,39,0.6807934521733779
60,10,16,38,0.5580629078060306
60,10,17,35,0.7961048603575304
60,10,18,37,0.681149012567325
60,10,19,37,0.626703640332763
60,10,20,39,0.8010926718352781
60,10,21,36,0.49207202364955654
60,10,22,39,0.7587105177466623
60,10,23,42,0.8024957562967381
60,10,24,38,0.950147736674152
60,10,25,39,0.8009364086425912
60,10,26,41,0.6093170989941769
60,10,27,38,0.6121878562759737
60,10,28,34,0.6372584237373374
60,10,29,33,0.6533808496670731
60,10,30,40,0.5944201391379187
60,10,31,41,0.7309269893355209
60,10,32,37,0.6900739913444087
60,10,33,35,0.7339089751969452
60,10,34,35,0.7413268411442483
60,10,35,38,0.862847109319113
60,10,36,38,0.7774788320012661
60,10,37,40,0.7591477535896248
60,10,38,37,0.6066445182724253
60,10,39,39,0.7420391948067905
60,10,40,36,0.6390977443609023
60,10,41,38,0.75073868337076
60,10,42,37,0.7766599597585513
60,10,43,38,0.7912501237256261
60,10,44,39,0.8965921460269614
60,10,45,34,0.7458745874587459
60,10,46,34,0.8526398739164697
60,10,47,38,0.8145689541477997
60,10,48,39,0.6194796302636083
60,10,49,38,0.7964451967837495
60,11,12,36,0.6968030250945342
60,11,13,36,0.5073891625615764
60,11,14,37,0.6275762901421953
60,11,15,38,0.6842689989362959
60,11,16,40,0.678296468287914
60,11,17,35,0.70636049583418
60,11,18,39,0.7487892289810151
60,11,19,33,0.7418772563176895
60,11,20,38,0.6945771949919033
60,11,21,39,0.44516384778012685
60,11,22,41,0.6502050861361772
60,11,23,39,0.772869695524828
60,11,24,39,0.772051434548102
60,11,25,37,0.6929982046678635
60,11,26,38,0.7630222964187682
60,11,27,37,0.5314183123877917
60,11,28,38,0.6292585170340681
60,11,29,36,0.5575152177306072
60,11,30,35,0.8075990299110751
60,11,31,42,0.8143676426199818
60,11,32,40,0.6911196911196911
60,11,33,40,0.7269511386248065
60,11,34,37,0.6267917182799505
60,11,35,40,0.8854737666405639
60,11,36,43,0.6564449855425354
60,11,37,37,0.852017937219731
60,11,38,38,0.59334523779583
60,11,39,39,0.6511942039663535
60,11,40,39,0.8792530308955807
60,11,41,36,0.7550136103549803
60,11,42,39,0.8341511285574092
60,11,43,40,0.60936521848003
60,11,44,36,0.7893410154843357
60,11,45,36,0.7637854321851723
60,11,46,35,0.7829611316013456
60,11,47,39,0.8563573883161512
60,11,48,36,0.6369922212618842
60,11,49,39,0.6970151287992368
60,12,13,33,0.4056872037914692
60,12,14,38,0.5336055116101046
60,12,15,38,0.5667180277349769
60,12,16,37,0.5567800670819358
60,12,17,37,0.711641500243546
60,12,18,39,0.8097805159799769
60,12,19,41,0.6317269389986722
60,12,20,36,0.7831325301204819
60,12,21,40,0.5603669439477571
60,12,22,38,0.6043691803949657
60,12,23,35,0.8445076802462325
60,12,24,37,0.7905660377358491
60,12,25,37,0.7023463687150838
60,12,26,36,0.7828162291169452
60,12,27,37,0.691470264636053
60,12,28,37,0.581219870048208
60,12,29,34,0.42652190771616905
60,12,30,37,0.5899932840832773
60,12,31,37,0.5630223081704537
60,12,32,40,0.8179140928027582
60,12,33,40,0.6521668626099647
60,12,34,41,0.5707705192629816
60,12,35,40,0.7681007345225603
60,12,36,36,0.6218487394957983
60,12,37,42,0.906211704474279
60,12,38,38,0.577805952222074
60,12,39,41,0.6526895383312156
60,12,40,38,0.5320522096489451
60,12,41,42,0.8037727248821024
60,12,42,39,0.8144252441773103
60,12,43,37,0.6140025501333024
60,12,44,34,0.6889166146808068
60,12,45,36,0.6390446897050841
60,12,46,39,0.7264910871311635
60,12,47,39,0.8119332733439468
60,12,48,37,0.5264360810604907
60,12,49,33,0.6559241706161137
60,13,14,41,0.731480133896085
60,13,15,39,0.5807689469411852
60,13,16,37,0.6578206674708484
60,13,17,40,0.7308694985431682
60,13,18,36,0.5290071770334929
60,13,19,37,0.6630811012300974
60,13,20,39,0.7146097226977063
60,13,21,37,0.5428678397603893
60,13,22,35,0.638215398647108
60,13,23,36,0.765413710657312
60,13,24,39,0.5560025679435052
60,13,25,36,0.8267445857683052
60,13,26,36,0.8361153262518968
60,13,27,39,0.6200233831764199
60,13,28,38,0.6454994056838238
60,13,29,42,0.7279457125231339
60,13,30,39,0.7724288840262582
60,13,31,41,0.7786544850498339
60,13,32,37,0.673579941185575
60,13,33,38,0.6683766731528982
60,13,34,36,0.6723213571257102
60,13,35,37,0.7710651828298887
60,13,36,36,0.7764371894960965
60,13,37,40,0.6225218610239637
60,13,38,36,0.5160582339600556
60,13,39,32,0.6530348687042618
60,13,40,36,0.7400990099009901
60,13,41,35,0.6074436294485194
60,13,42,36,0.825
60,13,43,38,0.6403540185194659
60,13,44,42,0.7553282182438192
60,13,45,39,0.7293546148507981
60,13,46,41,0.575150498371657
60,13,47,39,0.8127077946065755
60,13,48,40,0.6682262866865164
60,13,49,41,0.7897435897435897
60,14,15,39,0.6301472423259297
60,14,16,40,0.4390016328434803
60,14,17,41,0.7957353527301714
60,14,18,38,0.7027880999532721
60,14,19,37,0.47012345679012346
60,14,20,41,0.729759419971438
60,14,21,39,0.4614134849715678
60,14,22,35,0.7829734461628246
60,14,23,35,0.730016956033721
60,14,24,39,0.68992
60,14,25,39,0.8301108139090562
60,14,26,35,0.5956000715435521
60,14,27,40,0.6129306678009357
60,14,28,38,0.4944212710871843
60,14,29,38,0.7218901098901099
60,14,30,38,0.6518767950876498
60,14,31,41,0.7220069740410694
60,14,32,41,0.7283661196616044
60,14,33,37,0.5480616038236856
60,14,34,40,0.7852718513420509
60,14,35,40,0.9077578051087984
60,14,36,36,0.8750743604997026
60,14,37,34,0.6371280724450195
60,14,38,39,0.767995901289386
60,14,39,40,0.5421744984980837
60,14,40,40,0.485405837664934
60,14,41,43,0.6431112165046241
60,14,42,39,0.6497695852534562
60,14,43,42,0.7146171693735499
60,14,44,39,0.8967247386759581
60,14,45,35,0.7346011921657678
60,14,46,42,0.881042139544064
60,14,47,39,0.8508020313653549
60,14,48,35,0.7738674369109152
60,14,49,38,0.6172918934969811
60,15,16,36,0.49593279103880517
60,15,17,42,0.7797515845720945
60,15,18,34,0.7330820188119899
60,15,19,38,0.6592628495564031
60,15,20,35,0.6144329896907217
60,15,21,40,0.4120026476428624
60,15,22,36,0.45853029651912336
60,15,23,35,0.681665868836764
60,15,24,38,0.6800320769847634
60,15,25,41,0.7240915208613729
60,15,26,34,0.7458745874587459
60,15,27,35,0.3668288233505625
60,15,28,39,0.5733532934131736
60,15,29,35,0.6836308393467527
60,15,30,37,0.5168842863574966
60,15,31,39,0.7145608628659477
60,15,32,38,0.845575959933222
60,15,33,39,0.7565525297510404
60,15,34,35,0.40218806980984634
60,15,35,40,0.6403688524590164
60,15,36,38,0.661298093468236
60,15,37,37,0.7033218785796106
60,15,38,37,0.46849028565138423
60,15,39,35,0.6783349101229896
60,15,40,35,0.6375634517766497
60,15,41,38,0.7087608139393201
60,15,42,40,0.7061778001004521
60,15,43,41,0.7851753528014531
60,15,44,37,0.8110394635027083
60,15,45,38,0.7359516616314199
60,15,46,42,0.8242107021549084
60,15,47,37,0.5316455696202531
60,15,48,36,0.5844748858447488
60,15,49,37,0.43966346153846153
60,16,17,34,0.612173684037265
60,16,18,34,0.5775072172712439
60,16,19,43,0.748136315228967
60,16,20,41,0.6884988210636626
60,16,21,38,0.7333907946905706
60,16,22,37,0.6667536875081582
60,16,23,37,0.8219802481640922
60,16,24,41,0.6870229007633588
60,16,25,37,0.704
60,16,26,40,0.9449916547168481
60,16,27,37,0.7427246973989183
60,16,28,43,0.7483277591973244
60,16,29,35,0.6909090909090909
60,16,30,40,0.8429654192325912
60,16,31,36,0.8830424866069061
60,16,32,35,0.6981645452868475
60,16,33,33,0.9293219998661402
60,16,34,36,0.5939413470834676
60,16,35,41,0.5984820663483903
60,16,36,38,0.7351905533991713
60,16,37,40,0.7432943886786243
60,16,38,39,0.6304097605893186
60,16,39,37,0.5056902523503216
60,16,40,39,0.7564102564102564
60,16,41,38,0.6098859315589353
60,16,42,36,0.7229551451187335
60,16,43,35,0.5128172828620017
60,16,44,36,0.7125710675931776
60,16,45,42,0.7915001816200509
60,16,46,37,0.578504210004953
60,16,47,38,0.7615691890262285
60,16,48,36,0.7054009819967266
60,16,49,34,0.7685362716307065
60,17,18,37,0.8883861236802413
60,17,19,33,0.7483917083631165
60,17,20,38,0.8369150304743025
60,17,21,36,0.36124911284599004
60,17,22,37,0.6492890995260664
60,17,23,37,0.8652912621359223
60,17,24,38,0.8793040956868431
60,17,25,39,1.0
60,17,26,34,0.7230594999564423
60,17,27,37,0.6696428571428571
60,17,28,37,0.6350951528655441
60,17,29,38,0.5769685083242327
60,17,30,35,0.6150113231963765
60,17,31,41,0.808631337067356
60,17,32,41,0.8858080089125456
60,17,33,37,0.6151136551268644
60,17,34,38,0.7301473057914687
60,17,35,41,0.7106202773395334
60,17,36,37,0.8604651162790697
60,17,37,36,0.7820069204152249
60,17,38,39,0.6808196418681928
60,17,39,42,0.9281462111939468
60,17,40,37,0.6278384556769113
60,17,41,38,0.777222533700607
60,17,42,40,0.7913064954309706
60,17,43,38,0.8800429027618653
60,17,44,43,0.7923565121412803
60,17,45,38,0.8989091805501346
60,17,46,39,0.7437818399760263
60,17,47,35,0.826328079392878
60,17,48,35,0.6161290322580645
60,17,49,42,0.6331718555220678
60,18,19,38,0.5320522096489451
60,18,20,37,0.8728414442700158
60,18,21,37,0.43245917862444333
60,18,22,39,0.6511896610749743
60,18,23,41,0.946867102961187
60,18,24,36,0.7700841808184516
60,18,25,40,0.8114803625377643
60,18,26,37,0.7606325625973404
60,18,27,40,0.5867514356029533
60,18,28,41,0.6886649178517189
60,18,29,35,0.5128172828620017
60,18,30,35,0.5541735351416155
60,18,31,36,0.7757608115323011
60,18,32,36,0.8478461335792385
60,18,33,39,0.7066740558942285
60,18,34,41,0.731431274791659
60,18,35,35,0.7238124709887049
60,18,36,40,0.76775956284153
60,18,37,36,0.8520325203252033
60,18,38,39,0.5546875
60,18,39,36,0.7937710437710438
60,18,40,38,0.7084197428452924
60,18,41,39,0.8248502994011976
60,18,42,34,0.7916821388785741
60,18,43,37,0.6140696528944776
60,18,44,40,0.7174149318618844
60,18,45,34,0.6237955740655773
60,18,46,38,0.7382725241995532
60,18,47,34,0.8445552784704904
60,18,48,38,0.4837898578135778
60,18,49,39,0.7724288840262582
60,19,20,38,0.4965728900255755
60,19,21,37,0.6756844497348772
60,19,22,36,0.4090518252169155
60,19,23,32,0.7351235886481537
60,19,24,42,0.7282247433017064
60,19,25,38,0.7689146989535967
60,19,26,39,0.8901082604182114
60,19,27,38,0.43322670411692804
60,19,28,39,0.6302190185749931
60,19,29,38,0.47936944561997463
60,19,30,39,0.8526169233392056
60,19,31,37,0.8293182983085597
60,19,32,35,0.8246492985971944
60,19,33,39,0.6686368673808645
60,19,34,38,0.3809803346052245
60,19,35,37,0.5527199462726662
60,19,36,37,0.5971524288107203
60,19,37,38,0.7828571428571428
60,19,38,38,0.6829429628070598
60,19,39,37,0.7447373076242703
60,19,40,38,0.7058987588899736
60,19,41,34,0.6709083525111683
60,19,42,36,0.8830424866069061
60,19,43,37,0.6061502069781195
60,19,44,38,0.684242388735915
60,19,45,40,0.8533333333333334
60,19,46,39,0.6548294286888615
60,19,47,37,0.7557115908614547
60,19,48,40,0.7966025927581583
60,19,49,32,0.743945935798761
60,20,21,38,0.6288635054712997
60,20,22,34,0.790687262144616
60,20,23,41,0.919823219977707
60,20,24,36,0.8081315669255368
60,20,25,37,0.8936272160996646
60,20,26,35,0.7598870056497176
60,20,27,37,0.8325511230305062
60,20,28,36,0.7087732957033721
60,20,29,37,0.69278951201748
60,20,30,38,0.777131987741731
60,20,31,38,0.8313986953184958
60,20,32,37,0.7613443476292859
60,20,33,34,0.6472648881703045
60,20,34,33,0.857707509881423
60,20,35,41,0.8460334845877014
60,20,36,36,0.8955322878665846
60,20,37,38,0.8572216097023153
60,20,38,36,0.7834158415841584
60,20,39,39,0.6808196418681928
60,20,40,38,0.7433369843008397
60,20,41,42,0.7747514679379106
60,20,42,41,0.7208242051039138
60,20,43,42,0.7740824559677261
60,20,44,37,0.7824111200213847
60,20,45,37,0.7607758620689655
60,20,46,38,0.7347903724755414
60,20,47,38,0.9160339208626955
60,20,48,35,0.6494845360824743
60,20,49,38,0.9009161381254405
60,21,22,41,0.5897948974487244
60,21,23,34,0.6358002832861189
60,21,24,34,0.43573532581363605
60,21,25,39,0.8040719196192491
60,21,26,36,0.8721461187214612
60,21,27,38,0.6160168543709522
60,21,28,40,0.5865139949109415
60,21,29,39,0.6296851574212894
60,21,30,41,0.7497307001795332
60,21,31,38,0.5274648455354503
60,21,32,38,0.5932224710055599
60,21,33,39,0.6506794564348521
60,21,34,38,0.5055942714660188
60,21,35,36,0.5824274882019195
60,21,36,42,0.6642776240785785
60,21,37,35,0.6486319282359889
60,21,38,40,0.47582602202725405
60,21,39,37,0.6173752310536045
60,21,40,39,0.5438652648166843
60,21,41,41,0.662488306828812
60,21,42,38,0.6708874869028245
60,21,43,38,0.5982494661172436
60,21,44,33,0.5159581692245009
60,21,45,43,0.6784283467370983
60,21,46,36,0.597105351733423
60,21,47,35,0.7078013189280202
60,21,48,39,0.5760008859848275
60,21,49,39,0.6660992339658539
60,22,23,38,0.8524715264131866
60,22,24,38,0.819597108763526
60,22,25,38,0.6404092071611254
60,22,26,40,0.8277982779827798
60,22,27,42,0.7630288017873622
60,22,28,41,0.7556892344361841
60,22,29,37,0.6501225796767899
60,22,30,36,0.739504791555188
60,22,31,37,0.7349537745668279
60,22,32,43,0.902328222600795
60,22,33,38,0.5378293979071933
60,22,34,40,0.7725505443234837
60,22,35,38,0.7457389574573896
60,22,36,40,0.7558011049723757
60,22,37,35,0.966975634123328
60,22,38,42,0.64237651398096
60,22,39,34,0.7113169457309109
60,22,40,39,0.7168513565150936
60,22,41,37,0.7424593967517401
60,22,42,38,0.831277300436807
60,22,43,38,0.640538995999639
60,22,44,37,0.6278384556769113
60,22,45,36,0.6595646132468735
60,22,46,36,0.5906902086677368
60,22,47,37,0.8952830188679245
60,22,48,36,0.4317718940936864
60,22,49,40,0.7618876598189915
60,23,24,40,0.8641706573791903
60,23,25,38,0.944644797555867
60,23,26,37,0.8507395786642761
60,23,27,40,0.8351238436287676
60,23,28,35,0.8055742431523306
60,23,29,36,0.7330621583831194
60,23,30,38,0.7760025490463835
60,23,31,36,0.7800961836798014
60,23,32,41,0.8810674917810868
60,23,33,34,0.6859212909599868
60,23,34,39,0.8076900041923699
60,23,35,39,0.7944641527613542
60,23,36,37,0.7926729363961071
60,23,37,37,0.9474058280028429
60,23,38,37,0.5858407079646017
60,23,39,37,0.7821215343093154
60,23,40,36,0.7959266307648702
60,23,41,36,0.8253119429590018
60,23,42,38,0.8652529230340309
60,23,43,37,0.7702089905362776
60,23,44,44,0.7973094993954791
60,23,45,34,0.8380592872210503
60,23,46,35,0.7587511825922422
60,23,47,40,0.9145205479452054
60,23,48,35,0.7076923076923077
60,23,49,40,0.8583514933982823
60,24,25,38,0.8650412747168362
60,24,26,41,0.7362556574080455
60,24,27,40,0.7785169560279085
60,24,28,41,0.7118425676467143
60,24,29,39,0.6917509047797329
60,24,30,35,0.6880733944954128
60,24,31,37,0.7011391094235416
60,24,32,37,0.7827977562290733
60,24,33,39,0.5192509899550326
60,24,34,39,0.76288
60,24,35,35,0.7494912637709634
60,24,36,36,0.8157977598848455
60,24,37,41,0.8954663452623771
60,24,38,38,0.6763020566867901
60,24,39,34,0.9359905678317423
60,24,40,39,0.7655805124960455
60,24,41,38,0.7540171722337362
60,24,42,37,0.8456010200533209
60,24,43,38,0.739849862550222
60,24,44,37,0.8405935854475826
60,24,45,38,0.8734063242814953
60,24,46,41,0.7988552739165985
60,24,47,37,0.9228005100266605
60,24,48,36,0.5961538461538461
60,24,49,39,0.5951604659769831
60,25,26,42,0.7977132116845486
60,25,27,42,0.7908942246976345
60,25,28,37,0.6283482142857143
60,25,29,35,0.7727754911528832
60,25,30,35,0.6482758620689655
60,25,31,38,0.8607231302625062
60,25,32,35,0.828458852548291
60,25,33,38,0.71154184333418
60,25,34,41,0.691100868640312
60,25,35,36,0.6877368942795499
60,25,36,41,0.8318933958119783
60,25,37,38,0.7626983139979036
60,25,38,36,0.7440465029064317
60,25,39,35,0.9163189723876048
60,25,40,36,0.6586206896551724
60,25,41,40,0.778273419050118
60,25,42,37,0.7405234450199386
60,25,43,36,0.8314606741573034
60,25,44,41,0.9430048932384342
60,25,45,39,0.833595328991691
60,25,46,42,0.7736315355897149
60,25,47,37,0.889990089197225
60,25,48,36,0.7629669443697931
60,25,49,33,0.8669438669438669
60,26,27,39,0.7490201770939179
60,26,28,42,0.7111061402527682
60,26,29,39,0.6925366672078801
60,26,30,41,0.8830385524492623
60,26,31,35,0.9072692864299232
60,26,32,38,0.8860098586068232
60,26,33,36,0.844066423653301
60,26,34,38,0.7389528406981062
60,26,35,36,0.7801729151320126
60,26,36,37,0.7623568835520804
60,26,37,43,0.8732706469793106
60,26,38,36,0.8449718379176464
60,26,39,39,0.6077831219938784
60,26,40,41,0.8653496362166532
60,26,41,41,0.7972209138012247
60,26,42,40,0.8351648351648352
60,26,43,36,0.6392187594188921
60,26,44,40,0.7951876253222573
60,26,45,39,0.8462591808788746
60,26,46,36,0.701067615658363
60,26,47,38,0.9591872278664731
60,26,48,39,0.7381493260639104
60,26,49,36,0.8672426509324623
60,27,28,36,0.6851574212893553
60,27,29,41,0.7066039664690248
60,27,30,37,0.656833698312508
60,27,31,34,0.790734109221128
60,27,32,39,0.5882293508461732
60,27,33,35,0.5866620354289684
60,27,34,40,0.7785439059014398
60,27,35,32,0.6630434782608695
60,27,36,37,0.6926999854291126
60,27,37,38,0.7775440686484374
60,27,38,37,0.6798846431146359
60,27,39,40,0.7341608667575519
60,27,40,40,0.5637583892617449
60,27,41,38,0.6526950778751398
60,27,42,31,0.8100490196078431
60,27,43,39,0.6751574721395446
60,27,44,42,0.6934448063507972
60,27,45,38,0.4940261983590039
60,27,46,34,0.3448084088760358
60,27,47,39,0.9375978980344601
60,27,48,38,0.4920978957825341
60,27,49,37,0.8329667785623336
60,28,29,38,0.5789529312288614
60,28,30,36,0.6617268041237113
60,28,31,37,0.5970774385703649
60,28,32,38,0.7222035213019743
60,28,33,38,0.6401287082855959
60,28,34,39,0.6302395209580839
60,28,35,35,0.8128342245989305
60,28,36,40,0.6226757369614513
60,28,37,35,0.7828175129195243
60,28,38,36,0.4671294405879951
60,28,39,37,0.4747892946917049
60,28,40,40,0.5973803916508049
60,28,41,40,0.6629074744813961
60,28,42,40,0.6463012787569152
60,28,43,38,0.6471428571428571
60,28,44,36,0.6091962935680223
60,28,45,41,0.7253101736972705
60,28,46,41,0.6049046321525886
60,28,47,36,0.6593893208382678
60,28,48,38,0.5433624705380176
60,28,49,37,0.7765365333754392
60,29,30,39,0.6948790896159317
60,29,31,33,0.7716262975778547
60,29,32,37,0.7471074380165289
60,29,33,37,0.5921508067522232
60,29,34,42,0.7145090237317039
60,29,35,35,0.7267996530789246
60,29,36,37,0.8646960231601402
60,29,37,39,0.5588569572982627
60,29,38,37,0.5266928193757462
60,29,39,41,0.6223206377325067
60,29,40,41,0.6140008742140479
60,29,41,34,0.49557522123893805
60,29,42,39,0.5592994401263305
60,29,43,38,0.791883090669322
60,29,44,38,0.71154184333418
60,29,45,38,0.6390799876784065
60,29,46,37,0.6265420560747663
60,29,47,41,0.8005577895965754
60,29,48,35,0.4127695110841178
60,29,49,41,0.6866485013623979
60,30,31,38,0.7839735255879919
60,30,32,37,0.7765541740674956
60,30,33,36,0.7891457700427372
60,30,34,35,0.6073826805884408
60,30,35,39,0.8580505092429999
60,30,36,39,0.7981063960220693
60,30,37,41,0.7475139129641456
60,30,38,40,0.9472972972972973
60,30,39,36,0.5744550199570156
60,30,40,39,0.8990394441038217
60,30,41,34,0.6585722110644513
60,30,42,39,0.8759382760833775
60,30,43,36,0.5362776025236593
60,30,44,36,0.6803472770323599
60,30,45,40,0.7402507923384318
60,30,46,38,0.7087040241791991
60,30,47,39,0.8967663039271838
60,30,48,41,0.905762291125566
60,30,49,41,0.7842639593908629
60,31,32,40,0.7058612268352248
60,31,33,39,0.7488013947406654
60,31,34,35,0.7973119445046607
60,31,35,41,0.7625698324022346
60,31,36,42,0.8774504095337914
60,31,37,36,0.8656716417910447
60,31,38,40,0.6930946291560103
60,31,39,35,0.652681503101058
60,31,40,38,0.7409109632102673
60,31,41,37,0.862453531598513
60,31,42,40,0.744875708678587
60,31,43,36,0.7084297520661157
60,31,44,39,0.8271806490304524
60,31,45,40,0.6984314014286767
60,31,46,40,0.7661449901061342
60,31,47,38,0.8410777040218664
60,31,48,39,0.7276903289030441
60,31,49,44,0.760582891547007
60,32,33,38,0.6199413036762434
60,32,34,37,0.616800920598389
60,32,35,37,0.7289009497964721
60,32,36,35,0.8492101483963619
60,32,37,39,0.9212695232457538
60,32,38,38,0.6963428681128816
60,32,39,41,0.7300613496932515
60,32,40,37,0.7656967840735069
60,32,41,39,0.8566027062834005
60,32,42,39,0.9180452196994834
60,32,43,42,0.7184266856938994
60,32,44,38,0.7256106329217938
60,32,45,35,0.8678952042628775
60,32,46,35,0.6783349101229896
60,32,47,36,0.8478594950603732
60,32,48,37,0.563945875163684
60,32,49,41,0.6792791748754201
60,33,34,40,0.5899669570441574
60,33,35,38,0.7482478129636261
60,33,36,41,0.6786395856052344
60,33,37,37,0.7141385526654649
60,33,38,37,0.5949452628733612
60,33,39,35,0.4574468085106383
60,33,40,39,0.6303317535545023
60,33,41,38,0.6842689989362959
60,33,42,39,0.70267016852703
60,33,43,37,0.6037644004543242
60,33,44,35,0.8617702698217783
60,33,45,38,0.584333098094566
60,33,46,38,0.5490447636312927
60,33,47,37,0.7424593967517401
60,33,48,41,0.5428758812920151
60,33,49,39,0.7220946040973232
60,34,35,38,0.7024338624338624
60,34,36,42,0.7539000797316203
60,34,37,38,0.7528455284552845
60,34,38,39,0.5438652648166843
60,34,39,39,0.6812731867304693
60,34,40,42,0.6646823189050851
60,34,41,38,0.6275963978029944
60,34,42,37,0.5046318209480019
60,34,43,39,0.8395756657285126
60,34,44,37,0.7500875569119928
60,34,45,35,0.5227156712608474
60,34,46,39,0.6834505738615327
60,34,47,40,0.8464701250984166
60,34,48,35,0.39740733238808995
60,34,49,34,0.8293172690763052
60,35,36,40,0.8671963677639046
60,35,37,36,0.7650594480761638
60,35,38,38,0.6653089293271265
60,35,39,39,0.5054656755574989
60,35,40,35,0.8482452560701897
60,35,41,37,0.7574654042243263
60,35,42,41,0.815278334000801
60,35,43,37,0.6834759117514633
60,35,44,38,0.8410041841004184
60,35,45,37,0.7600152613506296
60,35,46,39,0.9016924738926899
60,35,47,41,0.8722210679409932
60,35,48,37,0.6282652377762894
60,35,49,40,0.6858583736079008
60,36,37,37,0.7549167927382754
60,36,38,42,0.7568160295070527
60,36,39,33,0.7550607287449392
60,36,40,34,0.7519893899204244
60,36,41,36,0.6684908440328352
60,36,42,37,0.7293920463202803
60,36,43,36,0.7568932856240791
60,36,44,38,0.8011368993897922
60,36,45,38,0.7451975353388909
60,36,46,36,0.7743876235496348
60,36,47,38,0.9414459436948193
60,36,48,38,0.7357963365414467
60,36,49,41,0.8356669516887559
60,37,38,35,0.7821188135545477
60,37,39,38,0.7456814687528263
60,37,40,38,0.9446343345881834
60,37,41,40,0.9587912087912088
60,37,42,41,0.9365600049514142
60,37,43,33,0.52
60,37,44,35,0.7770382398601025
60,37,45,37,0.8194339008784297
60,37,46,38,0.6662842675738756
60,37,47,38,0.9050449111906531
60,37,48,38,0.756725252709225
60,37,49,34,0.8229811403189398
60,38,39,36,0.6264453009190631
60,38,40,35,0.8827190043082814
60,38,41,35,0.7077398077327907
60,38,42,37,0.8717045517089548
60,38,43,38,0.5179743363698697
60,38,44,37,0.575378195096505
60,38,45,41,0.6226415094339622
60,38,46,39,0.6274301675977654
60,38,47,38,0.7768372043807206
60,38,48,39,0.8458946843024707
60,38,49,40,0.7550251256281407
60,39,40,40,0.5571776155717761
60,39,41,39,0.6634724556065217
60,39,42,41,0.663671875
60,39,43,40,0.8696578518611355
60,39,44,39,0.6144264854141598
60,39,45,38,0.7770141679001903
60,39,46,34,0.5146459028550241
60,39,47,40,0.6776859504132231
60,39,48,38,0.532483316898663
60,39,49,36,0.5938977223893425
60,40,41,40,0.7844509948415622
60,40,42,40,0.8938816761253207
60,40,43,39,0.5484037316581502
60,40,44,37,0.6111516566924536
60,40,45,38,0.8496835443037974
60,40,46,33,0.7333822989349982
60,40,47,37,0.8793806030969845
60,40,48,39,0.6303580972741849
60,40,49,37,0.8670180903318557
60,41,42,39,0.8230236446142823
60,41,43,39,0.666015625
60,41,44,36,0.6919870310328856
60,41,45,35,0.8448095983307251
60,41,46,37,0.6550176117135161
60,41,47,39,0.8230082730766726
60,41,48,39,0.596166946727826
60,41,49,36,0.7625201938610663
60,42,43,40,0.5533972347103232
60,42,44,34,0.7867036011080333
60,42,45,40,0.7884762633996937
60,42,46,38,0.6995499912009453
60,42,47,41,0.9202068505338078
60,42,48,37,0.7251401016551544
60,42,49,38,0.7293840889649272
60,43,44,33,0.7996289424860853
60,43,45,37,0.7045544164037855
60,43,46,40,0.6930946291560103
60,43,47,38,0.6726578506239523
60,43,48,34,0.7431047236605728
60,43,49,38,0.6842689989362959
60,44,45,36,0.8642188173517771
60,44,46,36,0.9300038886728516
60,44,47,40,0.8927589367552704
60,44,48,37,0.5934065934065934
60,44,49,41,0.8414693088448526
60,45,46,40,0.8544776119402985
60,45,47,37,0.8111368909512761
60,45,48,37,0.7303019784796946
60,45,49,36,0.6595412513510268
60,46,47,39,0.7488378849506101
60,46,48,34,0.6710864565011501
60,46,49,35,0.6234317411861062
60,47,48,38,0.682173696821737
60,47,49,38,0.8705006815753601
60,48,49,39,0.5540737289616213
80,0,1,70,0.6762126940712734
80,0,2,68,0.8924774322968907
80,0,3,66,0.7135097834071634
80,0,4,67,0.6135764542661778
80,0,5,68,0.8437790504521584
80,0,6,69,0.753721200066302
80,0,7,68,0.7359479887222531
80,0,8,66,0.8492229181164463
80,0,9,68,0.7623243833104708
80,0,10,70,0.8272715231788079
80,0,11,66,0.8426562785318644
80,0,12,67,0.7533267069657998
80,0,13,66,0.8082882525671256
80,0,14,66,0.7105966162065895
80,0,15,66,0.8667410987669003
80,0,16,68,0.8954881073563778
80,0,17,68,0.7450752697937987
80,0,18,68,0.8794262425236861
80,0,19,68,0.8630209290283787
80,0,20,68,0.8808311253502846
80,0,21,69,0.6879936879667901
80,0,22,68,0.7743433906250476
80,0,23,67,0.7060926076360683
80,0,24,66,0.7707099585441273
80,0,25,67,0.7818183674233273
80,0,26,69,0.7868619833352081
80,0,27,68,0.7673841469452422
80,0,28,67,0.7804164775878586
80,0,29,67,0.9088106756445057
80,0,30,69,0.8253958305586675
80,0,31,67,0.6848777807351186
80,0,32,69,0.9000017050007673
80,0,33,69,0.8536918592002785
80,0,34,68,0.761730091575686
80,0,35,67,0.7650738106706713
80,0,36,68,0.7898065075708411
80,0,37,68,0.8707876364773588
80,0,38,68,0.8881242726306735
80,0,39,65,0.8428357757852399
80,0,40,66,0.8068778051709969
80,0,41,67,0.817920315306009
80,0,42,67,0.7437308489086021
80,0,43,67,0.8737199645218513
80,0,44,67,0.7616968991496104
80,0,45,68,0.7764623700623701
80,0,46,67,0.8824320320867801
80,0,47,69,0.7927812013272838
80,0,48,68,0.7569457691673483
80,0,49,67,0.6915844285177004
80,1,2,66,0.754475016701318
80,1,3,67,0.7453068881675574
80,1,4,68,0.6941178024416337
80,1,5,67,0.6187145026148568
80,1,6,68,0.8342301903124126
80,1,7,69,0.7712913481701955
80,1,8,67,0.7488252486341902
80,1,9,67,0.5524064983045701
80,1,10,66,0.7827931532965997
80,1,11,66,0.7349782737696445
80,1,12,66,0.7435005979007042
80,1,13,67,0.6633601559109906
80,1,14,67,0.8414873293607116
80,1,15,65,0.6679999248868609
80,1,16,68,0.6549057515708071
80,1,17,67,0.7728276399532407
80,1,18,67,0.6867701523952157
80,1,19,68,0.7381669386910645
80,1,20,67,0.7326774197204811
80,1,21,67,0.5987564113584917
80,1,22,68,0.683476443916012
80,1,23,67,0.8112938280916606
80,1,24,70,0.6793006141758424
80,1,25,68,0.8366214765048634
80,1,26,69,0.7553926575737547
80,1,27,66,0.727344262295082
80,1,28,67,0.7664229588100937
80,1,29,66,0.6896108631856778
80,1,30,68,0.6471303763660021
80,1,31,69,0.7579339927182677
80,1,32,68,0.6792790019260154
80,1,33,67,0.8073794124845985
80,1,34,67,0.782142957687002
80,1,35,66,0.7571543030324143
80,1,36,66,0.8298834166071853
80,1,37,68,0.7779840984867915
80,1,38,68,0.7811933511000583
80,1,39,68,0.8726937040241424
80,1,40,66,0.6204597833347342
80,1,41,70,0.7387952269746313
80,1,42,68,0.7508166298271687
80,1,43,68,0.7324167403148039
80,1,44,68,0.6645634730128249
80,1,45,68,0.7083847029490427
80,1,46,67,0.722271071473433
80,1,47,71,0.6647482852613731
80,1,48,67,0.7169632957237756
80,1,49,67,0.7318756037283756
80,2,3,66,0.7944865429840606
80,2,4,69,0.6194753621567202
80,2,5,66,0.8577225462845549
80,2,6,68,0.7552651652157097
80,2,7,68,0.8504649079451377
80,2,8,67,0.8558509842723517
80,2,9,67,0.8165480161298352
80,2,10,67,0.8933806982575709
80,2,11,68,0.8067520336614543
80,2,12,66,0.7810402273506786
80,2,13,69,0.8394411337573239
80,2,14,67,0.7353777884163912
80,2,15,67,0.9113006600250255
80,2,16,70,0.8436207693281256
80,2,17,70,0.8362212200332305
80,2,18,67,0.8988446121197831
80,2,19,67,0.8835908040384381
80,2,20,69,0.9392740660886725
80,2,21,68,0.7426679280983917
80,2,22,66,0.8031364098880709
80,2,23,68,0.7058357638972586
80,2,24,68,0.7497842426524816
80,2,25,68,0.8268424593235606
80,2,26,68,0.9101069966890031
80,2,27,65,0.7858823529411765
80,2,28,66,0.8373935540553937
80,2,29,67,0.9688743889434397
80,2,30,70,0.7873558157964251
80,2,31,66,0.7740211798517495
80,2,32,69,0.9082330161648363
80,2,33,69,0.8242892526571378
80,2,34,68,0.7860372112827748
80,2,35,67,0.7562735063814046
80,2,36,66,0.7686880710733587
80,2,37,67,0.8888175151223168
80,2,38,67,0.9002228609514288
80,2,39,68,0.7780476516909843
80,2,40,69,0.9109381270721628
80,2,41,65,0.8774673141851466
80,2,42,66,0.8372220090153965
80,2,43,66,0.857213499814563
80,2,44,69,0.7502935394706644
80,2,45,67,0.8499491007804547
80,2,46,66,0.8986357539340669
80,2,47,66,0.6742303646662429
80,2,48,67,0.6947467728203595
80,2,49,67,0.6326348450716198
80,3,4,67,0.5692656418671916
80,3,5,69,0.7134389951478751
80,3,6,67,0.7213598264841596
80,3,7,67,0.6546024882368011
80,3,8,68,0.8391846652869686
80,3,9,67,0.6721906565656566
80,3,10,67,0.8033157416030805
80,3,11,68,0.7701813635175856
80,3,12,65,0.6937287311618863
80,3,13,67,0.6557053485574583
80,3,14,68,0.7545386313137693
80,3,15,69,0.6883958374239152
80,3,16,69,0.6824282813557557
80,3,17,65,0.8652047850381152
80,3,18,66,0.7362272503689129
80,3,19,65,0.705481424594413
80,3,20,66,0.7230323687408923
80,3,21,67,0.6633858510712713
80,3,22,66,0.6454941373534339
80,3,23,68,0.7931406062709614
80,3,24,67,0.6364729857778894
80,3,25,67,0.710560421003024
80,3,26,68,0.672372846353552
80,3,27,68,0.7575130873133846
80,3,28,69,0.8590187803261575
80,3,29,69,0.7672045659850538
80,3,30,68,0.6519737814794737
80,3,31,69,0.7017543859649122
80,3,32,68,0.8315364196137349
80,3,33,65,0.7106424717999019
80,3,34,65,0.6911835665540773
80,3,35,69,0.7604040105228682
80,3,36,67,0.759899930131398
80,3,37,67,0.7972475651471294
80,3,38,68,0.7419467787114846
80,3,39,69,0.7871483320268269
80,3,40,68,0.7766108408483473
80,3,41,67,0.7271933717733158
80,3,42,69,0.7069413629160063
80,3,43,67,0.9013744698099558
80,3,44,70,0.7601764440187464
80,3,45,66,0.6524873186793628
80,3,46,67,0.755940757996186
80,3,47,66,0.7164145277352825
80,3,48,65,0.6748645268862026
80,3,49,67,0.7438780910501223
80,4,5,68,0.6963250198981372
80,4,6,68,0.6241552352913448
80,4,7,66,0.6009777440453602
80,4,8,68,0.7361793702332672
80,4,9,69,0.5919863211757754
80,4,10,67,0.7290987348376158
80,4,11,66,0.6179906258348107
80,4,12,67,0.7858359933957072
80,4,13,66,0.6730538922155689
80,4,14,69,0.7352464632622627
80,4,15,67,0.6496038034865294
80,4,16,66,0.6550157414145963
80,4,17,67,0.6569652831015222
80,4,18,68,0.727353103560108
80,4,19,66,0.6164057556332022
80,4,20,66,0.6547272282259967
80,4,21,67,0.6397090295989379
80,4,22,71,0.7029542349726776
80,4,23,67,0.5838509316770186
80,4,24,70,0.6995699529761665
80,4,25,68,0.7958999082705804
80,4,26,67,0.6936636753272416
80,4,27,65,0.7814852797718802
80,4,28,68,0.6788810133619235
80,4,29,67,0.651189663968333
80,4,30,69,0.7065827521687362
80,4,31,66,0.7106941305916733
80,4,32,70,0.6621683467724526
80,4,33,67,0.6665647511367369
80,4,34,69,0.7297711165015652
80,4,35,66,0.708006448146158
80,4,36,67,0.7858435366063056
80,4,37,66,0.6894402769763416
80,4,38,65,0.6381156316916489
80,4,39,71,0.7207582274866675
80,4,40,66,0.565601333785464
80,4,41,71,0.6241113296021782
80,4,42,68,0.7315164424482169
80,4,43,65,0.6076572098595499
80,4,44,69,0.6374232624746164
80,4,45,67,0.7292907196467271
80,4,46,67,0.6445697410646772
80,4,47,68,0.7162169221804738
80,4,48,66,0.654191004129618
80,4,49,67,0.6133377545713254
80,5,6,69,0.7297803507577048
80,5,7,65,0.6859443631039531
80,5,8,68,0.8847367908922837
80,5,9,70,0.7837765243083534
80,5,10,68,0.8681429540079713
80,5,11,68,0.7967469685667061
80,5,12,66,0.7628359525910381
80,5,13,67,0.7344332405914217
80,5,14,67,0.685570069569933
80,5,15,67,0.9158387575653762
80,5,16,68,0.810430387657986
80,5,17,67,0.7348581393788987
80,5,18,67,0.9418375238726581
80,5,19,69,0.8578959540967478
80,5,20,67,0.8471488601606482
80,5,21,68,0.6420124280991673
80,5,22,67,0.8195153607856102
80,5,23,69,0.6720813469358848
80,5,24,67,0.7910528316389212
80,5,25,68,0.7409130127853165
80,5,26,65,0.7933941404090658
80,5,27,67,0.8082954419429965
80,5,28,68,0.7976482182303312
80,5,29,68,0.887002808594779
80,5,30,68,0.7928440336634646
80,5,31,69,0.6372040276298154
80,5,32,67,0.8668114766006754
80,5,33,69,0.751681111775254
80,5,34,68,0.7599630835416545
80,5,35,66,0.7029961676924864
80,5,36,67,0.7248357228195937
80,5,37,66,0.8190197960281385
80,5,38,66,0.8490577161908494
80,5,39,69,0.8126661216419188
80,5,40,69,0.77682871877034
80,5,41,66,0.8029206113483076
80,5,42,66,0.7873596366323606
80,5,43,66,0.8647747262244908
80,5,44,66,0.67455758459522
80,5,45,66,0.7654370489174017
80,5,46,67,0.9021728032020258
80,5,47,68,0.773236745685515
80,5,48,69,0.6976824102404822
80,5,49,67,0.6728895187444763
80,6,7,66,0.6392434407898325
80,6,8,67,0.7390649472225056
80,6,9,67,0.6267732910796959
80,6,10,66,0.680002492677759
80,6,11,66,0.6628477619238897
80,6,12,66,0.6919246927026607
80,6,13,67,0.8343312020095339
80,6,14,67,0.7930981679902338
80,6,15,68,0.7306462180215315
80,6,16,70,0.7237642514947822
80,6,17,69,0.6282373109655299
80,6,18,67,0.670203578038248
80,6,19,66,0.6934897360703812
80,6,20,68,0.707097548431339
80,6,21,68,0.7878987552104969
80,6,22,67,0.7810837924328444
80,6,23,69,0.8751206869335056
80,6,24,69,0.5988206244151041
80,6,25,65,0.7206639954207212
80,6,26,66,0.7010778443113772
80,6,27,66,0.6854026585690826
80,6,28,69,0.6558794192618863
80,6,29,67,0.6731810839061164
80,6,30,69,0.6084144178909746
80,6,31,68,0.8159610405714651
80,6,32,69,0.7438368468325672
80,6,33,69,0.8073740065755037
80,6,34,69,0.7629593593293915
80,6,35,65,0.8045112781954887
80,6,36,69,0.7625770410177004
80,6,37,67,0.7453104972820175
80,6,38,67,0.7378439847800545
80,6,39,66,0.8703138293048424
80,6,40,66,0.5378880795196399
80,6,41,66,0.6993237483661988
80,6,42,67,0.723796415820883
80,6,43,67,0.772736
80,6,44,67,0.6790868375217716
80,6,45,67,0.6719831239063767
80,6,46,67,0.7409126063418406
80,6,47,69,0.7451368830040132
80,6,48,68,0.7414049046968707
80,6,49,71,0.9345897712616146
80,7,8,67,0.750674936154688
80,7,9,66,0.6845024336928999
80,7,10,66,0.840978438151128
80,7,11,66,0.7532561505065123
80,7,12,68,0.6334937059249983
80,7,13,70,0.6646828015694932
80,7,14,65,0.6890791960807006
80,7,15,66,0.7045176751498348
80,7,16,70,0.692623662134799
80,7,17,66,0.8179393711972982
80,7,18,67,0.7562625770034921
80,7,19,66,0.7045047527207604
80,7,20,70,0.8682820890416053
80,7,21,66,0.5945711560142225
80,7,22,67,0.6539674022402575
80,7,23,66,0.648782621373378
80,7,24,68,0.7170043333066625
80,7,25,68,0.7838077236383193
80,7,26,70,0.9058479532163742
80,7,27,67,0.8106047627205757
80,7,28,67,0.8040515124241523
80,7,29,65,0.8012851665856687
80,7,30,67,0.6947994432493989
80,7,31,68,0.7110176121107047
80,7,32,68,0.6821074287901502
80,7,33,65,0.7192525191408159
80,7,34,66,0.6861242903663434
80,7,35,66,0.6742378559463986
80,7,36,67,0.7180397642360986
80,7,37,66,0.7907684504184631
80,7,38,67,0.799094302674255
80,7,39,66,0.7090736470907365
80,7,40,67,0.7649562654941765
80,7,41,67,0.8188932988807888
80,7,42,71,0.8590075366192699
80,7,43,66,0.7265948632974316
80,7,44,68,0.6809287957015185
80,7,45,68,0.7862893596697711
80,7,46,66,0.7949726975992191
80,7,47,67,0.5602287564322976
80,7,48,66,0.671387310584726
80,7,49,67,0.5379967299353096
80,8,9,67,0.7740203460047288
80,8,10,67,0.8624200628296825
80,8,11,67,0.8518073593631578
80,8,12,69,0.8225550260948491
80,8,13,67,0.7926863572433193
80,8,14,68,0.7879025529187212
80,8,15,67,0.9090202081301616
80,8,16,65,0.845427084002828
80,8,17,67,0.8507813982916799
80,8,18,67,0.9126114918212668
80,8,19,68,0.8896065379292164
80,8,20,67,0.8569258878611397
80,8,21,67,0.7180587971621559
80,8,22,68,0.8123734112053312
80,8,23,68,0.690725568496548
80,8,24,68,0.7595305611326144
80,8,25,67,0.9051581769436997
80,8,26,67,0.7797326107314352
80,8,27,70,0.846643093006778
80,8,28,66,0.8909509080815291
80,8,29,69,0.8897397494626419
80,8,30,68,0.7967857927097057
80,8,31,69,0.767069742164066
80,8,32,69,0.90209498372423
80,8,33,66,0.8001093958915765
80,8,34,65,0.8361903761846008
80,8,35,69,0.7847925797574151
80,8,36,69,0.8469096671949287
80,8,37,68,0.858738389651832
80,8,38,69,0.8818665878309233
80,8,39,69,0.7800307544384246
80,8,40,69,0.8248201504361921
80,8,41,68,0.8527001205945018
80,8,42,68,0.8114900676954874
80,8,43,68,0.8929837154851342
80,8,44,69,0.6979886507585042
80,8,45,65,0.8053425222925046
80,8,46,65,0.8955106415043789
80,8,47,67,0.8656474015368156
80,8,48,65,0.8368258568257645
80,8,49,66,0.6802408811802705
80,9,10,68,0.783042160988776
80,9,11,67,0.8737856110744421
80,9,12,67,0.6333844041626042
80,9,13,67,0.7202267193758672
80,9,14,67,0.5459834629284854
80,9,15,70,0.8647312912058042
80,9,16,67,0.7610368777624191
80,9,17,68,0.8390018999156055
80,9,18,70,0.7772702357025397
80,9,19,68,0.7299723277021365
80,9,20,68,0.8516228155879186
80,9,21,68,0.7595723633835112
80,9,22,67,0.7213227458664192
80,9,23,65,0.6110533970496572
80,9,24,70,0.7508336691370138
80,9,25,69,0.6466853649091101
80,9,26,67,0.6916256550240093
80,9,27,68,0.7908303409903451
80,9,28,68,0.8023360219718862
80,9,29,68,0.850698097900215
80,9,30,65,0.7587319149315856
80,9,31,66,0.6768877257930682
80,9,32,66,0.8435714806621776
80,9,33,69,0.6172999763983951
80,9,34,71,0.6200900710068981
80,9,35,67,0.4876879631194033
80,9,36,67,0.7274564272790107
80,9,37,66,0.7614000549880684
80,9,38,66,0.8037052477452287
80,9,39,67,0.5244752236751549
80,9,40,70,0.7789664551223935
80,9,41,69,0.8371930846075986
80,9,42,68,0.8662719511581489
80,9,43,65,0.7998954088428863
80,9,44,66,0.5295841619689878
80,9,45,68,0.8241205060202825
80,9,46,69,0.7895339268810285
80,9,47,67,0.6004956690305008
80,9,48,67,0.5839449023371345
80,9,49,67,0.5471719770166164
80,10,11,69,0.8817137484158456
80,10,12,65,0.6944867886178862
80,10,13,67,0.7408338246093064
80,10,14,68,0.7446996466431095
80,10,15,68,0.9045587244554233
80,10,16,66,0.7578347578347578
80,10,17,69,0.8818605147163373
80,10,18,68,0.9060636435151115
80,10,19,67,0.8527834544644366
80,10,20,68,0.8676925522419084
80,10,21,70,0.705813350177085
80,10,22,67,0.7785358548564278
80,10,23,69,0.7558962264150944
80,10,24,67,0.7990495851672964
80,10,25,67,0.868333097611267
80,10,26,68,0.9023726086827522
80,10,27,67,0.9090965155720012
80,10,28,68,0.8808980470552052
80,10,29,67,0.8813642776657292
80,10,30,67,0.854738299471359
80,10,31,66,0.7741582261155215
80,10,32,66,0.8726432662049907
80,10,33,67,0.7876492244959856
80,10,34,67,0.740466697698893
80,10,35,68,0.7044871605400488
80,10,36,67,0.8423350697460108
80,10,37,69,0.905384404424536
80,10,38,65,0.8810876735870499
80,10,39,68,0.7652022164012269
80,10,40,67,0.8214900417998525
80,10,41,67,0.8268300985350777
80,10,42,67,0.907255090448309
80,10,43,66,0.855767189026203
80,10,44,65,0.823669040352662
80,10,45,68,0.8315230363236011
80,10,46,68,0.9257554358791302
80,10,47,67,0.6631770257631154
80,10,48,68,0.7590655158423292
80,10,49,67,0.6801884961040839
80,11,12,65,0.6813701967443062
80,11,13,69,0.596066793140367
80,11,14,67,0.6950986171874192
80,11,15,67,0.8430563301728946
80,11,16,66,0.7736307032046997
80,11,17,69,0.9019170839484018
80,11,18,67,0.828513766986142
80,11,19,66,0.8059125108196284
80,11,20,66,0.7943014571430893
80,11,21,69,0.6280091102163196
80,11,22,66,0.706006389102679
80,11,23,67,0.5929113924050633
80,11,24,67,0.7023604139137951
80,11,25,68,0.7885187960451715
80,11,26,66,0.8240563019833653
80,11,27,68,0.850451696785123
80,11,28,68,0.8981244737515768
80,11,29,66,0.8397988461035768
80,11,30,67,0.8455314243614619
80,11,31,67,0.6457324022014463
80,11,32,66,0.8530908165861104
80,11,33,67,0.7425891747335116
80,11,34,68,0.6796039902850007
80,11,35,69,0.5940791145927439
80,11,36,67,0.861470877288456
80,11,37,68,0.9557677919105673
80,11,38,68,0.8973053152039555
80,11,39,67,0.6426685916843545
80,11,40,67,0.8170631399123611
80,11,41,66,0.825296442687747
80,11,42,66,0.8965221650747
80,11,43,69,0.9049941424046514
80,11,44,68,0.7164708541182867
80,11,45,67,0.7856812054153218
80,11,46,68,0.8357653708616911
80,11,47,68,0.7338289105091745
80,11,48,70,0.6599970135881739
80,11,49,67,0.6541838900681488
80,12,13,68,0.7663729157420909
80,12,14,67,0.7657967625758159
80,12,15,68,0.7376170854682118
80,12,16,66,0.7300779647107098
80,12,17,69,0.7651785969628507
80,12,18,67,0.7339060467302039
80,12,19,68,0.8527713252709737
80,12,20,67,0.7326764096906313
80,12,21,67,0.6642604338227565
80,12,22,68,0.7748293009321918
80,12,23,66,0.6600357248416155
80,12,24,69,0.7190250913228337
80,12,25,66,0.7974491498215286
80,12,26,67,0.7271504436427657
80,12,27,68,0.633421073805446
80,12,28,69,0.755723389190465
80,12,29,69,0.7464225677493878
80,12,30,66,0.7468116080512166
80,12,31,65,0.7180561682105573
80,12,32,67,0.7919992473966436
80,12,33,67,0.7390461558773578
80,12,34,67,0.8166490629282728
80,12,35,68,0.7239892452851961
80,12,36,69,0.7982987145609399
80,12,37,68,0.7100698519324159
80,12,38,68,0.7531253788477151
80,12,39,67,0.8375005512192971
80,12,40,68,0.717341894313907
80,12,41,66,0.7361299052774019
80,12,42,66,0.7233329033922352
80,12,43,67,0.7727957799547852
80,12,44,65,0.6618487336668603
80,12,45,66,0.6960007086230569
80,12,46,66,0.6982358402971216
80,12,47,69,0.8113595939647935
80,12,48,66,0.676359517442102
80,12,49,67,0.5243087658089839
80,13,14,66,0.709282063197026
80,13,15,68,0.7902922179178393
80,13,16,71,0.7671469943163017
80,13,17,67,0.6713269870182167
80,13,18,65,0.7539340439993462
80,13,19,66,0.7448381340810604
80,13,20,69,0.8802710471467942
80,13,21,68,0.8123699599987108
80,13,22,67,0.7855457004601839
80,13,23,69,0.8159373403711901
80,13,24,68,0.6006987800891004
80,13,25,70,0.7739699103026838
80,13,26,66,0.6708173473847797
80,13,27,68,0.7026613233239731
80,13,28,67,0.6526107289068251
80,13,29,66,0.8216894082439702
80,13,30,66,0.6704033525405971
80,13,31,68,0.8287070854638422
80,13,32,69,0.7376390822325265
80,13,33,67,0.7793992114141701
80,13,34,67,0.8711971499630302
80,13,35,69,0.7912982782689623
80,13,36,69,0.7676433658260727
80,13,37,67,0.700335821457435
80,13,38,68,0.7244551656448502
80,13,39,65,0.7669141336321613
80,13,40,69,0.7177385315129449
80,13,41,70,0.7476290342206412
80,13,42,68,0.7175637261420034
80,13,43,67,0.7006737497241391
80,13,44,66,0.6031742804808382
80,13,45,68,0.7240019846840852
80,13,46,68,0.7337576469959661
80,13,47,68,0.8084030432908473
80,13,48,69,0.8234352335860313
80,13,49,68,0.6248094439209738
80,14,15,69,0.7579054442527973
80,14,16,67,0.7140318990340433
80,14,17,67,0.6964548802003184
80,14,18,69,0.7071546410534093
80,14,19,66,0.7074118143300533
80,14,20,66,0.6543300618271434
80,14,21,70,0.6861598440545809
80,14,22,67,0.7082705611976629
80,14,23,68,0.7503163206048742
80,14,24,68,0.6369473156960066
80,14,25,65,0.8383371824480369
80,14,26,67,0.7135813264351902
80,14,27,67,0.6765907172995781
80,14,28,67,0.735146142788692
80,14,29,68,0.6831052248737107
80,14,30,68,0.6669601584855822
80,14,31,67,0.7462316994466323
80,14,32,67,0.7067020161538936
80,14,33,68,0.8665793009030642
80,14,34,69,0.8209643901236308
80,14,35,68,0.8369424059499422
80,14,36,66,0.8244397202116251
80,14,37,69,0.7637944973037322
80,14,38,66,0.739845286780396
80,14,39,70,0.7952904078933984
80,14,40,69,0.6468523453884234
80,14,41,70,0.623412954594362
80,14,42,65,0.70442089706363
80,14,43,68,0.7365541845249151
80,14,44,67,0.771035277796774
80,14,45,67,0.6448363934268228
80,14,46,68,0.732297344472057
80,14,47,67,0.7660918584793024
80,14,48,65,0.6691815558860952
80,14,49,67,0.7348667616506068
80,15,16,68,0.781048758049678
80,15,17,66,0.7618155319591922
80,15,18,67,0.8936084212471345
80,15,19,69,0.9102560832990262
80,15,20,66,0.8735249490955117
80,15,21,67,0.7612245286894358
80,15,22,67,0.7798576193558022
80,15,23,69,0.7167917246686811
80,15,24,68,0.7860050518756654
80,15,25,69,0.8059827498871471
80,15,26,67,0.8050488786658999
80,15,27,66,0.8058056657503581
80,15,28,69,0.834852839674053
80,15,29,67,0.8996472448607226
80,15,30,66,0.820289404076552
80,15,31,65,0.7216659896293818
80,15,32,67,0.9366428444525953
80,15,33,69,0.7688536453608668
80,15,34,70,0.8014704305494993
80,15,35,67,0.6725050916496945
80,15,36,68,0.77657303522045
80,15,37,66,0.8700522654799998
80,15,38,66,0.8965059708093763
80,15,39,67,0.7595804388830105
80,15,40,68,0.7578882205308164
80,15,41,67,0.8412056211247038
80,15,42,66,0.7519083969465649
80,15,43,67,0.8567831261892231
80,15,44,66,0.6638179863036957
80,15,45,66,0.8260497386916561
80,15,46,68,0.9064310382786597
80,15,47,68,0.7363474362978341
80,15,48,68,0.705106279012949
80,15,49,69,0.6159943879340583
80,16,17,68,0.7994473865991251
80,16,18,66,0.8384180790960452
80,16,19,67,0.8099430564602551
80,16,20,68,0.8326646011602966
80,16,21,68,0.7395692260068454
80,16,22,66,0.7246918192005977
80,16,23,67,0.6931585312443114
80,16,24,67,0.7559472606441692
80,16,25,69,0.8097828490557694
80,16,26,68,0.7389732416189795
80,16,27,66,0.7806274928693993
80,16,28,68,0.7859129868177034
80,16,29,66,0.8372809119716974
80,16,30,66,0.7492434718130624
80,16,31,67,0.6827846214545614
80,16,32,68,0.8078654472687582
80,16,33,69,0.8071767374716436
80,16,34,67,0.7092227128532942
80,16,35,66,0.7792305813927676
80,16,36,68,0.8289592696972554
80,16,37,66,0.791264398428657
80,16,38,66,0.853838291462693
80,16,39,66,0.7418899858956276
80,16,40,70,0.8086052651616984
80,16,41,66,0.8113054334696861
80,16,42,67,0.7437700149496463
80,16,43,68,0.815842139112751
80,16,44,68,0.7017772921343215
80,16,45,70,0.7233764994113716
80,16,46,67,0.8131519629761087
80,16,47,68,0.7685350068370711
80,16,48,67,0.6754269105001817
80,16,49,70,0.6621020847531831
80,17,18,66,0.7812758906379453
80,17,19,69,0.7921934711792588
80,17,20,65,0.8217407699427514
80,17,21,67,0.6899037142282198
80,17,22,69,0.721041634816287
80,17,23,66,0.7197614632501685
80,17,24,70,0.6916113607905873
80,17,25,66,0.8546420756486403
80,17,26,66,0.8412233774099122
80,17,27,67,0.8727471912453783
80,17,28,70,0.9389328419302532
80,17,29,65,0.8255168675631727
80,17,30,67,0.8126720422257194
80,17,31,66,0.7622236348869881
80,17,32,66,0.8054505798259443
80,17,33,70,0.7399126984394089
80,17,34,67,0.708890265132859
80,17,35,67,0.6181393163114073
80,17,36,68,0.8464965315343983
80,17,37,68,0.8078654472687582
80,17,38,68,0.8090092082871017
80,17,39,66,0.6872721971132818
80,17,40,67,0.8787675566240668
80,17,41,67,0.8570304669734559
80,17,42,68,0.9443519503312876
80,17,43,67,0.821486031165261
80,17,44,66,0.6951588502269289
80,17,45,67,0.7509783323196766
80,17,46,65,0.7853656957404964
80,17,47,70,0.660257542743851
80,17,48,67,0.6989067006506138
80,17,49,67,0.5891572209371616
80,18,19,67,0.9004924371701928
80,18,20,69,0.8498046551718753
80,18,21,67,0.6620604565083282
80,18,22,68,0.8768037834229087
80,18,23,68,0.6415578332607574
80,18,24,69,0.8276873833022139
80,18,25,68,0.7938041682695571
80,18,26,65,0.8106144021140718
80,18,27,68,0.8222468286230241
80,18,28,68,0.8123255742105571
80,18,29,68,0.8880795005666446
80,18,30,66,0.8166803764675719
80,18,31,66,0.7128514056224899
80,18,32,66,0.9321069829359797
80,18,33,68,0.8021353930031804
80,18,34,70,0.7293411699428423
80,18,35,67,0.7356791328777222
80,18,36,67,0.7503387533875339
80,18,37,69,0.8341432826461828
80,18,38,67,0.8895529524264881
80,18,39,66,0.7340112223703382
80,18,40,68,0.7960718314146062
80,18,41,68,0.8347729760381912
80,18,42,66,0.8064189125374894
80,18,43,67,0.7828200972447326
80,18,44,68,0.6771921335499257
80,18,45,68,0.7831185488303914
80,18,46,70,0.8940395995003992
80,18,47,66,0.7551345343120075
80,18,48,68,0.7122091511039439
80,18,49,68,0.6724127123425061
80,19,20,67,0.8425465246755447
80,19,21,67,0.6454007510763136
80,19,22,68,0.7268743914313535
80,19,23,69,0.6935661963196594
80,19,24,69,0.8025940377834049
80,19,25,69,0.8062374046053719
80,19,26,66,0.7927827446296524
80,19,27,68,0.7263539726113721
80,19,28,67,0.8058377412851476
80,19,29,68,0.9034994510595785
80,19,30,67,0.7938891112780553
80,19,31,66,0.6760262943263647
80,19,32,65,0.8970912614154074
80,19,33,66,0.7849688272519991
80,19,34,65,0.7975747902758044
80,19,35,67,0.7202431000563261
80,19,36,68,0.7368907368907369
80,19,37,67,0.8146028551663418
80,19,38,68,0.907592341279207
80,19,39,67,0.8003578200694221
80,19,40,67,0.7921863657361579
80,19,41,66,0.898884004058167
80,19,42,67,0.7539066683747293
80,19,43,68,0.8454611355980167
80,19,44,67,0.659059367771781
80,19,45,66,0.7876301192918471
80,19,46,68,0.887002808594779
80,19,47,68,0.7480619753163222
80,19,48,67,0.6822342891778571
80,19,49,66,0.5866715767928027
80,20,21,67,0.7150085235473207
80,20,22,65,0.8467934658067895
80,20,23,67,0.7458200708450391
80,20,24,66,0.7607937462417318
80,20,25,66,0.8258207174549899
80,20,26,67,0.824681704882766
80,20,27,70,0.8334088134820542
80,20,28,67,0.7999200930199204
80,20,29,71,0.9420397030435158
80,20,30,68,0.7620916124835511
80,20,31,71,0.8009674050458968
80,20,32,65,0.8405723045477772
80,20,33,65,0.7541790339205034
80,20,34,66,0.7856669803757538
80,20,35,67,0.777736822705492
80,20,36,67,0.7534048960293126
80,20,37,68,0.8044171227509296
80,20,38,69,0.8918272555969174
80,20,39,65,0.7519578848772365
80,20,40,69,0.839506341757084
80,20,41,67,0.8844997649248947
80,20,42,69,0.8706462518221386
80,20,43,66,0.7809449433814916
80,20,44,68,0.6704049800262553
80,20,45,68,0.9332974638834902
80,20,46,68,0.8627171113563988
80,20,47,67,0.7252494115945093
80,20,48,67,0.7629909734081484
80,20,49,68,0.5774058577405857
80,21,22,67,0.6876849068893266
80,21,23,68,0.727353103560108
80,21,24,67,0.6964897076088092
80,21,25,67,0.6697932785450261
80,21,26,67,0.5815556817260118
80,21,27,68,0.6275959104651975
80,21,28,67,0.629487970388649
80,21,29,68,0.706252591235991
80,21,30,67,0.6798303682250724
80,21,31,69,0.7348239372180896
80,21,32,69,0.7151675485008818
80,21,33,67,0.6381080350651477
80,21,34,68,0.63710242696381
80,21,35,68,0.7068845268775897
80,21,36,69,0.7597700392776424
80,21,37,67,0.7050263732473423
80,21,38,66,0.7144488381642377
80,21,39,66,0.6968924896480553
80,21,40,67,0.5662387117158605
80,21,41,68,0.767405694609819
80,21,42,65,0.6902788700018148
80,21,43,66,0.7186726311902615
80,21,44,66,0.6295804902704069
80,21,45,66,0.7514065858613247
80,21,46,68,0.6660757750339195
80,21,47,67,0.6932137308357518
80,21,48,68,0.7028677456689876
80,21,49,67,0.7258635934022378
80,22,23,68,0.7614624629369037
80,22,24,69,0.6685504379768296
80,22,25,67,0.7621026875378583
80,22,26,65,0.7238644811838425
80,22,27,67,0.7628026206577241
80,22,28,67,0.6812696136231745
80,22,29,67,0.787250614103409
80,22,30,68,0.7418328028145418
80,22,31,68,0.6992342223395828
80,22,32,69,0.7719181641736695
80,22,33,67,0.7434803346525208
80,22,34,70,0.8012311438037979
80,22,35,68,0.761474732259309
80,22,36,66,0.7133288522541008
80,22,37,66,0.6923441012897882
80,22,38,67,0.6923260817595027
80,22,39,68,0.7395441314972502
80,22,40,66,0.6142378904260967
80,22,41,69,0.6885902309064162
80,22,42,67,0.8072430621636811
80,22,43,67,0.7045436152052353
80,22,44,67,0.6184641932700604
80,22,45,67,0.6473621719328714
80,22,46,66,0.7309857008070911
80,22,47,68,0.7602267821271707
80,22,48,68,0.7556149855554448
80,22,49,65,0.6490822150239087
80,23,24,66,0.6038602734172653
80,23,25,67,0.6999747992013285
80,23,26,67,0.5986024844720497
80,23,27,66,0.7278369537867986
80,23,28,66,0.715391419725785
80,23,29,67,0.6932801496062566
80,23,30,68,0.6270808764395676
80,23,31,67,0.9063753334664174
80,23,32,70,0.6678704391342546
80,23,33,67,0.732710027600027
80,23,34,68,0.6968643243266827
80,23,35,66,0.7704211725844329
80,23,36,66,0.7483613358445652
80,23,37,67,0.6441369249419548
80,23,38,66,0.7342593990638684
80,23,39,69,0.8344364957322101
80,23,40,66,0.5512384299786602
80,23,41,67,0.7132885752867114
80,23,42,67,0.7102093654912921
80,23,43,69,0.6982000493137175
80,23,44,67,0.680686158092365
80,23,45,68,0.7150408037646685
80,23,46,66,0.701418014779309
80,23,47,66,0.6637485077596498
80,23,48,67,0.709866090118913
80,23,49,70,0.8109371982693382
80,24,25,66,0.6508150778763145
80,24,26,68,0.7532485948030361
80,24,27,66,0.6626469241337201
80,24,28,69,0.7168625127546822
80,24,29,65,0.8344803854094975
80,24,30,66,0.750922738771617
80,24,31,65,0.6434922335297268
80,24,32,68,0.8309483385884066
80,24,33,67,0.614253313258851
80,24,34,68,0.6305580301057585
80,24,35,66,0.6463397399660825
80,24,36,66,0.5615686274509804
80,24,37,67,0.7019271059161314
80,24,38,67,0.7744498530439251
80,24,39,68,0.693322563274098
80,24,40,66,0.6802408811802705
80,24,41,69,0.8487964966189028
80,24,42,67,0.6635689125384097
80,24,43,66,0.7197604790419162
80,24,44,66,0.7059315594654695
80,24,45,66,0.7563352826510721
80,24,46,66,0.7884149220840547
80,24,47,69,0.6254102203469292
80,24,48,67,0.600881441301821
80,24,49,67,0.5761110500772259
80,25,26,68,0.8416185774873114
80,25,27,67,0.8496509308510638
80,25,28,68,0.8731502234349116
80,25,29,65,0.807629437169847
80,25,30,67,0.785333363931486
80,25,31,69,0.7560143966660352
80,25,32,67,0.767352637649487
80,25,33,67,0.8766275622018822
80,25,34,68,0.881138730615908
80,25,35,68,0.7960704026903107
80,25,36,70,0.901448374580932
80,25,37,65,0.8580254618072891
80,25,38,68,0.8033284961149176
80,25,39,67,0.772390364422483
80,25,40,68,0.7881978048914491
80,25,41,66,0.7705766611169971
80,25,42,66,0.8162733030976578
80,25,43,67,0.787349616750091
80,25,44,68,0.7086027811342588
80,25,45,69,0.7185339638331409
80,25,46,67,0.8120940028821638
80,25,47,66,0.7895606210769739
80,25,48,67,0.8238254030860435
80,25,49,65,0.6758571086070486
80,26,27,67,0.8266888237415148
80,26,28,67,0.8450402604077437
80,26,29,67,0.8080687514920029
80,26,30,69,0.7765470074793498
80,26,31,66,0.6542530899618954
80,26,32,67,0.7956788526226296
80,26,33,68,0.7628170421889967
80,26,34,66,0.7777156003233228
80,26,35,66,0.6818499371244935
80,26,36,67,0.767242426450939
80,26,37,69,0.8919571786392363
80,26,38,67,0.8458475832611663
80,26,39,67,0.7780436182939173
80,26,40,66,0.7845789651673994
80,26,41,67,0.7697267165148792
80,26,42,71,0.8456411114031106
80,26,43,69,0.8470610093582234
80,26,44,68,0.7421859177749275
80,26,45,68,0.7730162151609925
80,26,46,66,0.8572145860792066
80,26,47,67,0.6130974321169677
80,26,48,65,0.6880356530682208
80,26,49,65,0.6125369023702404
80,27,28,67,0.8682884875291805
80,27,29,70,0.8250475414289595
80,27,30,66,0.749533814792667
80,27,31,69,0.7171117638980535
80,27,32,65,0.786550542547116
80,27,33,66,0.7175476021174054
80,27,34,66,0.7344262295081967
80,27,35,72,0.6445093488408481
80,27,36,69,0.8335072068811343
80,27,37,68,0.8315758689015875
80,27,38,70,0.8455702825252878
80,27,39,66,0.7263861742619072
80,27,40,68,0.7831881893424409
80,27,41,67,0.7906738484322855
80,27,42,68,0.938905619027915
80,27,43,66,0.7392041636893018
80,27,44,66,0.6234079952956406
80,27,45,66,0.765478841870824
80,27,46,67,0.8355107104114439
80,27,47,65,0.7169794757448602
80,27,48,67,0.7965142364106989
80,27,49,67,0.6483553480878662
80,28,29,68,0.7998503091441588
80,28,30,68,0.8281100658986871
80,28,31,66,0.7451979615836927
80,28,32,67,0.8737600584666215
80,28,33,66,0.7461625674246734
80,28,34,66,0.6665379016643662
80,28,35,67,0.6381286968172164
80,28,36,69,0.8653142543267575
80,28,37,68,0.8470572805256206
80,28,38,67,0.8762363557719219
80,28,39,67,0.7314466172719544
80,28,40,66,0.827244397910949
80,28,41,66,0.8191950825730903
80,28,42,66,0.8792627913895835
80,28,43,66,0.8904076748033941
80,28,44,66,0.7188314844205317
80,28,45,67,0.776263861854676
80,28,46,68,0.8409054931138199
80,28,47,67,0.6611982945890158
80,28,48,66,0.6864129291958304
80,28,49,70,0.6421334629812471
80,29,30,67,0.761125570888376
80,29,31,68,0.7263410080041737
80,29,32,68,0.898718613072661
80,29,33,68,0.7401574803149606
80,29,34,66,0.8177484929202299
80,29,35,70,0.7664524843405927
80,29,36,66,0.7412618060609473
80,29,37,68,0.8229733312610281
80,29,38,70,0.9043351404955968
80,29,39,66,0.774065188132717
80,29,40,68,0.935957267360135
80,29,41,68,0.8738426168459307
80,29,42,67,0.833890209134872
80,29,43,65,0.8523129356354212
80,29,44,68,0.7012278170683723
80,29,45,66,0.9068467233497793
80,29,46,68,0.8840404888026433
80,29,47,66,0.7443217865753077
80,29,48,66,0.7314193721491816
80,29,49,68,0.5982166868654413
80,30,31,70,0.6900525288083386
80,30,32,68,0.7853110894330451
80,30,33,67,0.6743171907275648
80,30,34,66,0.5966478205819303
80,30,35,66,0.6968086571027342
80,30,36,67,0.7395239485532523
80,30,37,69,0.7719464775846294
80,30,38,68,0.807375910513028
80,30,39,68,0.7283345713253784
80,30,40,66,0.7070701158843498
80,30,41,67,0.8488659822002269
80,30,42,66,0.7660327337870141
80,30,43,66,0.7474747474747475
80,30,44,66,0.7723646259328464
80,30,45,65,0.7325280414150129
80,30,46,66,0.7124260355029586
80,30,47,66,0.6692699088865223
80,30,48,66,0.685172570817825
80,30,49,67,0.5503275483115919
80,31,32,67,0.6478326878138968
80,31,33,66,0.675799974089908
80,31,34,67,0.6753903641504341
80,31,35,70,0.7660978552608899
80,31,36,68,0.768118034194678
80,31,37,66,0.7256826901376664
80,31,38,68,0.790632987781404
80,31,39,69,0.7394057206331575
80,31,40,67,0.5967268566880565
80,31,41,67,0.7761136323885447
80,31,42,68,0.7173975542996672
80,31,43,67,0.6484540999956637
80,31,44,69,0.6848142866001116
80,31,45,68,0.778405567422311
80,31,46,66,0.664838237471011
80,31,47,67,0.6714960908167322
80,31,48,66,0.6720517786158393
80,31,49,67,0.6921000802392588
80,32,33,66,0.8175355450236966
80,32,34,68,0.7609380068308879
80,32,35,66,0.6886185572141367
80,32,36,66,0.7811648306346335
80,32,37,66,0.8693719296821079
80,32,38,66,0.8841781874039939
80,32,39,66,0.7722555434576687
80,32,40,66,0.8374046989264042
80,32,41,67,0.8375324277006044
80,32,42,67,0.7431629605044806
80,32,43,67,0.9331768847169258
80,32,44,68,0.6247721698028754
80,32,45,69,0.8007765130285027
80,32,46,65,0.8997787274418743
80,32,47,68,0.7626573172143484
80,32,48,67,0.7070841295585567
80,32,49,68,0.7174419980382952
80,33,34,68,0.874882304940054
80,33,35,67,0.792465535395088
80,33,36,66,0.8707517372078333
80,33,37,66,0.7996652682150502
80,33,38,67,0.7662361510681276
80,33,39,66,0.8179369312623129
80,33,40,69,0.723925892285916
80,33,41,68,0.6886539350641023
80,33,42,67,0.7634603277798123
80,33,43,66,0.7974746489245856
80,33,44,67,0.6397494222218411
80,33,45,68,0.6882631106786078
80,33,46,67,0.8495212038303693
80,33,47,67,0.7861876473075545
80,33,48,68,0.8201453419517838
80,33,49,68,0.7749316627451267
80,34,35,67,0.771939073728124
80,34,36,66,0.803840877914952
80,34,37,66,0.7514812744550028
80,34,38,65,0.6805777893600388
80,34,39,67,0.7695827648931333
80,34,40,68,0.7450978796472996
80,34,41,66,0.6095194085027726
80,34,42,65,0.7173190074187772
80,34,43,68,0.7695274043232095
80,34,44,67,0.6302106027596224
80,34,45,69,0.6865522078963191
80,34,46,67,0.7762236346706611
80,34,47,69,0.8234529696155414
80,34,48,71,0.823102294568493
80,34,49,71,0.690814384386202
80,35,36,68,0.7331586018061286
80,35,37,68,0.698579471168841
80,35,38,69,0.7417604475582434
80,35,39,68,0.7923900660742766
80,35,40,67,0.5966399097784264
80,35,41,66,0.6623524267599475
80,35,42,66,0.6823952095808383
80,35,43,68,0.6614829069672405
80,35,44,70,0.7943032634740643
80,35,45,66,0.6263255733952541
80,35,46,67,0.6355555044447255
80,35,47,66,0.7723013608025183
80,35,48,67,0.6687962299442508
80,35,49,68,0.6787132193513892
80,36,37,66,0.8898512521182451
80,36,38,66,0.8422621709447575
80,36,39,65,0.7754006763711219
80,36,40,66,0.7172654218860789
80,36,41,66,0.754955612306944
80,36,42,69,0.8277376448456961
80,36,43,67,0.8657195029617423
80,36,44,68,0.6736929601220186
80,36,45,66,0.7294887039239001
80,36,46,69,0.8350324283485582
80,36,47,67,0.858504796958909
80,36,48,68,0.8230823269425607
80,36,49,68,0.7097988349334662
80,37,38,70,0.9109210078311202
80,37,39,68,0.7408506664402751
80,37,40,67,0.7895921612460615
80,37,41,68,0.7900743371530713
80,37,42,66,0.8288135863753172
80,37,43,70,0.9172890733056708
80,37,44,66,0.8479653039448756
80,37,45,66,0.8225172536999078
80,37,46,67,0.8767564416796861
80,37,47,69,0.7678711174676849
80,37,48,66,0.6732337442804205
80,37,49,66,0.7424431395637084
80,38,39,66,0.7934349337507624
80,38,40,68,0.8184191787324947
80,38,41,67,0.8813552901961156
80,38,42,67,0.8249615671401349
80,38,43,68,0.8577728146818842
80,38,44,66,0.7740786487806279
80,38,45,69,0.9053265442907825
80,38,46,68,0.8546249080731525
80,38,47,68,0.7334444083508853
80,38,48,66,0.680664666407091
80,38,49,66,0.700159355866812
80,39,40,67,0.6366133690216242
80,39,41,68,0.7617687575278937
80,39,42,66,0.6852386848259733
80,39,43,68,0.7715281234444997
80,39,44,69,0.7034324111629033
80,39,45,67,0.6480549535319399
80,39,46,66,0.8117375149937099
80,39,47,66,0.7023848388887075
80,39,48,68,0.72298338062424
80,39,49,67,0.7263127333616912
80,40,41,65,0.8850384126457747
80,40,42,65,0.8601802519543893
80,40,43,68,0.8116974962802402
80,40,44,69,0.6600452113785379
80,40,45,69,0.7367751780264497
80,40,46,69,0.8038423689677573
80,40,47,65,0.659031299178178
80,40,48,66,0.6758181731819694
80,40,49,66,0.4887865609277735
80,41,42,70,0.8054724241128688
80,41,43,67,0.7941063871615259
80,41,44,66,0.652058371766553
80,41,45,66,0.8157051282051282
80,41,46,67,0.8180856899073623
80,41,47,69,0.6574802024978973
80,41,48,66,0.7046317053422416
80,41,49,66,0.5741547312764621
80,42,43,66,0.8372781065088757
80,42,44,69,0.7093668700770882
80,42,45,68,0.7748158887589173
80,42,46,66,0.8255266735611615
80,42,47,68,0.6565885940439888
80,42,48,65,0.7387395328338475
80,42,49,66,0.6225330315236808
80,43,44,69,0.7652667050217802
80,43,45,71,0.7777317675119673
80,43,46,67,0.9040052100293064
80,43,47,69,0.8209154488076947
80,43,48,66,0.6951724137931035
80,43,49,67,0.7424512297659919
80,44,45,68,0.6717322474792182
80,44,46,67,0.6386351418675037
80,44,47,66,0.6149658253691156
80,44,48,67,0.49914496506571554
80,44,49,68,0.6404809738910856
80,45,46,68,0.8098427655105863
80,45,47,68,0.6185424745088387
80,45,48,66,0.626266877558363
80,45,49,69,0.6401445284833978
80,46,47,66,0.7034248239008987
80,46,48,69,0.7706064685195023
80,46,49,67,0.7241118614210217
80,47,48,68,0.7489343093720335
80,47,49,68,0.656281945371764
80,48,49,69,0.6710683967675326
95,0,1,95,1.0
95,0,2,95,1.0
95,0,3,95,1.0
95,0,4,95,1.0
95,0,5,95,1.0
95,0,6,95,1.0
95,0,7,95,1.0
95,0,8,95,1.0
95,0,9,95,1.0
95,0,10,95,1.0
95,0,11,95,1.0
95,0,12,95,1.0
95,0,13,95,1.0
95,0,14,95,1.0
95,0,15,95,1.0
95,0,16,95,1.0
95,0,17,95,1.0
95,0,18,95,1.0
95,0,19,95,1.0
95,0,20,95,1.0
95,0,21,95,1.0
95,0,22,95,1.0
95,0,23,95,1.0
95,0,24,95,1.0
95,0,25,95,1.0
95,0,26,95,1.0
95,0,27,95,1.0
95,0,28,95,1.0
95,0,29,95,1.0
95,0,30,95,1.0
95,0,31,95,1.0
95,0,32,95,1.0
95,0,33,95,1.0
95,0,34,95,1.0
95,0,35,95,1.0
95,0,36,95,1.0
95,0,37,95,1.0
95,0,38,95,1.0
95,0,39,95,1.0
95,0,40,95,1.0
95,0,41,95,1.0
95,0,42,95,1.0
95,0,43,95,1.0
95,0,44,95,1.0
95,0,45,95,1.0
95,0,46,95,1.0
95,0,47,95,1.0
95,0,48,95,1.0
95,0,49,95,1.0
95,1,2,95,1.0
95,1,3,95,1.0
95,1,4,95,1.0
95,1,5,95,1.0
95,1,6,95,1.0
95,1,7,95,1.0
95,1,8,95,1.0
95,1,9,95,1.0
95,1,10,95,1.0
95,1,11,95,1.0
95,1,12,95,1.0
95,1,13,95,1.0
95,1,14,95,1.0
95,1,15,95,1.0
95,1,16,95,1.0
95,1,17,95,1.0
95,1,18,95,1.0
95,1,19,95,1.0
95,1,20,95,1.0
95,1,21,95,1.0
95,1,22,95,1.0
95,1,23,95,1.0
95,1,24,95,1.0
95,1,25,95,1.0
95,1,26,95,1.0
95,1,27,95,1.0
95,1,28,95,1.0
95,1,29,95,1.0
95,1,30,95,1.0
95,1,31,95,1.0
95,1,32,95,1.0
95,1,33,95,1.0
95,1,34,95,1.0
95,1,35,95,1.0
95,1,36,95,1.0
95,1,37,95,1.0
95,1,38,95,1.0
95,1,39,95,1.0
95,1,40,95,1.0
95,1,41,95,1.0
95,1,42,95,1.0
95,1,43,95,1.0
95,1,44,95,1.0
95,1,45,95,1.0
95,1,46,95,1.0
95,1,47,95,1.0
95,1,48,95,1.0
95,1,49,95,1.0
95,2,3,95,1.0
95,2,4,95,1.0
95,2,5,95,1.0
95,2,6,95,1.0
95,2,7,95,1.0
95,2,8,95,1.0
95,2,9,95,1.0
95,2,10,95,1.0
95,2,11,95,1.0
95,2,12,95,1.0
95,2,13,95,1.0
95,2,14,95,1.0
95,2,15,95,1.0
95,2,16,95,1.0
95,2,17,95,1.0
95,2,18,95,1.0
95,2,19,95,1.0
95,2,20,95,1.0
95,2,21,95,1.0
95,2,22,95,1.0
95,2,23,95,1.0
95,2,24,95,1.0
95,2,25,95,1.0
95,2,26,95,1.0
95,2,27,95,1.0
95,2,28,95,1.0
95,2,29,95,1.0
95,2,30,95,1.0
95,2,31,95,1.0
95,2,32,95,1.0
95,2,33,95,1.0
95,2,34,95,1.0
95,2,35,95,1.0
95,2,36,95,1.0
95,2,37,95,1.0
95,2,38,95,1.0
95,2,39,95,1.0
95,2,40,95,1.0
95,2,41,95,1.0
95,2,42,95,1.0
95,2,43,95,1.0
95,2,44,95,1.0
95,2,45,95,1.0
95,2,46,95,1.0
95,2,47,95,1.0
95,2,48,95,1.0
95,2,49,95,1.0
95,3,4,95,1.0
95,3,5,95,1.0
95,3,6,95,1.0
95,3,7,95,1.0
95,3,8,95,1.0
95,3,9,95,1.0
95,3,10,95,1.0
95,3,11,95,1.0
95,3,12,95,1.0
95,3,13,95,1.0
95,3,14,95,1.0
95,3,15,95,1.0
95,3,16,95,1.0
95,3,17,95,1.0
95,3,18,95,1.0
95,3,19,95,1.0
95,3,20,95,1.0
95,3,21,95,1.0
95,3,22,95,1.0
95,3,23,95,1.0
95,3,24,95,1.0
95,3,25,95,1.0
95,3,26,95,1.0
95,3,27,95,1.0
95,3,28,95,1.0
95,3,29,95,1.0
95,3,30,95,1.0
95,3,31,95,1.0
95,3,32,95,1.0
95,3,33,95,1.0
95,3,34,95,1.0
95,3,35,95,1.0
95,3,36,95,1.0
95,3,37,95,1.0
95,3,38,95,1.0
95,3,39,95,1.0
95,3,40,95,1.0
95,3,41,95,1.0
95,3,42,95,1.0
95,3,43,95,1.0
95,3,44,95,1.0
95,3,45,95,1.0
95,3,46,95,1.0
95,3,47,95,1.0
95,3,48,95,1.0
95,3,49,95,1.0
95,4,5,95,1.0
95,4,6,95,1.0
95,4,7,95,1.0
95,4,8,95,1.0
95,4,9,95,1.0
95,4,10,95,1.0
95,4,11,95,1.0
95,4,12,95,1.0
95,4,13,95,1.0
95,4,14,95,1.0
95,4,15,95,1.0
95,4,16,95,1.0
95,4,17,95,1.0
95,4,18,95,1.0
95,4,19,95,1.0
95,4,20,95,1.0
95,4,21,95,1.0
95,4,22,95,1.0
95,4,23,95,1.0
95,4,24,95,1.0
95,4,25,95,1.0
95,4,26,95,1.0
95,4,27,95,1.0
95,4,28,95,1.0
95,4,29,95,1.0
95,4,30,95,1.0
95,4,31,95,1.0
95,4,32,95,1.0
95,4,33,95,1.0
95,4,34,95,1.0
95,4,35,95,1.0
95,4,36,95,1.0
95,4,37,95,1.0
95,4,38,95,1.0
95,4,39,95,1.0
95,4,40,95,1.0
95,4,41,95,1.0
95,4,42,95,1.0
95,4,43,95,1.0
95,4,44,95,1.0
95,4,45,95,1.0
95,4,46,95,1.0
95,4,47,95,1.0
95,4,48,95,1.0
95,4,49,95,1.0
95,5,6,95,1.0
95,5,7,95,1.0
95,5,8,95,1.0
95,5,9,95,1.0
95,5,10,95,1.0
95,5,11,95,1.0
95,5,12,95,1.0
95,5,13,95,1.0
95,5,14,95,1.0
95,5,15,95,1.0
95,5,16,95,1.0
95,5,17,95,1.0
95,5,18,95,1.0
95,5,19,95,1.0
95,5,20,95,1.0
95,5,21,95,1.0
95,5,22,95,1.0
95,5,23,95,1.0
95,5,24,95,1.0
95,5,25,95,1.0
95,5,26,95,1.0
95,5,27,95,1.0
95,5,28,95,1.0
95,5,29,95,1.0
95,5,30,95,1.0
95,5,31,95,1.0
95,5,32,95,1.0
95,5,33,95,1.0
95,5,34,95,1.0
95,5,35,95,1.0
95,5,36,95,1.0
95,5,37,95,1.0
95,5,38,95,1.0
95,5,39,95,1.0
95,5,40,95,1.0
95,5,41,95,1.0
95,5,42,95,1.0
95,5,43,95,1.0
95,5,44,95,1.0
95,5,45,95,1.0
95,5,46,95,1.0
95,5,47,95,1.0
95,5,48,95,1.0
95,5,49,95,1.0
95,6,7,95,1.0
95,6,8,95,1.0
95,6,9,95,1.0
95,6,10,95,1.0
95,6,11,95,1.0
95,6,12,95,1.0
95,6,13,95,1.0
95,6,14,95,1.0
95,6,15,95,1.0
95,6,16,95,1.0
95,6,17,95,1.0
95,6,18,95,1.0
95,6,19,95,1.0
95,6,20,95,1.0
95,6,21,95,1.0
95,6,22,95,1.0
95,6,23,95,1.0
95,6,24,95,1.0
95,6,25,95,1.0
95,6,26,95,1.0
95,6,27,95,1.0
95,6,28,95,1.0
95,6,29,95,1.0
95,6,30,95,1.0
95,6,31,95,1.0
95,6,32,95,1.0
95,6,33,95,1.0
95,6,34,95,1.0
95,6,35,95,1.0
95,6,36,95,1.0
95,6,37,95,1.0
95,6,38,95,1.0
95,6,39,95,1.0
95,6,40,95,1.0
95,6,41,95,1.0
95,6,42,95,1.0
95,6,43,95,1.0
95,6,44,95,1.0
95,6,45,95,1.0
95,6,46,95,1.0
95,6,47,95,1.0
95,6,48,95,1.0
95,6,49,95,1.0
95,7,8,95,1.0
95,7,9,95,1.0
95,7,10,95,1.0
95,7,11,95,1.0
95,7,12,95,1.0
95,7,13,95,1.0
95,7,14,95,1.0
95,7,15,95,1.0
95,7,16,95,1.0
95,7,17,95,1.0
95,7,18,95,1.0
95,7,19,95,1.0
95,7,20,95,1.0
95,7,21,95,1.0
95,7,22,95,1.0
95,7,23,95,1.0
95,7,24,95,1.0
95,7,25,95,1.0
95,7,26,95,1.0
95,7,27,95,1.0
95,7,28,95,1.0
95,7,29,95,1.0
95,7,30,95,1.0
95,7,31,95,1.0
95,7,32,95,1.0
95,7,33,95,1.0
95,7,34,95,1.0
95,7,35,95,1.0
95,7,36,95,1.0
95,7,37,95,1.0
95,7,38,95,1.0
95,7,39,95,1.0
95,7,40,95,1.0
95,7,41,95,1.0
95,7,42,95,1.0
95,7,43,95,1.0
95,7,44,95,1.0
95,7,45,95,1.0
95,7,46,95,1.0
95,7,47,95,1.0
95,7,48,95,1.0
95,7,49,95,1.0
95,8,9,95,1.0
95,8,10,95,1.0
95,8,11,95,1.0
95,8,12,95,1.0
95,8,13,95,1.0
95,8,14,95,1.0
95,8,15,95,1.0
95,8,16,95,1.0
95,8,17,95,1.0
95,8,18,95,1.0
95,8,19,95,1.0
95,8,20,95,1.0
95,8,21,95,1.0
95,8,22,95,1.0
95,8,23,95,1.0
95,8,24,95,1.0
95,8,25,95,1.0
95,8,26,95,1.0
95,8,27,95,1.0
95,8,28,95,1.0
95,8,29,95,1.0
95,8,30,95,1.0
95,8,31,95,1.0
95,8,32,95,1.0
95,8,33,95,1.0
95,8,34,95,1.0
95,8,35,95,1.0
95,8,36,95,1.0
95,8,37,95,1.0
95,8,38,95,1.0
95,8,39,95,1.0
95,8,40,95,1.0
95,8,41,95,1.0
95,8,42,95,1.0
95,8,43,95,1.0
95,8,44,95,1.0
95,8,45,95,1.0
95,8,46,95,1.0
95,8,47,95,1.0
95,8,48,95,1.0
95,8,49,95,1.0
95,9,10,95,1.0
95,9,11,95,1.0
95,9,12,95,1.0
95,9,13,95,1.0
95,9,14,95,1.0
95,9,15,95,1.0
95,9,16,95,1.0
95,9,17,95,1.0
95,9,18,95,1.0
95,9,19,95,1.0
95,9,20,95,1.0
95,9,21,95,1.0
95,9,22,95,1.0
95,9,23,95,1.0
95,9,24,95,1.0
95,9,25,95,1.0
95,9,26,95,1.0
95,9,27,95,1.0
95,9,28,95,1.0
95,9,29,95,1.0
95,9,30,95,1.0
95,9,31,95,1.0
95,9,32,95,1.0
95,9,33,95,1.0
95,9,34,95,1.0
95,9,35,95,1.0
95,9,36,95,1.0
95,9,37,95,1.0
95,9,38,95,1.0
95,9,39,95,1.0
95,9,40,95,1.0
95,9,41,95,1.0
95,9,42,95,1.0
95,9,43,95,1.0
95,9,44,95,1.0
95,9,45,95,1.0
95,9,46,95,1.0
95,9,47,95,1.0
95,9,48,95,1.0
95,9,49,95,1.0
95,10,11,95,1.0
95,10,12,95,1.0
95,10,13,95,1.0
95,10,14,95,1.0
95,10,15,95,1.0
95,10,16,95,1.0
95,10,17,95,1.0
95,10,18,95,1.0
95,10,19,95,1.0
95,10,20,95,1.0
95,10,21,95,1.0
95,10,22,95,1.0
95,10,23,95,1.0
95,10,24,95,1.0
95,10,25,95,1.0
95,10,26,95,1.0
95,10,27,95,1.0
95,10,28,95,1.0
95,10,29,95,1.0
95,10,30,95,1.0
95,10,31,95,1.0
95,10,32,95,1.0
95,10,33,95,1.0
95,10,34,95,1.0
95,10,35,95,1.0
95,10,36,95,1.0
95,10,37,95,1.0
95,10,38,95,1.0
95,10,39,95,1.0
95,10,40,95,1.0
95,10,41,95,1.0
95,10,42,95,1.0
95,10,43,95,1.0
95,10,44,95,1.0
95,10,45,95,1.0
95,10,46,95,1.0
95,10,47,95,1.0
95,10,48,95,1.0
95,10,49,95,1.0
95,11,12,95,1.0
95,11,13,95,1.0
95,11,14,95,1.0
95,11,15,95,1.0
95,11,16,95,1.0
95,11,17,95,1.0
95,11,18,95,1.0
95,11,19,95,1.0
95,11,20,95,1.0
95,11,21,95,1.0
95,11,22,95,1.0
95,11,23,95,1.0
95,11,24,95,1.0
95,11,25,95,1.0
95,11,26,95,1.0
95,11,27,95,1.0
95,11,28,95,1.0
95,11,29,95,1.0
95,11,30,95,1.0
95,11,31,95,1.0
95,11,32,95,1.0
95,11,33,95,1.0
95,11,34,95,1.0
95,11,35,95,1.0
95,11,36,95,1.0
95,11,37,95,1.0
95,11,38,95,1.0
95,11,39,95,1.0
95,11,40,95,1.0
95,11,41,95,1.0
95,11,42,95,1.0
95,11,43,95,1.0
95,11,44,95,1.0
95,11,45,95,1.0
95,11,46,95,1.0
95,11,47,95,1.0
95,11,48,95,1.0
95,11,49,95,1.0
95,12,13,95,1.0
95,12,14,95,1.0
95,12,15,95,1.0
95,12,16,95,1.0
95,12,17,95,1.0
95,12,18,95,1.0
95,12,19,95,1.0
95,12,20,95,1.0
95,12,21,95,1.0
95,12,22,95,1.0
95,12,23,95,1.0
95,12,24,95,1.0
95,12,25,95,1.0
95,12,26,95,1.0
95,12,27,95,1.0
95,12,28,95,1.0
95,12,29,95,1.0
95,12,30,95,1.0
95,12,31,95,1.0
95,12,32,95,1.0
95,12,33,95,1.0
95,12,34,95,1.0
95,12,35,95,1.0
95,12,36,95,1.0
95,12,37,95,1.0
95,12,38,95,1.0
95,12,39,95,1.0
95,12,40,95,1.0
95,12,41,95,1.0
95,12,42,95,1.0
95,12,43,95,1.0
95,12,44,95,1.0
95,12,45,95,1.0
95,12,46,95,1.0
95,12,47,95,1.0
95,12,48,95,1.0
95,12,49,95,1.0
95,13,14,95,1.0
95,13,15,95,1.0
95,13,16,95,1.0
95,13,17,95,1.0
95,13,18,95,1.0
95,13,19,95,1.0
95,13,20,95,1.0
95,13,21,95,1.0
95,13,22,95,1.0
95,13,23,95,1.0
95,13,24,95,1.0
95,13,25,95,1.0
95,13,26,95,1.0
95,13,27,95,1.0
95,13,28,95,1.0
95,13,29,95,1.0
95,13,30,95,1.0
95,13,31,95,1.0
95,13,32,95,1.0
95,13,33,95,1.0
95,13,34,95,1.0
95,13,35,95,1.0
95,13,36,95,1.0
95,13,37,95,1.0
95,13,38,95,1.0
95,13,39,95,1.0
95,13,40,95,1.0
95,13,41,95,1.0
95,13,42,95,1.0
95,13,43,95,1.0
95,13,44,95,1.0
95,13,45,95,1.0
95,13,46,95,1.0
95,13,47,95,1.0
95,13,48,95,1.0
95,13,49,95,1.0
95,14,15,95,1.0
95,14,16,95,1.0
95,14,17,95,1.0
95,14,18,95,1.0
95,14,19,95,1.0
95,14,20,95,1.0
95,14,21,95,1.0
95,14,22,95,1.0
95,14,23,95,1.0
95,14,24,95,1.0
95,14,25,95,1.0
95,14,26,95,1.0
95,14,27,95,1.0
95,14,28,95,1.0
95,14,29,95,1.0
95,14,30,95,1.0
95,14,31,95,1.0
95,14,32,95,1.0
95,14,33,95,1.0
95,14,34,95,1.0
95,14,35,95,1.0
95,14,36,95,1.0
95,14,37,95,1.0
95,14,38,95,1.0
95,14,39,95,1.0
95,14,40,95,1.0
95,14,41,95,1.0
95,14,42,95,1.0
95,14,43,95,1.0
95,14,44,95,1.0
95,14,45,95,1.0
95,14,46,95,1.0
95,14,47,95,1.0
95,14,48,95,1.0
95,14,49,95,1.0
95,15,16,95,1.0
95,15,17,95,1.0
95,15,18,95,1.0
95,15,19,95,1.0
95,15,20,95,1.0
95,15,21,95,1.0
95,15,22,95,1.0
95,15,23,95,1.0
95,15,24,95,1.0
95,15,25,95,1.0
95,15,26,95,1.0
95,15,27,95,1.0
95,15,28,95,1.0
95,15,29,95,1.0
95,15,30,95,1.0
95,15,31,95,1.0
95,15,32,95,1.0
95,15,33,95,1.0
95,15,34,95,1.0
95,15,35,95,1.0
95,15,36,95,1.0
95,15,37,95,1.0
95,15,38,95,1.0
95,15,39,95,1.0
95,15,40,95,1.0
95,15,41,95,1.0
95,15,42,95,1.0
95,15,43,95,1.0
95,15,44,95,1.0
95,15,45,95,1.0
95,15,46,95,1.0
95,15,47,95,1.0
95,15,48,95,1.0
95,15,49,95,1.0
95,16,17,95,1.0
95,16,18,95,1.0
95,16,19,95,1.0
95,16,20,95,1.0
95,16,21,95,1.0
95,16,22,95,1.0
95,16,23,95,1.0
95,16,24,95,1.0
95,16,25,95,1.0
95,16,26,95,1.0
95,16,27,95,1.0
95,16,28,95,1.0
95,16,29,95,1.0
95,16,30,95,1.0
95,16,31,95,1.0
95,16,32,95,1.0
95,16,33,95,1.0
95,16,34,95,1.0
95,16,35,95,1.0
95,16,36,95,1.0
95,16,37,95,1.0
95,16,38,95,1.0
95,16,39,95,1.0
95,16,40,95,1.0
95,16,41,95,1.0
95,16,42,95,1.0
95,16,43,95,1.0
95,16,44,95,1.0
95,16,45,95,1.0
95,16,46,95,1.0
95,16,47,95,1.0
95,16,48,95,1.0
95,16,49,95,1.0
95,17,18,95,1.0
95,17,19,95,1.0
95,17,20,95,1.0
95,17,21,95,1.0
95,17,22,95,1.0
95,17,23,95,1.0
95,17,24,95,1.0
95,17,25,95,1.0
95,17,26,95,1.0
95,17,27,95,1.0
95,17,28,95,1.0
95,17,29,95,1.0
95,17,30,95,1.0
95,17,31,95,1.0
95,17,32,95,1.0
95,17,33,95,1.0
95,17,34,95,1.0
95,17,35,95,1.0
95,17,36,95,1.0
95,17,37,95,1.0
95,17,38,95,1.0
95,17,39,95,1.0
95,17,40,95,1.0
95,17,41,95,1.0
95,17,42,95,1.0
95,17,43,95,1.0
95,17,44,95,1.0
95,17,45,95,1.0
95,17,46,95,1.0
95,17,47,95,1.0
95,17,48,95,1.0
95,17,49,95,1.0
95,18,19,95,1.0
95,18,20,95,1.0
95,18,21,95,1.0
95,18,22,95,1.0
95,18,23,95,1.0
95,18,24,95,1.0
95,18,25,95,1.0
95,18,26,95,1.0
95,18,27,95,1.0
95,18,28,95,1.0
95,18,29,95,1.0
95,18,30,95,1.0
95,18,31,95,1.0
95,18,32,95,1.0
95,18,33,95,1.0
95,18,34,95,1.0
95,18,35,95,1.0
95,18,36,95,1.0
95,18,37,95,1.0
95,18,38,95,1.0
95,18,39,95,1.0
95,18,40,95,1.0
95,18,41,95,1.0
95,18,42,95,1.0
95,18,43,95,1.0
95,18,44,95,1.0
95,18,45,95,1.0
95,18,46,95,1.0
95,18,47,95,1.0
95,18,48,95,1.0
95,18,49,95,1.0
95,19,20,95,1.0
95,19,21,95,1.0
95,19,22,95,1.0
95,19,23,95,1.0
95,19,24,95,1.0
95,19,25,95,1.0
95,19,26,95,1.0
95,19,27,95,1.0
95,19,28,95,1.0
95,19,29,95,1.0
95,19,30,95,1.0
95,19,31,95,1.0
95,19,32,95,1.0
95,19,33,95,1.0
95,19,34,95,1.0
95,19,35,95,1.0
95,19,36,95,1.0
95,19,37,95,1.0
95,19,38,95,1.0
95,19,39,95,1.0
95,19,40,95,1.0
95,19,41,95,1.0
95,19,42,95,1.0
95,19,43,95,1.0
95,19,44,95,1.0
95,19,45,95,1.0
95,19,46,95,1.0
95,19,47,95,1.0
95,19,48,95,1.0
95,19,49,95,1.0
95,20,21,95,1.0
95,20,22,95,1.0
95,20,23,95,1.0
95,20,24,95,1.0
95,20,25,95,1.0
95,20,26,95,1.0
95,20,27,95,1.0
95,20,28,95,1.0
95,20,29,95,1.0
95,20,30,95,1.0
95,20,31,95,1.0
95,20,32,95,1.0
95,20,33,95,1.0
95,20,34,95,1.0
95,20,35,95,1.0
95,20,36,95,1.0
95,20,37,95,1.0
95,20,38,95,1.0
95,20,39,95,1.0
95,20,40,95,1.0
95,20,41,95,1.0
95,20,42,95,1.0
95,20,43,95,1.0
95,20,44,95,1.0
95,20,45,95,1.0
95,20,46,95,1.0
95,20,47,95,1.0
95,20,48,95,1.0
95,20,49,95,1.0
95,21,22,95,1.0
95,21,23,95,1.0
95,21,24,95,1.0
95,21,25,95,1.0
95,21,26,95,1.0
95,21,27,95,1.0
95,21,28,95,1.0
95,21,29,95,1.0
95,21,30,95,1.0
95,21,31,95,1.0
95,21,32,95,1.0
95,21,33,95,1.0
95,21,34,95,1.0
95,21,35,95,1.0
95,21,36,95,1.0
95,21,37,95,1.0
95,21,38,95,1.0
95,21,39,95,1.0
95,21,40,95,1.0
95,21,41,95,1.0
95,21,42,95,1.0
95,21,43,95,1.0
95,21,44,95,1.0
95,21,45,95,1.0
95,21,46,95,1.0
95,21,47,95,1.0
95,21,48,95,1.0
95,21,49,95,1.0
95,22,23,95,1.0
95,22,24,95,1.0
95,22,25,95,1.0
95,22,26,95,1.0
95,22,27,95,1.0
95,22,28,95,1.0
95,22,29,95,1.0
95,22,30,95,1.0
95,22,31,95,1.0
95,22,32,95,1.0
95,22,33,95,1.0
95,22,34,95,1.0
95,22,35,95,1.0
95,22,36,95,1.0
95,22,37,95,1.0
95,22,38,95,1.0
95,22,39,95,1.0
95,22,40,95,1.0
95,22,41,95,1.0
95,22,42,95,1.0
95,22,43,95,1.0
95,22,44,95,1.0
95,22,45,95,1.0
95,22,46,95,1.0
95,22,47,95,1.0
95,22,48,95,1.0
95,22,49,95,1.0
95,23,24,95,1.0
95,23,25,95,1.0
95,23,26,95,1.0
95,23,27,95,1.0
95,23,28,95,1.0
95,23,29,95,1.0
95,23,30,95,1.0
95,23,31,95,1.0
95,23,32,95,1.0
95,23,33,95,1.0
95,23,34,95,1.0
95,23,35,95,1.0
95,23,36,95,1.0
95,23,37,95,1.0
95,23,38,95,1.0
95,23,39,95,1.0
95,23,40,95,1.0
95,23,41,95,1.0
95,23,42,95,1.0
95,23,43,95,1.0
95,23,44,95,1.0
95,23,45,95,1.0
95,23,46,95,1.0
95,23,47,95,1.0
95,23,48,95,1.0
95,23,49,95,1.0
95,24,25,95,1.0
95,24,26,95,1.0
95,24,27,95,1.0
95,24,28,95,1.0
95,24,29,95,1.0
95,24,30,95,1.0
95,24,31,95,1.0
95,24,32,95,1.0
95,24,33,95,1.0
95,24,34,95,1.0
95,24,35,95,1.0
95,24,36,95,1.0
95,24,37,95,1.0
95,24,38,95,1.0
95,24,39,95,1.0
95,24,40,95,1.0
95,24,41,95,1.0
95,24,42,95,1.0
95,24,43,95,1.0
95,24,44,95,1.0
95,24,45,95,1.0
95,24,46,95,1.0
95,24,47,95,1.0
95,24,48,95,1.0
95,24,49,95,1.0
95,25,26,95,1.0
95,25,27,95,1.0
95,25,28,95,1.0
95,25,29,95,1.0
95,25,30,95,1.0
95,25,31,95,1.0
95,25,32,95,1.0
95,25,33,95,1.0
95,25,34,95,1.0
95,25,35,95,1.0
95,25,36,95,1.0
95,25,37,95,1.0
95,25,38,95,1.0
95,25,39,95,1.0
95,25,40,95,1.0
95,25,41,95,1.0
95,25,42,95,1.0
95,25,43,95,1.0
95,25,44,95,1.0
95,25,45,95,1.0
95,25,46,95,1.0
95,25,47,95,1.0
95,25,48,95,1.0
95,25,49,95,1.0
95,26,27,95,1.0
95,26,28,95,1.0
95,26,29,95,1.0
95,26,30,95,1.0
95,26,31,95,1.0
95,26,32,95,1.0
95,26,33,95,1.0
95,26,34,95,1.0
95,26,35,95,1.0
95,26,36,95,1.0
95,26,37,95,1.0
95,26,38,95,1.0
95,26,39,95,1.0
95,26,40,95,1.0
95,26,41,95,1.0
95,26,42,95,1.0
95,26,43,95,1.0
95,26,44,95,1.0
95,26,45,95,1.0
95,26,46,95,1.0
95,26,47,95,1.0
95,26,48,95,1.0
95,26,49,95,1.0
95,27,28,95,1.0
95,27,29,95,1.0
95,27,30,95,1.0
95,27,31,95,1.0
95,27,32,95,1.0
95,27,33,95,1.0
95,27,34,95,1.0
95,27,35,95,1.0
95,27,36,95,1.0
95,27,37,95,1.0
95,27,38,95,1.0
95,27,39,95,1.0
95,27,40,95,1.0
95,27,41,95,1.0
95,27,42,95,1.0
95,27,43,95,1.0
95,27,44,95,1.0
95,27,45,95,1.0
95,27,46,95,1.0
95,27,47,95,1.0
95,27,48,95,1.0
95,27,49,95,1.0
95,28,29,95,1.0
95,28,30,95,1.0
95,28,31,95,1.0
95,28,32,95,1.0
95,28,33,95,1.0
95,28,34,95,1.0
95,28,35,95,1.0
95,28,36,95,1.0
95,28,37,95,1.0
95,28,38,95,1.0
95,28,39,95,1.0
95,28,40,95,1.0
95,28,41,95,1.0
95,28,42,95,1.0
95,28,43,95,1.0
95,28,44,95,1.0
95,28,45,95,1.0
95,28,46,95,1.0
95,28,47,95,1.0
95,28,48,95,1.0
95,28,49,95,1.0
95,29,30,95,1.0
95,29,31,95,1.0
95,29,32,95,1.0
95,29,33,95,1.0
95,29,34,95,1.0
95,29,35,95,1.0
95,29,36,95,1.0
95,29,37,95,1.0
95,29,38,95,1.0
95,29,39,95,1.0
95,29,40,95,1.0
95,29,41,95,1.0
95,29,42,95,1.0
95,29,43,95,1.0
95,29,44,95,1.0
95,29,45,95,1.0
95,29,46,95,1.0
95,29,47,95,1.0
95,29,48,95,1.0
95,29,49,95,1.0
95,30,31,95,1.0
95,30,32,95,1.0
95,30,33,95,1.0
95,30,34,95,1.0
95,30,35,95,1.0
95,30,36,95,1.0
95,30,37,95,1.0
95,30,38,95,1.0
95,30,39,95,1.0
95,30,40,95,1.0
95,30,41,95,1.0
95,30,42,95,1.0
95,30,43,95,1.0
95,30,44,95,1.0
95,30,45,95,1.0
95,30,46,95,1.0
95,30,47,95,1.0
95,30,48,95,1.0
95,30,49,95,1.0
95,31,32,95,1.0
95,31,33,95,1.0
95,31,34,95,1.0
95,31,35,95,1.0
95,31,36,95,1.0
95,31,37,95,1.0
95,31,38,95,1.0
95,31,39,95,1.0
95,31,40,95,1.0
95,31,41,95,1.0
95,31,42,95,1.0
95,31,43,95,1.0
95,31,44,95,1.0
95,31,45,95,1.0
95,31,46,95,1.0
95,31,47,95,1.0
95,31,48,95,1.0
95,31,49,95,1.0
95,32,33,95,1.0
95,32,34,95,1.0
95,32,35,95,1.0
95,32,36,95,1.0
95,32,37,95,1.0
95,32,38,95,1.0
95,32,39,95,1.0
95,32,40,95,1.0
95,32,41,95,1.0
95,32,42,95,1.0
95,32,43,95,1.0
95,32,44,95,1.0
95,32,45,95,1.0
95,32,46,95,1.0
95,32,47,95,1.0
95,32,48,95,1.0
95,32,49,95,1.0
95,33,34,95,1.0
95,33,35,95,1.0
95,33,36,95,1.0
95,33,37,95,1.0
95,33,38,95,1.0
95,33,39,95,1.0
95,33,40,95,1.0
95,33,41,95,1.0
95,33,42,95,1.0
95,33,43,95,1.0
95,33,44,95,1.0
95,33,45,95,1.0
95,33,46,95,1.0
95,33,47,95,1.0
95,33,48,95,1.0
95,33,49,95,1.0
95,34,35,95,1.0
95,34,36,95,1.0
95,34,37,95,1.0
95,34,38,95,1.0
95,34,39,95,1.0
95,34,40,95,1.0
95,34,41,95,1.0
95,34,42,95,1.0
95,34,43,95,1.0
95,34,44,95,1.0
95,34,45,95,1.0
95,34,46,95,1.0
95,34,47,95,1.0
95,34,48,95,1.0
95,34,49,95,1.0
95,35,36,95,1.0
95,35,37,95,1.0
95,35,38,95,1.0
95,35,39,95,1.0
95,35,40,95,1.0
95,35,41,95,1.0
95,35,42,95,1.0
95,35,43,95,1.0
95,35,44,95,1.0
95,35,45,95,1.0
95,35,46,95,1.0
95,35,47,95,1.0
95,35,48,95,1.0
95,35,49,95,1.0
95,36,37,95,1.0
95,36,38,95,1.0
95,36,39,95,1.0
95,36,40,95,1.0
95,36,41,95,1.0
95,36,42,95,1.0
95,36,43,95,1.0
95,36,44,95,1.0
95,36,45,95,1.0
95,36,46,95,1.0
95,36,47,95,1.0
95,36,48,95,1.0
95,36,49,95,1.0
95,37,38,95,1.0
95,37,39,95,1.0
95,37,40,95,1.0
95,37,41,95,1.0
95,37,42,95,1.0
95,37,43,95,1.0
95,37,44,95,1.0
95,37,45,95,1.0
95,37,46,95,1.0
95,37,47,95,1.0
95,37,48,95,1.0
95,37,49,95,1.0
95,38,39,95,1.0
95,38,40,95,1.0
95,38,41,95,1.0
95,38,42,95,1.0
95,38,43,95,1.0
95,38,44,95,1.0
95,38,45,95,1.0
95,38,46,95,1.0
95,38,47,95,1.0
95,38,48,95,1.0
95,38,49,95,1.0
95,39,40,95,1.0
95,39,41,95,1.0
95,39,42,95,1.0
95,39,43,95,1.0
95,39,44,95,1.0
95,39,45,95,1.0
95,39,46,95,1.0
95,39,47,95,1.0
95,39,48,95,1.0
95,39,49,95,1.0
95,40,41,95,1.0
95,40,42,95,1.0
95,40,43,95,1.0
95,40,44,95,1.0
95,40,45,95,1.0
95,40,46,95,1.0
95,40,47,95,1.0
95,40,48,95,1.0
95,40,49,95,1.0
95,41,42,95,1.0
95,41,43,95,1.0
95,41,44,95,1.0
95,41,45,95,1.0
95,41,46,95,1.0
95,41,47,95,1.0
95,41,48,95,1.0
95,41,49,95,1.0
95,42,43,95,1.0
95,42,44,95,1.0
95,42,45,95,1.0
95,42,46,95,1.0
95,42,47,95,1.0
95,42,48,95,1.0
95,42,49,95,1.0
95,43,44,95,1.0
95,43,45,95,1.0
95,43,46,95,1.0
95,43,47,95,1.0
95,43,48,95,1.0
95,43,49,95,1.0
95,44,45,95,1.0
95,44,46,95,1.0
95,44,47,95,1.0
95,44,48,95,1.0
95,44,49,95,1.0
95,45,46,95,1.0
95,45,47,95,1.0
95,45,48,95,1.0
95,45,49,95,1.0
95,46,47,95,1.0
95,46,48,95,1.0
95,46,49,95,1.0
95,47,48,95,1.0
95,47,49,95,1.0
95,48,49,95,1.0
