n_sub,rep,k,silhouette,is_best_k
40,0,2,0.11627521858385234,False
40,0,3,0.11482087246869217,False
40,0,5,0.12713980815786896,False
40,0,8,0.12355116266030067,False
40,0,10,0.12659412137687998,False
40,0,15,0.19419454459396962,False
40,0,20,0.20263729192897087,True
40,0,24,0.19458589660077588,False
40,0,28,0.17918874877583935,False
40,1,2,0.10797286205808254,False
40,1,3,0.12494602726880721,False
40,1,5,0.11715226806661945,False
40,1,8,0.0974466999284807,False
40,1,10,0.11700891117638404,False
40,1,15,0.13543793594336387,False
40,1,20,0.15782421455236012,False
40,1,24,0.15258262193271835,False
40,1,28,0.16389491066634826,True
40,2,2,0.15800080832623092,False
40,2,3,0.20348469866661856,False
40,2,5,0.19820156475169412,False
40,2,8,0.20500316910518293,False
40,2,10,0.21577392847717602,False
40,2,15,0.2607728294275178,False
40,2,20,0.27116699233566954,False
40,2,24,0.293342605558356,True
40,2,28,0.21490471002316403,False
40,3,2,0.06184114600210562,False
40,3,3,0.05572406919903532,False
40,3,5,0.0651326306202227,False
40,3,8,0.06362627687016789,False
40,3,10,0.06709930000182356,False
40,3,15,0.0828641874252595,False
40,3,20,0.08703771315512406,True
40,3,24,0.08412030878245572,False
40,3,28,0.08058586916689843,False
40,4,2,0.12535946999882813,False
40,4,3,0.11861238605779079,False
40,4,5,0.0941043778520438,False
40,4,8,0.10779073523926952,False
40,4,10,0.12354588516088345,False
40,4,15,0.11671937353878117,False
40,4,20,0.13132852173164347,False
40,4,24,0.1415236621807068,True
40,4,28,0.12581169452916502,False
40,5,2,0.1451588086538346,False
40,5,3,0.12939636024284465,False
40,5,5,0.1554183048881771,False
40,5,8,0.13909144816740704,False
40,5,10,0.14750168575640102,False
40,5,15,0.14594025250282244,False
40,5,20,0.16967384361229362,False
40,5,24,0.1775028745878538,True
40,5,28,0.1569813022329753,False
40,6,2,0.1580298508256792,False
40,6,3,0.1517078429533087,False
40,6,5,0.15404305331973345,False
40,6,8,0.1761885900488881,False
40,6,10,0.16952097872691757,False
40,6,15,0.21534716173081553,True
40,6,20,0.19780766623966256,False
40,6,24,0.18219966956055098,False
40,6,28,0.1693176147127561,False
40,7,2,0.11250638942941005,False
40,7,3,0.1324274990884529,False
40,7,5,0.12458522876911995,False
40,7,8,0.13897342609352242,False
40,7,10,0.1816239318448996,False
40,7,15,0.2195069041177696,False
40,7,20,0.23780487296134192,False
40,7,24,0.23921943490150577,True
40,7,28,0.20684935572606475,False
40,8,2,0.13611999384010048,False
40,8,3,0.11182272726972695,False
40,8,5,0.11552873856942511,False
40,8,8,0.13269957555716813,False
40,8,10,0.1375233264079398,False
40,8,15,0.17824550602545178,True
40,8,20,0.16939842295827887,False
40,8,24,0.15503701740229453,False
40,8,28,0.13796721733111733,False
40,9,2,0.1444089894416422,False
40,9,3,0.13112214433480554,False
40,9,5,0.11536398354735558,False
40,9,8,0.14677698139191614,False
40,9,10,0.18317636517955277,False
40,9,15,0.153575355130709,False
40,9,20,0.18631153381251728,True
40,9,24,0.17490590482921084,False
40,9,28,0.1624869203604394,False
40,10,2,0.08200640524445482,False
40,10,3,0.08374197492354876,False
40,10,5,0.07331372767011898,False
40,10,8,0.07321885201073415,False
40,10,10,0.07121776980279974,False
40,10,15,0.07062444712555252,False
40,10,20,0.08840183252552826,True
40,10,24,0.08750150454559355,False
40,10,28,0.08222653192553611,False
40,11,2,0.06479563484023955,False
40,11,3,0.06509969050816607,False
40,11,5,0.059667650963535344,False
40,11,8,0.07125530479502853,False
40,11,10,0.0626916007569082,False
40,11,15,0.06690667461300179,False
40,11,20,0.06364079275704185,False
40,11,24,0.07612712170000283,True
40,11,28,0.06700408231344121,False
40,12,2,0.07762041305200955,False
40,12,3,0.06960113580029732,False
40,12,5,0.06291958068643863,False
40,12,8,0.07583892077363626,False
40,12,10,0.08388977255471468,False
40,12,15,0.08496751926730425,False
40,12,20,0.09229790877885982,True
40,12,24,0.08334095606275142,False
40,12,28,0.07294454694750582,False
40,13,2,0.1378365812473661,False
40,13,3,0.11335735317764781,False
40,13,5,0.14833127941124785,False
40,13,8,0.17303322176690208,True
40,13,10,0.17226980635990022,False
40,13,15,0.16538413183165201,False
40,13,20,0.16586952786292247,False
40,13,24,0.16387406551922928,False
40,13,28,0.1470261304251666,False
40,14,2,0.11167503219029021,False
40,14,3,0.09849578588591491,False
40,14,5,0.10437201583574698,False
40,14,8,0.11262753475732387,False
40,14,10,0.12277118335651767,False
40,14,15,0.13527463015674288,True
40,14,20,0.12353036748702557,False
40,14,24,0.12447499631382027,False
40,14,28,0.12078001841134241,False
40,15,2,0.08099639714878999,False
40,15,3,0.07532672274488253,False
40,15,5,0.07891211944952117,False
40,15,8,0.07829071886184873,False
40,15,10,0.08572459444648109,True
40,15,15,0.0785337222116215,False
40,15,20,0.07541415822403671,False
40,15,24,0.08085248633158182,False
40,15,28,0.06896438199236452,False
40,16,2,0.09145648634800546,False
40,16,3,0.09747964941930928,False
40,16,5,0.09981567362216352,False
40,16,8,0.10353853924407423,False
40,16,10,0.10113183634397531,False
40,16,15,0.10608762222325789,False
40,16,20,0.1237953116767669,False
40,16,24,0.1399891014125114,True
40,16,28,0.11995413032031352,False
40,17,2,0.10508478808472099,False
40,17,3,0.1048495475701305,False
40,17,5,0.11735936743161876,False
40,17,8,0.1351841740677467,False
40,17,10,0.15279361891211257,False
40,17,15,0.15929071438718378,True
40,17,20,0.1558980236187837,False
40,17,24,0.15523653107668572,False
40,17,28,0.15483935628707113,False
40,18,2,0.07455542928642114,False
40,18,3,0.07480476745423288,False
40,18,5,0.07822256359487942,False
40,18,8,0.07425394814865789,False
40,18,10,0.07952799475212567,True
40,18,15,0.0778764417211607,False
40,18,20,0.07740329949389699,False
40,18,24,0.07520882068881733,False
40,18,28,0.0745316258303034,False
40,19,2,0.09056111380733331,True
40,19,3,0.08193117622018913,False
40,19,5,0.0843395790999259,False
40,19,8,0.07958870554463435,False
40,19,10,0.08400610141068174,False
40,19,15,0.08517014320759353,False
40,19,20,0.07559012247529077,False
40,19,24,0.07721912373522297,False
40,19,28,0.0746015340492555,False
40,20,2,0.1387825414457351,True
40,20,3,0.10553869563399285,False
40,20,5,0.1313365959887584,False
40,20,8,0.12286124907729398,False
40,20,10,0.13359621360558482,False
40,20,15,0.13492088052793058,False
40,20,20,0.11294158699448979,False
40,20,24,0.13158517285603727,False
40,20,28,0.11395614376074326,False
40,21,2,0.18803773347145855,False
40,21,3,0.16383053790629828,False
40,21,5,0.1918386950903958,False
40,21,8,0.18951713189184383,False
40,21,10,0.16406441939507024,False
40,21,15,0.16505315325957284,False
40,21,20,0.1524914348401619,False
40,21,24,0.2195687196845287,False
40,21,28,0.24576420503124546,True
40,22,2,0.05689202141683192,False
40,22,3,0.05573094025967336,False
40,22,5,0.052664562987152844,False
40,22,8,0.06269373555629411,False
40,22,10,0.0648250466708211,False
40,22,15,0.07099220545163346,True
40,22,20,0.06106449194647231,False
40,22,24,0.05586868911413421,False
40,22,28,0.04920458719950944,False
40,23,2,0.16448463427113205,False
40,23,3,0.11876156163850668,False
40,23,5,0.1467973921766102,False
40,23,8,0.16286793669734362,False
40,23,10,0.16835587696385484,False
40,23,15,0.16553203057542884,False
40,23,20,0.20851954360050554,False
40,23,24,0.23516840316571103,True
40,23,28,0.19919159045922852,False
40,24,2,0.13338071998829765,False
40,24,3,0.13986289248623504,False
40,24,5,0.14493175858343538,False
40,24,8,0.16218845872540005,True
40,24,10,0.15384144582798703,False
40,24,15,0.15951434056988695,False
40,24,20,0.1340625884691024,False
40,24,24,0.13215340142440776,False
40,24,28,0.11050270187042222,False
40,25,2,0.06615029583676327,False
40,25,3,0.06711568800135041,False
40,25,5,0.07187423615433805,False
40,25,8,0.07322056786565644,False
40,25,10,0.08055858002469715,False
40,25,15,0.08649884235347446,False
40,25,20,0.09103905420617557,True
40,25,24,0.08754251713076966,False
40,25,28,0.0896199659118268,False
40,26,2,0.08918224500278489,False
40,26,3,0.10235060955876327,False
40,26,5,0.12439550655866408,False
40,26,8,0.1162483452934282,False
40,26,10,0.14682086047507656,False
40,26,15,0.2292601566880747,False
40,26,20,0.2462136814544412,False
40,26,24,0.27166318119527366,True
40,26,28,0.24776425201334162,False
40,27,2,0.07241341683026635,False
40,27,3,0.06455287491252518,False
40,27,5,0.06512922901377152,False
40,27,8,0.06661553783078066,False
40,27,10,0.06799010577462747,False
40,27,15,0.07771692290487545,True
40,27,20,0.07082222188884299,False
40,27,24,0.07372296821844937,False
40,27,28,0.0756785424765852,False
40,28,2,0.14402276330941557,False
40,28,3,0.133392374831295,False
40,28,5,0.14027523266249511,False
40,28,8,0.11800580682193869,False
40,28,10,0.14564409576973222,False
40,28,15,0.14040063583770082,False
40,28,20,0.146941056202783,False
40,28,24,0.1488065410216283,True
40,28,28,0.1399722906292797,False
40,29,2,0.12761310110409094,False
40,29,3,0.12269256458361928,False
40,29,5,0.13110169230684265,False
40,29,8,0.13972730019206803,False
40,29,10,0.15015724350579132,False
40,29,15,0.1551207121410698,False
40,29,20,0.1766272561950021,True
40,29,24,0.15703213672993338,False
40,29,28,0.132111107456962,False
40,30,2,0.13450143337371187,False
40,30,3,0.14369668997746393,False
40,30,5,0.14350876762961481,False
40,30,8,0.14655795984155637,False
40,30,10,0.16342793922999935,False
40,30,15,0.17935538190471337,False
40,30,20,0.191243719117257,True
40,30,24,0.16948155652897406,False
40,30,28,0.14112877415589004,False
40,31,2,0.06523008052697378,False
40,31,3,0.07030115720113572,False
40,31,5,0.07601496885883174,False
40,31,8,0.06985372805053204,False
40,31,10,0.07057715987597649,False
40,31,15,0.0716956418733669,False
40,31,20,0.06844304278745264,False
40,31,24,0.08083753630920214,True
40,31,28,0.0649978608514743,False
40,32,2,0.09078360320762838,False
40,32,3,0.08852726816625134,False
40,32,5,0.10275913152149782,False
40,32,8,0.12056636029633891,False
40,32,10,0.11928085427076443,False
40,32,15,0.1724065197981926,False
40,32,20,0.19525491423801764,False
40,32,24,0.20932828154603705,True
40,32,28,0.18360885925005088,False
40,33,2,0.16293825369973688,False
40,33,3,0.14114372099682945,False
40,33,5,0.15691089289585156,False
40,33,8,0.16444087902525478,False
40,33,10,0.17154938269540637,False
40,33,15,0.2075411377012299,False
40,33,20,0.25980471377223663,True
40,33,24,0.246547757756229,False
40,33,28,0.20757627027602008,False
40,34,2,0.10455519522760914,True
40,34,3,0.09885721496274355,False
40,34,5,0.0935984504773049,False
40,34,8,0.09713389623724308,False
40,34,10,0.09480074728429713,False
40,34,15,0.08287906443303106,False
40,34,20,0.08048012803007387,False
40,34,24,0.07385331857017781,False
40,34,28,0.06878994984396078,False
40,35,2,0.059712570614083846,False
40,35,3,0.062139584326544414,False
40,35,5,0.0750720393206428,False
40,35,8,0.06747251212450647,False
40,35,10,0.06615044298311668,False
40,35,15,0.07605575277128175,False
40,35,20,0.07634527602772508,False
40,35,24,0.07966839763556617,True
40,35,28,0.07476989957233213,False
40,36,2,0.13831871004172921,False
40,36,3,0.1610147435149244,False
40,36,5,0.1591910282121291,False
40,36,8,0.17713837490553458,False
40,36,10,0.17179430341021146,False
40,36,15,0.21111244000507842,False
40,36,20,0.21019865393360132,False
40,36,24,0.24624245146322005,False
40,36,28,0.26740643195912384,True
40,37,2,0.1424453230955134,False
40,37,3,0.1445628080145463,False
40,37,5,0.133936412716876,False
40,37,8,0.12921329147902555,False
40,37,10,0.16583213784240208,False
40,37,15,0.1795874260206219,True
40,37,20,0.16796927024572592,False
40,37,24,0.15728692189662213,False
40,37,28,0.13738342483739227,False
40,38,2,0.04913179989108802,False
40,38,3,0.044489301716453857,False
40,38,5,0.051874379101629356,False
40,38,8,0.05831723430180635,False
40,38,10,0.08094128647858798,False
40,38,15,0.07171319818489466,False
40,38,20,0.08091390783523969,False
40,38,24,0.08458125833506983,True
40,38,28,0.07457343825046088,False
40,39,2,0.14809817795991478,False
40,39,3,0.15463425421107574,False
40,39,5,0.15574884360839195,False
40,39,8,0.16198249012047256,False
40,39,10,0.15181556889596254,False
40,39,15,0.17834410127870842,True
40,39,20,0.16352458014580984,False
40,39,24,0.171760600833713,False
40,39,28,0.16614362067042215,False
40,40,2,0.10162270463913532,False
40,40,3,0.12623214363086502,False
40,40,5,0.12072926484991595,False
40,40,8,0.13640132701460486,False
40,40,10,0.1468651163327925,False
40,40,15,0.20342874564203361,True
40,40,20,0.19288413523470904,False
40,40,24,0.18016731081912266,False
40,40,28,0.15401650580358028,False
40,41,2,0.11674685712099815,False
40,41,3,0.12017384312179732,False
40,41,5,0.15732402481364943,False
40,41,8,0.13564838680940347,False
40,41,10,0.17498689830401,False
40,41,15,0.1988002089189092,True
40,41,20,0.17367016044039518,False
40,41,24,0.19570087403719866,False
40,41,28,0.19494511048130703,False
40,42,2,0.10761505354649543,False
40,42,3,0.11864871870021176,False
40,42,5,0.13599362041699062,False
40,42,8,0.13041994690332426,False
40,42,10,0.13964989871670513,False
40,42,15,0.1543145321224672,False
40,42,20,0.19268324664555955,False
40,42,24,0.21816972005333274,True
40,42,28,0.18537820440116032,False
40,43,2,0.16147461169245014,False
40,43,3,0.13164500823712832,False
40,43,5,0.13833746375865252,False
40,43,8,0.14765834210894535,False
40,43,10,0.152095234980261,False
40,43,15,0.17278434384342223,False
40,43,20,0.18475027940584438,True
40,43,24,0.16970853006006634,False
40,43,28,0.14326332259451902,False
40,44,2,0.06185729665609443,False
40,44,3,0.06145483790183396,False
40,44,5,0.07134680433403255,False
40,44,8,0.09011334464630373,False
40,44,10,0.08892055315313144,False
40,44,15,0.1038553244861768,True
40,44,20,0.09555940321592551,False
40,44,24,0.09962880826502732,False
40,44,28,0.09903413352334936,False
40,45,2,0.09150265195153663,True
40,45,3,0.08280599979850178,False
40,45,5,0.0831811931350471,False
40,45,8,0.08435526469007439,False
40,45,10,0.0888872468093363,False
40,45,15,0.08587757268081213,False
40,45,20,0.08398409878923918,False
40,45,24,0.07754176859201387,False
40,45,28,0.06960345930256162,False
40,46,2,0.1471309386597155,False
40,46,3,0.13546144194500445,False
40,46,5,0.15212587151570328,False
40,46,8,0.16934515297819808,False
40,46,10,0.1867338367071373,False
40,46,15,0.18380919906291876,False
40,46,20,0.197052765319822,True
40,46,24,0.17607779460263895,False
40,46,28,0.1413999889236594,False
40,47,2,0.141023418681766,False
40,47,3,0.1412338130878997,False
40,47,5,0.1502334657662659,False
40,47,8,0.1369487120533292,False
40,47,10,0.13395536876293893,False
40,47,15,0.17051662001681456,False
40,47,20,0.18328792597521304,False
40,47,24,0.2217166052171521,True
40,47,28,0.18660426399773666,False
40,48,2,0.14670097848397873,False
40,48,3,0.14618501330101785,False
40,48,5,0.16326373155168997,False
40,48,8,0.17164983747114818,False
40,48,10,0.20782267146146954,True
40,48,15,0.20202151760391582,False
40,48,20,0.1900286812971869,False
40,48,24,0.19974047757931984,False
40,48,28,0.18181400904995032,False
40,49,2,0.13124128395055965,False
40,49,3,0.16099398762262748,False
40,49,5,0.14268464889853122,False
40,49,8,0.19569344598845168,False
40,49,10,0.22656382825585802,False
40,49,15,0.2598009965752147,False
40,49,20,0.26348406851515316,True
40,49,24,0.24967417168653538,False
40,49,28,0.23525341337463518,False
60,0,2,0.059268746478662634,False
60,0,3,0.053816605528875364,False
60,0,5,0.0520173186762043,False
60,0,8,0.054668127398029794,False
60,0,10,0.062458223000402505,False
60,0,15,0.06925178307011759,False
60,0,20,0.08160281582699185,True
60,0,24,0.07996769996900881,False
60,0,28,0.07601684412744464,False
60,1,2,0.0870833947800699,False
60,1,3,0.10515485371221907,False
60,1,5,0.09954077421387028,False
60,1,8,0.10033837484826187,False
60,1,10,0.11403873242633851,False
60,1,15,0.12798428439689574,False
60,1,20,0.14350726051395574,False
60,1,24,0.1572260195707757,False
60,1,28,0.16300596218527383,True
60,2,2,0.08683753794044075,False
60,2,3,0.08562926681687703,False
60,2,5,0.10409987412610232,False
60,2,8,0.11442009504507643,False
60,2,10,0.1268130159321073,False
60,2,15,0.1491254605913569,False
60,2,20,0.15468708551126703,False
60,2,24,0.1608597342743402,False
60,2,28,0.1664303198361485,True
60,3,2,0.09179515203731953,True
60,3,3,0.0839194155262606,False
60,3,5,0.07507066045438102,False
60,3,8,0.07189764157594337,False
60,3,10,0.07514962693900001,False
60,3,15,0.06873890182985085,False
60,3,20,0.06697561291170992,False
60,3,24,0.07315024132150097,False
60,3,28,0.06899181623160548,False
60,4,2,0.1243168860505293,False
60,4,3,0.11122708432856566,False
60,4,5,0.1032702490776282,False
60,4,8,0.13978737299953062,False
60,4,10,0.13921290839681744,False
60,4,15,0.16292321158232995,True
60,4,20,0.1622537110919006,False
60,4,24,0.15827278703019865,False
60,4,28,0.1467227752478562,False
60,5,2,0.06120900464752261,False
60,5,3,0.06704589727587912,False
60,5,5,0.06711205057035899,False
60,5,8,0.07521174163949218,False
60,5,10,0.08690508796710804,False
60,5,15,0.08765727373662927,False
60,5,20,0.10193388561659396,True
60,5,24,0.09810509552076088,False
60,5,28,0.09659779963510985,False
60,6,2,0.059628478506375454,False
60,6,3,0.056810291895572976,False
60,6,5,0.05341256019753468,False
60,6,8,0.067415959681622,False
60,6,10,0.06929653505192036,False
60,6,15,0.07335197259780171,False
60,6,20,0.08363022683693018,False
60,6,24,0.08783709338496254,True
60,6,28,0.08139163438129533,False
60,7,2,0.11128933163316794,False
60,7,3,0.10449642055728654,False
60,7,5,0.1093928555936336,False
60,7,8,0.1039958298610984,False
60,7,10,0.12245927905794189,False
60,7,15,0.13205109920643734,False
60,7,20,0.14789973311826368,True
60,7,24,0.14587363325873695,False
60,7,28,0.13315941513902868,False
60,8,2,0.08297871701142198,True
60,8,3,0.06705869946206461,False
60,8,5,0.06639441226285256,False
60,8,8,0.06800960467407952,False
60,8,10,0.0687101319673407,False
60,8,15,0.06844566606942709,False
60,8,20,0.07682763901037053,False
60,8,24,0.07329445483610295,False
60,8,28,0.07071649773377456,False
60,9,2,0.057549772089150575,False
60,9,3,0.059399108804887975,False
60,9,5,0.0573240204062117,False
60,9,8,0.054779195667392984,False
60,9,10,0.062336416598146115,False
60,9,15,0.07596099301438433,False
60,9,20,0.07973172912250415,True
60,9,24,0.07851421220083235,False
60,9,28,0.07722738781975683,False
60,10,2,0.052085996126967106,False
60,10,3,0.0582250964954443,False
60,10,5,0.057830034368538286,False
60,10,8,0.05939636920999247,False
60,10,10,0.062178709295876926,False
60,10,15,0.07586782114926192,False
60,10,20,0.08643841833892113,False
60,10,24,0.08820229433071368,False
60,10,28,0.08988507654827706,True
60,11,2,0.06818652152517903,False
60,11,3,0.061647752290342056,False
60,11,5,0.06342769562555035,False
60,11,8,0.06339850076312832,False
60,11,10,0.069020284113827,False
60,11,15,0.0721013552191572,True
60,11,20,0.06439152010628436,False
60,11,24,0.06927176031530495,False
60,11,28,0.07193661785192504,False
60,12,2,0.07986790460910424,False
60,12,3,0.09387040269992011,False
60,12,5,0.08945387621875558,False
60,12,8,0.10283207648178361,False
60,12,10,0.11274451274022157,False
60,12,15,0.13122736247148128,False
60,12,20,0.13789791748559616,False
60,12,24,0.14844663136580358,False
60,12,28,0.15969830785503378,True
60,13,2,0.08033924354095641,False
60,13,3,0.06970317798300367,False
60,13,5,0.06889814108491969,False
60,13,8,0.07554960479162921,False
60,13,10,0.07418984220653035,False
60,13,15,0.07424212487523772,False
60,13,20,0.08544207371937625,False
60,13,24,0.08819642158555115,True
60,13,28,0.0872120030255641,False
60,14,2,0.11222186619345428,False
60,14,3,0.10499133028033626,False
60,14,5,0.11310076311370588,False
60,14,8,0.11559287077603661,False
60,14,10,0.11402181296361143,False
60,14,15,0.14187320511062962,False
60,14,20,0.1606001535978355,False
60,14,24,0.16033221870525302,False
60,14,28,0.17880711925416387,True
60,15,2,0.07591747675893297,False
60,15,3,0.09084888265441728,False
60,15,5,0.097053999737768,False
60,15,8,0.10591980990435945,False
60,15,10,0.11661984785280458,False
60,15,15,0.12558030031163128,False
60,15,20,0.12658929328581686,False
60,15,24,0.13225949178838106,False
60,15,28,0.1624541583656124,True
60,16,2,0.08923128660903258,True
60,16,3,0.08227447803056852,False
60,16,5,0.07575726845867929,False
60,16,8,0.07372654904988106,False
60,16,10,0.06781083500449617,False
60,16,15,0.06961781365064995,False
60,16,20,0.07635962176629889,False
60,16,24,0.07839209768586848,False
60,16,28,0.08660981248717357,False
60,17,2,0.1195315883474088,False
60,17,3,0.11883726824474478,False
60,17,5,0.1301551883280122,False
60,17,8,0.15253160845143868,False
60,17,10,0.1573813802914718,False
60,17,15,0.17401543607118627,False
60,17,20,0.17764014806548287,False
60,17,24,0.19838847958930883,True
60,17,28,0.18525233178314934,False
60,18,2,0.06677351679393687,False
60,18,3,0.05547420402936363,False
60,18,5,0.0619005183851898,False
60,18,8,0.06269618810480099,False
60,18,10,0.06408873611680346,False
60,18,15,0.07013218093986257,False
60,18,20,0.06770924816348455,False
60,18,24,0.07058671078325778,True
60,18,28,0.0648558652463744,False
60,19,2,0.0590171391890082,False
60,19,3,0.052417418895342766,False
60,19,5,0.05810091829582514,False
60,19,8,0.05773037910900874,False
60,19,10,0.06606159105520218,False
60,19,15,0.07731919713033882,False
60,19,20,0.0835719905589191,True
60,19,24,0.08268955132790147,False
60,19,28,0.0788329242332901,False
60,20,2,0.07642510954488006,False
60,20,3,0.0715469948402264,False
60,20,5,0.07059788142271063,False
60,20,8,0.07474557965668138,False
60,20,10,0.07452653693298351,False
60,20,15,0.08244738187346225,False
60,20,20,0.08759898358360427,False
60,20,24,0.08900512347328833,True
60,20,28,0.08290431776633343,False
60,21,2,0.096754383266741,False
60,21,3,0.09610881517059185,False
60,21,5,0.08866771139658979,False
60,21,8,0.10553258748397978,False
60,21,10,0.09473624441561262,False
60,21,15,0.10709161069627043,False
60,21,20,0.1269116584730169,False
60,21,24,0.13296722702611588,False
60,21,28,0.1534854421914618,True
60,22,2,0.11739692339933487,False
60,22,3,0.11984366047733622,False
60,22,5,0.10779276598947996,False
60,22,8,0.10857379640996628,False
60,22,10,0.11786901692705085,False
60,22,15,0.13794595820932543,False
60,22,20,0.1591344576336146,False
60,22,24,0.17259168190172253,True
60,22,28,0.17220891124859486,False
60,23,2,0.08990645978904133,True
60,23,3,0.08666203478466268,False
60,23,5,0.0775338906712615,False
60,23,8,0.07739957303970153,False
60,23,10,0.08097612400990568,False
60,23,15,0.08399927994044439,False
60,23,20,0.08424949093169011,False
60,23,24,0.086604289771572,False
60,23,28,0.08185211546944395,False
60,24,2,0.07529867902912361,False
60,24,3,0.07170608111275437,False
60,24,5,0.06847510791939213,False
60,24,8,0.07815339347567106,False
60,24,10,0.073675709322475,False
60,24,15,0.08339309959766693,False
60,24,20,0.09654453941186611,True
60,24,24,0.09320200435707077,False
60,24,28,0.08825519308214862,False
60,25,2,0.07428247378020392,False
60,25,3,0.06845912914872979,False
60,25,5,0.0694632278950776,False
60,25,8,0.07407901183971771,False
60,25,10,0.07925633016233238,False
60,25,15,0.08605772539237434,False
60,25,20,0.0982838018008411,False
60,25,24,0.10397267927375878,True
60,25,28,0.10342468752017901,False
60,26,2,0.08759722380311048,False
60,26,3,0.07974725386905997,False
60,26,5,0.0792021966535206,False
60,26,8,0.08239107191989291,False
60,26,10,0.08381715556561839,False
60,26,15,0.08368975048243264,False
60,26,20,0.08763603385245307,True
60,26,24,0.08405933513201137,False
60,26,28,0.08441514463372543,False
60,27,2,0.10590800611975494,False
60,27,3,0.10403033020776538,False
60,27,5,0.10681899253941983,False
60,27,8,0.12278788455533476,False
60,27,10,0.12421166896058713,False
60,27,15,0.15045941437428548,False
60,27,20,0.17523340054277217,False
60,27,24,0.18378657602416748,False
60,27,28,0.18567317994528562,True
60,28,2,0.07602093517973554,False
60,28,3,0.0721447087203786,False
60,28,5,0.06670496894585866,False
60,28,8,0.07023991656573109,False
60,28,10,0.07762753130284424,False
60,28,15,0.08088452826116432,False
60,28,20,0.08238656482480715,True
60,28,24,0.0778528748697007,False
60,28,28,0.08059966571253506,False
60,29,2,0.12235863797985182,False
60,29,3,0.10086597607802168,False
60,29,5,0.09094091443366206,False
60,29,8,0.11342561830929031,False
60,29,10,0.1416464316239819,False
60,29,15,0.17441492475236897,False
60,29,20,0.1759525050499988,True
60,29,24,0.16966607159249703,False
60,29,28,0.17141045635802907,False
60,30,2,0.07945746922968762,True
60,30,3,0.07424399946676008,False
60,30,5,0.06133265651973014,False
60,30,8,0.05883148821396996,False
60,30,10,0.06065583746404462,False
60,30,15,0.06468884869445507,False
60,30,20,0.07311960902307334,False
60,30,24,0.07194587729640804,False
60,30,28,0.07242675998293045,False
60,31,2,0.05418575060289366,False
60,31,3,0.053318203355170686,False
60,31,5,0.04943595039806408,False
60,31,8,0.06414894770825004,False
60,31,10,0.06591792767495085,False
60,31,15,0.06912189868487159,False
60,31,20,0.07393297471764453,False
60,31,24,0.08076624714230264,True
60,31,28,0.0788626361755093,False
60,32,2,0.12591665068586294,False
60,32,3,0.11437894099556814,False
60,32,5,0.12798866339517678,False
60,32,8,0.11680900223666511,False
60,32,10,0.132377055060763,False
60,32,15,0.12893922261703006,False
60,32,20,0.13613338327372493,False
60,32,24,0.13897236254857515,False
60,32,28,0.14059112275407085,True
60,33,2,0.06356075534237952,False
60,33,3,0.059568747865032266,False
60,33,5,0.05429858475075665,False
60,33,8,0.05034704000202583,False
60,33,10,0.05352875115615122,False
60,33,15,0.0651345173524623,False
60,33,20,0.0736547850671216,True
60,33,24,0.07093627854184838,False
60,33,28,0.07011428878008669,False
60,34,2,0.11019539787271802,False
60,34,3,0.10317880647849535,False
60,34,5,0.11252696983005789,False
60,34,8,0.11863057477165283,False
60,34,10,0.11604379116524968,False
60,34,15,0.14087456154905442,False
60,34,20,0.1644210378801757,False
60,34,24,0.18965244020050293,False
60,34,28,0.19324246088212377,True
60,35,2,0.13152149497626836,False
60,35,3,0.1280085644296583,False
60,35,5,0.1240043510090387,False
60,35,8,0.12361968862002409,False
60,35,10,0.12099320462441442,False
60,35,15,0.13450609590716406,False
60,35,20,0.16433749059579034,True
60,35,24,0.1517189920420706,False
60,35,28,0.1626392204286586,False
60,36,2,0.06997607019196402,False
60,36,3,0.06690365940335638,False
60,36,5,0.06414527576515558,False
60,36,8,0.06872749885090537,False
60,36,10,0.06738846385546841,False
60,36,15,0.06516918939309145,False
60,36,20,0.08449516712818625,True
60,36,24,0.08378773097314487,False
60,36,28,0.08319622331467608,False
60,37,2,0.07471840655094132,False
60,37,3,0.07174614286993286,False
60,37,5,0.07266040796464125,False
60,37,8,0.07630630203868918,False
60,37,10,0.08236832191462967,False
60,37,15,0.08323959602465071,False
60,37,20,0.08505849425242332,False
60,37,24,0.08501273566293248,False
60,37,28,0.0883183162706764,True
60,38,2,0.06536858133417887,False
60,38,3,0.06223813215284513,False
60,38,5,0.05870872689842403,False
60,38,8,0.05738284451136929,False
60,38,10,0.06500372202475578,False
60,38,15,0.07066835028695939,False
60,38,20,0.08700556686455772,False
60,38,24,0.09206875760931771,True
60,38,28,0.0866290341480153,False
60,39,2,0.09879113754254716,False
60,39,3,0.10033744092844059,False
60,39,5,0.06287788363129902,False
60,39,8,0.10296296307734733,False
60,39,10,0.11980587439943569,False
60,39,15,0.1688424226407137,False
60,39,20,0.17610225037736735,False
60,39,24,0.18975586328475338,True
60,39,28,0.17757302012523915,False
60,40,2,0.05300567900214994,False
60,40,3,0.05826448661009182,False
60,40,5,0.05828759179662261,False
60,40,8,0.06493868671970426,True
60,40,10,0.056206185996214825,False
60,40,15,0.06291391687445759,False
60,40,20,0.05965605696714625,False
60,40,24,0.06132654155586097,False
60,40,28,0.05694798924571329,False
60,41,2,0.08859054127375994,False
60,41,3,0.10067357908703094,False
60,41,5,0.10319345169402257,False
60,41,8,0.10931161876649402,False
60,41,10,0.11312275227569599,False
60,41,15,0.11821525508600632,False
60,41,20,0.1296950411018057,False
60,41,24,0.13237003889853202,True
60,41,28,0.12050002183902282,False
60,42,2,0.12042159474009456,False
60,42,3,0.1155126159186454,False
60,42,5,0.11589180405592485,False
60,42,8,0.1231925519985095,False
60,42,10,0.11875504627468204,False
60,42,15,0.1301983429921597,False
60,42,20,0.1525930422778895,False
60,42,24,0.15287090319471583,True
60,42,28,0.15194773897402358,False
60,43,2,0.0992248622207131,False
60,43,3,0.09362858421067097,False
60,43,5,0.09219109129758225,False
60,43,8,0.08783143446221467,False
60,43,10,0.09593174697859573,False
60,43,15,0.13351262332813016,False
60,43,20,0.13323427355008502,False
60,43,24,0.15137750795399724,True
60,43,28,0.1498144273700392,False
60,44,2,0.07625940037821984,False
60,44,3,0.07388946679001451,False
60,44,5,0.07308661889226495,False
60,44,8,0.07426318050837408,False
60,44,10,0.08409163600680472,False
60,44,15,0.10033093884376375,False
60,44,20,0.10197418793636959,False
60,44,24,0.09705667710882852,False
60,44,28,0.10455747494073503,True
60,45,2,0.09028226218741625,False
60,45,3,0.08324023154686121,False
60,45,5,0.08151957862738281,False
60,45,8,0.07288356267391063,False
60,45,10,0.0762017901306546,False
60,45,15,0.08299837096592937,False
60,45,20,0.08431335450656018,False
60,45,24,0.09410675202942949,True
60,45,28,0.09005713095360537,False
60,46,2,0.10747951825993492,False
60,46,3,0.07873510469250185,False
60,46,5,0.09154899643328832,False
60,46,8,0.10452420025234363,False
60,46,10,0.11881542935534864,False
60,46,15,0.14363767657397802,False
60,46,20,0.15627764904534788,True
60,46,24,0.1497877769656866,False
60,46,28,0.15293073848297067,False
60,47,2,0.0604832134442219,False
60,47,3,0.0571528613047608,False
60,47,5,0.054639968197853925,False
60,47,8,0.07240616123378253,False
60,47,10,0.07773355921664105,False
60,47,15,0.0848325924628833,False
60,47,20,0.09487429617443073,True
60,47,24,0.0944684688828567,False
60,47,28,0.09141496140348394,False
60,48,2,0.06407094369290084,False
60,48,3,0.06101552440826316,False
60,48,5,0.06034796974921961,False
60,48,8,0.056092257558518946,False
60,48,10,0.06268172409744624,False
60,48,15,0.058651514926832723,False
60,48,20,0.06734423954103792,False
60,48,24,0.06404405073547723,False
60,48,28,0.07483543581711304,True
60,49,2,0.07230766957800767,False
60,49,3,0.0675238059517946,False
60,49,5,0.06751182420642622,False
60,49,8,0.0692337226119184,False
60,49,10,0.07516745645909169,False
60,49,15,0.07076769982637764,False
60,49,20,0.0753907739622632,False
60,49,24,0.08848660558483568,True
60,49,28,0.08440885615398662,False
80,0,2,0.0745321579648289,False
80,0,3,0.07115793584167125,False
80,0,5,0.06554392916530362,False
80,0,8,0.0693621957562697,False
80,0,10,0.07361847981861944,False
80,0,15,0.07200727644443275,False
80,0,20,0.0778703514571693,False
80,0,24,0.08111197417760482,False
80,0,28,0.08650330458872486,True
80,1,2,0.06316415267194961,False
80,1,3,0.06015141619266571,False
80,1,5,0.049360036465971646,False
80,1,8,0.055903144674286344,False
80,1,10,0.0656173349435423,False
80,1,15,0.0712791184065141,False
80,1,20,0.0780036615001625,False
80,1,24,0.09042732321437186,False
80,1,28,0.09057437795087098,True
80,2,2,0.06807366505826244,False
80,2,3,0.06474439436199377,False
80,2,5,0.059704775594829826,False
80,2,8,0.06134103585694243,False
80,2,10,0.062373831205776484,False
80,2,15,0.06590322398038324,False
80,2,20,0.07565381496192275,False
80,2,24,0.08121389993743612,False
80,2,28,0.08373650225507037,True
80,3,2,0.09874197328351493,False
80,3,3,0.08897465429259646,False
80,3,5,0.08931062866232427,False
80,3,8,0.10722578203794249,False
80,3,10,0.12593303334635714,False
80,3,15,0.1375786600333093,False
80,3,20,0.1469729599268431,True
80,3,24,0.14215014525327768,False
80,3,28,0.1451683189282807,False
80,4,2,0.06824364242213497,False
80,4,3,0.061871916347781594,False
80,4,5,0.053708420369420216,False
80,4,8,0.05127273363435965,False
80,4,10,0.056383663222462244,False
80,4,15,0.06333789331863456,False
80,4,20,0.0718736564603989,False
80,4,24,0.08508819944869941,True
80,4,28,0.08408276255889421,False
80,5,2,0.0656964549644239,False
80,5,3,0.059737515409021835,False
80,5,5,0.05524429155786494,False
80,5,8,0.05790401222506629,False
80,5,10,0.05916847964288319,False
80,5,15,0.07522801345024342,False
80,5,20,0.07611974078531464,False
80,5,24,0.07515576845056737,False
80,5,28,0.08091923360346516,True
80,6,2,0.06716928960705093,False
80,6,3,0.06504496436517644,False
80,6,5,0.0641899419593718,False
80,6,8,0.06364309392442638,False
80,6,10,0.05978247650969015,False
80,6,15,0.0672149767717399,False
80,6,20,0.08071255006807035,False
80,6,24,0.08541472295010097,False
80,6,28,0.0961787893368818,True
80,7,2,0.055644791691749365,False
80,7,3,0.05476444767016864,False
80,7,5,0.05410071057366637,False
80,7,8,0.05356821106371612,False
80,7,10,0.05368000160412989,False
80,7,15,0.06277480331111125,False
80,7,20,0.07271925525418699,False
80,7,24,0.07610465762588818,False
80,7,28,0.08316967560729047,True
80,8,2,0.05366213177397579,False
80,8,3,0.05160367406659509,False
80,8,5,0.050497046200301064,False
80,8,8,0.05559290071677077,False
80,8,10,0.05828996237462767,False
80,8,15,0.06622634435076283,False
80,8,20,0.07952236910968351,False
80,8,24,0.08380234288419576,False
80,8,28,0.0879410445668178,True
80,9,2,0.054662284368680605,False
80,9,3,0.04951886723344925,False
80,9,5,0.05376150740096521,False
80,9,8,0.06212464659904415,False
80,9,10,0.0608601154421526,False
80,9,15,0.06997263815433165,False
80,9,20,0.07127174692634938,False
80,9,24,0.07885009561960447,False
80,9,28,0.0934457429352916,True
80,10,2,0.07813165104431682,True
80,10,3,0.06510145490851152,False
80,10,5,0.06503097270123115,False
80,10,8,0.06775340257331408,False
80,10,10,0.0677895576306945,False
80,10,15,0.07005106527467536,False
80,10,20,0.07071076792970558,False
80,10,24,0.07119641417095487,False
80,10,28,0.07127199518523594,False
80,11,2,0.06582431265815858,False
80,11,3,0.06548035493260151,False
80,11,5,0.05272724942972244,False
80,11,8,0.06039008022627734,False
80,11,10,0.0687820950759376,False
80,11,15,0.07383273317311682,False
80,11,20,0.07203391763941014,False
80,11,24,0.07461954603535188,False
80,11,28,0.07694946918711407,True
80,12,2,0.0670744815953251,False
80,12,3,0.06383634815111405,False
80,12,5,0.057056512591798024,False
80,12,8,0.05588264158310913,False
80,12,10,0.05680520957016212,False
80,12,15,0.07273330402641201,False
80,12,20,0.08076071479390814,False
80,12,24,0.08172633793835918,False
80,12,28,0.08446987054607562,True
80,13,2,0.06675062409540129,False
80,13,3,0.058901841127601454,False
80,13,5,0.0559654419652156,False
80,13,8,0.06115396160479719,False
80,13,10,0.06416614905170026,False
80,13,15,0.06137503017612707,False
80,13,20,0.07421696004538872,False
80,13,24,0.07825097743678369,False
80,13,28,0.0848452057918204,True
80,14,2,0.05933223747868902,False
80,14,3,0.05143930308830687,False
80,14,5,0.05353486065043628,False
80,14,8,0.05174776256411484,False
80,14,10,0.05390220273713379,False
80,14,15,0.06109836441203435,False
80,14,20,0.05944092589576526,False
80,14,24,0.06419282242458678,False
80,14,28,0.06902188641743782,True
80,15,2,0.04889488756269919,False
80,15,3,0.04959226777840947,False
80,15,5,0.05026650317260931,False
80,15,8,0.05547556887909355,False
80,15,10,0.057044666734997564,False
80,15,15,0.06566413882518343,False
80,15,20,0.0737501410133377,False
80,15,24,0.08023787276247447,False
80,15,28,0.08482663222870576,True
80,16,2,0.06475535106144427,False
80,16,3,0.06169188153757542,False
80,16,5,0.059170869808168394,False
80,16,8,0.06328082207159712,False
80,16,10,0.0625752946711324,False
80,16,15,0.06532305311627946,False
80,16,20,0.07632426030472578,False
80,16,24,0.08122136104382408,False
80,16,28,0.08596685656302819,True
80,17,2,0.056239376966249345,False
80,17,3,0.05770414675361868,False
80,17,5,0.05287159543863362,False
80,17,8,0.06150117844553997,False
80,17,10,0.06204776139937287,False
80,17,15,0.06766440855361017,False
80,17,20,0.07949932882353924,False
80,17,24,0.08616379388396352,True
80,17,28,0.0858152854450708,False
80,18,2,0.06264496593299744,False
80,18,3,0.05801668030749905,False
80,18,5,0.0534380155194822,False
80,18,8,0.06732393712113817,False
80,18,10,0.07014486837298846,False
80,18,15,0.07373614922859996,False
80,18,20,0.073449924823042,False
80,18,24,0.08197516205175974,False
80,18,28,0.08441598571827483,True
80,19,2,0.05308659465429112,False
80,19,3,0.0551629750306379,False
80,19,5,0.05153486665687969,False
80,19,8,0.05624824632194405,False
80,19,10,0.06051808300104764,False
80,19,15,0.0658407063579583,False
80,19,20,0.0730404284078292,False
80,19,24,0.08141249951231593,False
80,19,28,0.08701147743625029,True
80,20,2,0.06121685674942699,False
80,20,3,0.057741736066057724,False
80,20,5,0.05411829019383994,False
80,20,8,0.06141620082164787,False
80,20,10,0.06349244776133198,False
80,20,15,0.06602533260764802,False
80,20,20,0.07305056804369765,False
80,20,24,0.07355057773208014,True
80,20,28,0.06855560760027928,False
80,21,2,0.07490575706409693,False
80,21,3,0.06133543243309374,False
80,21,5,0.061415802491670037,False
80,21,8,0.05680842024016106,False
80,21,10,0.053357462959670345,False
80,21,15,0.0657960785417595,False
80,21,20,0.06868468106060155,False
80,21,24,0.07525150874433406,False
80,21,28,0.08620408252396129,True
80,22,2,0.06531569833131468,False
80,22,3,0.06137461631903122,False
80,22,5,0.06092977233665122,False
80,22,8,0.062337563044251906,False
80,22,10,0.06223938748141219,False
80,22,15,0.07033816158579669,False
80,22,20,0.07908006560929444,False
80,22,24,0.0818343368607158,False
80,22,28,0.09189901738427848,True
80,23,2,0.06984492811260634,False
80,23,3,0.059569727169211426,False
80,23,5,0.05954462804923064,False
80,23,8,0.05802051782814506,False
80,23,10,0.06457834686318834,False
80,23,15,0.0689195157159424,False
80,23,20,0.07588557926718102,False
80,23,24,0.08567870455225861,True
80,23,28,0.07872748761481649,False
80,24,2,0.05771746594909975,False
80,24,3,0.05315767099575536,False
80,24,5,0.05805435390914419,False
80,24,8,0.059908045859370505,False
80,24,10,0.06098328277287775,False
80,24,15,0.0646091963590115,False
80,24,20,0.07429146134606593,False
80,24,24,0.08517076774853063,False
80,24,28,0.090422311311844,True
80,25,2,0.05192694537282618,False
80,25,3,0.05146259265605737,False
80,25,5,0.04611804115976011,False
80,25,8,0.05342189588286709,False
80,25,10,0.05346348345410425,False
80,25,15,0.06859993097323616,False
80,25,20,0.08331110501901302,False
80,25,24,0.08747926061960022,False
80,25,28,0.09075837137082524,True
80,26,2,0.09675864045071414,False
80,26,3,0.10136556269483532,False
80,26,5,0.09246440083464949,False
80,26,8,0.10658918824294586,False
80,26,10,0.11383796277839227,False
80,26,15,0.12516452355330057,False
80,26,20,0.134397129507221,False
80,26,24,0.13471783118636943,False
80,26,28,0.14607527953698204,True
80,27,2,0.05933698089750714,False
80,27,3,0.05505792447158105,False
80,27,5,0.04855863541144416,False
80,27,8,0.05444851576203284,False
80,27,10,0.0585005984727733,False
80,27,15,0.07002318289265197,False
80,27,20,0.07417831389712035,False
80,27,24,0.074989823972848,True
80,27,28,0.07401035638952942,False
80,28,2,0.061244279223625055,False
80,28,3,0.062373610824381254,False
80,28,5,0.059602022324017026,False
80,28,8,0.04900416288207169,False
80,28,10,0.056032384677103544,False
80,28,15,0.0711014995289452,False
80,28,20,0.07833610430406687,False
80,28,24,0.081052898889449,False
80,28,28,0.0813418024742593,True
80,29,2,0.055969044480616514,False
80,29,3,0.0525324305302858,False
80,29,5,0.04879549417331467,False
80,29,8,0.05745949735808635,False
80,29,10,0.06133887864078069,False
80,29,15,0.07091614926958276,False
80,29,20,0.07202163040653797,False
80,29,24,0.07111836040361626,False
80,29,28,0.07336981619938084,True
80,30,2,0.07453209524800553,False
80,30,3,0.06484886486452703,False
80,30,5,0.06259680326073658,False
80,30,8,0.06844653964876948,False
80,30,10,0.06685006745508941,False
80,30,15,0.0732921345692515,False
80,30,20,0.07428419856281164,False
80,30,24,0.07355865988802468,False
80,30,28,0.07506019410162168,True
80,31,2,0.059172771906257735,False
80,31,3,0.052851004837550994,False
80,31,5,0.048868423957376075,False
80,31,8,0.05330228328447809,False
80,31,10,0.05300690017298848,False
80,31,15,0.06564897905594291,False
80,31,20,0.07827073929419653,False
80,31,24,0.08106368254414012,False
80,31,28,0.08767614207169303,True
80,32,2,0.0768636036841734,False
80,32,3,0.07009328718703552,False
80,32,5,0.06757159651652245,False
80,32,8,0.07076784324870862,False
80,32,10,0.07208238653675221,False
80,32,15,0.08082611757092124,False
80,32,20,0.08974734642828505,False
80,32,24,0.09404570075922579,False
80,32,28,0.09423293717859355,True
80,33,2,0.06068037524245843,False
80,33,3,0.059371391892762505,False
80,33,5,0.057524225374069295,False
80,33,8,0.06317505155818275,False
80,33,10,0.06655587424328599,False
80,33,15,0.07275264527012094,False
80,33,20,0.07932150794964735,False
80,33,24,0.08557337057537459,True
80,33,28,0.0838901716514649,False
80,34,2,0.06508543964016007,False
80,34,3,0.05729527383458477,False
80,34,5,0.05003891542987223,False
80,34,8,0.05376771456709567,False
80,34,10,0.060111677025367086,False
80,34,15,0.06716611298113935,False
80,34,20,0.07557155160712498,False
80,34,24,0.07885438113635379,False
80,34,28,0.08774242839154521,True
80,35,2,0.06472893574885188,False
80,35,3,0.060246408110029195,False
80,35,5,0.05878541985273206,False
80,35,8,0.054722725218437275,False
80,35,10,0.053683338010782046,False
80,35,15,0.06309359005664525,False
80,35,20,0.07445451394393875,True
80,35,24,0.073759967347332,False
80,35,28,0.07238830561087685,False
80,36,2,0.06419139527374289,False
80,36,3,0.062512352330102,False
80,36,5,0.06102837568397568,False
80,36,8,0.06576364090512392,False
80,36,10,0.06945826574954066,False
80,36,15,0.0704449631130162,False
80,36,20,0.08095956503619545,False
80,36,24,0.08435478349233935,False
80,36,28,0.08445421399328974,True
80,37,2,0.06143092864897202,False
80,37,3,0.05905901350875846,False
80,37,5,0.054872140528262205,False
80,37,8,0.06093088183385,False
80,37,10,0.05953955526003245,False
80,37,15,0.06793275792154094,False
80,37,20,0.0704442846172906,False
80,37,24,0.06584858510889786,False
80,37,28,0.0714671589503609,True
80,38,2,0.05717722652319759,False
80,38,3,0.057722391266938435,False
80,38,5,0.05228233239905551,False
80,38,8,0.06377744213723567,False
80,38,10,0.07141874201530639,False
80,38,15,0.07649669052394363,False
80,38,20,0.08424789215412488,True
80,38,24,0.08208225522931328,False
80,38,28,0.08409520928898727,False
80,39,2,0.06859697247858328,False
80,39,3,0.05864909274523825,False
80,39,5,0.05338193314184632,False
80,39,8,0.05713956834663775,False
80,39,10,0.05703182455749482,False
80,39,15,0.06724692407875905,False
80,39,20,0.07541180876059937,False
80,39,24,0.08902496262904355,True
80,39,28,0.08586212276936839,False
80,40,2,0.08460352877486407,False
80,40,3,0.08760418106995133,False
80,40,5,0.07887596676597253,False
80,40,8,0.0947945170055989,False
80,40,10,0.09086087493676738,False
80,40,15,0.11113395711523806,False
80,40,20,0.10481032838947257,False
80,40,24,0.1246228330367194,False
80,40,28,0.14033426971134708,True
80,41,2,0.06776534956275074,False
80,41,3,0.06000852042367801,False
80,41,5,0.0596189953734951,False
80,41,8,0.06591820916236317,False
80,41,10,0.06621705959466663,False
80,41,15,0.07005807429341471,False
80,41,20,0.07928400000118216,False
80,41,24,0.08568692380566995,False
80,41,28,0.09122230126194064,True
80,42,2,0.05579676596905135,False
80,42,3,0.05486813144703369,False
80,42,5,0.05256556693018516,False
80,42,8,0.059202780394912224,False
80,42,10,0.06474776559743246,False
80,42,15,0.06790824953523,False
80,42,20,0.06914225376083868,False
80,42,24,0.07366682202379579,True
80,42,28,0.07104495850780608,False
80,43,2,0.11129433994326318,False
80,43,3,0.10597740765592345,False
80,43,5,0.09518938976000443,False
80,43,8,0.10933453855579951,False
80,43,10,0.11637865697006342,False
80,43,15,0.13063787354269366,False
80,43,20,0.15273687480853146,False
80,43,24,0.16254097670952777,False
80,43,28,0.17145057883848286,True
80,44,2,0.10174793900631036,False
80,44,3,0.09339108230326576,False
80,44,5,0.0926511033346527,False
80,44,8,0.09696380504525938,False
80,44,10,0.10985577586145631,False
80,44,15,0.11209601347406131,False
80,44,20,0.12368614693595541,False
80,44,24,0.1283580173437769,False
80,44,28,0.14936070627132722,True
80,45,2,0.07009422122250786,False
80,45,3,0.06152914741883594,False
80,45,5,0.06074311235726306,False
80,45,8,0.06459002537131579,False
80,45,10,0.06339129286319223,False
80,45,15,0.06666539344490716,False
80,45,20,0.08683412980286144,False
80,45,24,0.09261082588000247,False
80,45,28,0.09777140311937194,True
80,46,2,0.06446868277424181,False
80,46,3,0.06034024835144204,False
80,46,5,0.06208478316483553,False
80,46,8,0.06763224044080149,False
80,46,10,0.07024414710274636,False
80,46,15,0.07129780280076198,False
80,46,20,0.0723527572926356,False
80,46,24,0.07822215428583616,False
80,46,28,0.08678586130299508,True
80,47,2,0.05845384749934011,False
80,47,3,0.05934338053797439,False
80,47,5,0.05367012639900328,False
80,47,8,0.050907133500972,False
80,47,10,0.060965918872986434,False
80,47,15,0.07095592604413856,False
80,47,20,0.0706251949321994,False
80,47,24,0.07051375276211547,False
80,47,28,0.07658805625210421,True
80,48,2,0.06950732964155189,False
80,48,3,0.05952365682568774,False
80,48,5,0.059153908188445035,False
80,48,8,0.05778969822188133,False
80,48,10,0.061641303556875846,False
80,48,15,0.06910718684620738,False
80,48,20,0.07269049616131995,False
80,48,24,0.08339617237060885,True
80,48,28,0.08093549078838957,False
80,49,2,0.06738769411068757,False
80,49,3,0.06139460205569327,False
80,49,5,0.05719246648872824,False
80,49,8,0.065965420957558,False
80,49,10,0.06502288461712183,False
80,49,15,0.0752088190832904,False
80,49,20,0.08341064103922091,False
80,49,24,0.0874702677506872,False
80,49,28,0.08904106784680824,True
95,0,2,0.06282865861858128,False
95,0,3,0.05764108399314093,False
95,0,5,0.052045331239698345,False
95,0,8,0.049058563368260893,False
95,0,10,0.05741921375920046,False
95,0,15,0.06822007268988659,False
95,0,20,0.06988250346782814,False
95,0,24,0.07388632309546683,False
95,0,28,0.08225926170607877,True
95,1,2,0.06282865861858128,False
95,1,3,0.05764108399314093,False
95,1,5,0.052045331239698345,False
95,1,8,0.049058563368260893,False
95,1,10,0.05741921375920046,False
95,1,15,0.06822007268988659,False
95,1,20,0.06988250346782814,False
95,1,24,0.07388632309546683,False
95,1,28,0.08225926170607877,True
95,2,2,0.06282865861858128,False
95,2,3,0.05764108399314093,False
95,2,5,0.052045331239698345,False
95,2,8,0.049058563368260893,False
95,2,10,0.05741921375920046,False
95,2,15,0.06822007268988659,False
95,2,20,0.06988250346782814,False
95,2,24,0.07388632309546683,False
95,2,28,0.08225926170607877,True
95,3,2,0.06282865861858128,False
95,3,3,0.05764108399314093,False
95,3,5,0.052045331239698345,False
95,3,8,0.049058563368260893,False
95,3,10,0.05741921375920046,False
95,3,15,0.06822007268988659,False
95,3,20,0.06988250346782814,False
95,3,24,0.07388632309546683,False
95,3,28,0.08225926170607877,True
95,4,2,0.06282865861858128,False
95,4,3,0.05764108399314093,False
95,4,5,0.052045331239698345,False
95,4,8,0.049058563368260893,False
95,4,10,0.05741921375920046,False
95,4,15,0.06822007268988659,False
95,4,20,0.06988250346782814,False
95,4,24,0.07388632309546683,False
95,4,28,0.08225926170607877,True
95,5,2,0.06282865861858128,False
95,5,3,0.05764108399314093,False
95,5,5,0.052045331239698345,False
95,5,8,0.049058563368260893,False
95,5,10,0.05741921375920046,False
95,5,15,0.06822007268988659,False
95,5,20,0.06988250346782814,False
95,5,24,0.07388632309546683,False
95,5,28,0.08225926170607877,True
95,6,2,0.06282865861858128,False
95,6,3,0.05764108399314093,False
95,6,5,0.052045331239698345,False
95,6,8,0.049058563368260893,False
95,6,10,0.05741921375920046,False
95,6,15,0.06822007268988659,False
95,6,20,0.06988250346782814,False
95,6,24,0.07388632309546683,False
95,6,28,0.08225926170607877,True
95,7,2,0.06282865861858128,False
95,7,3,0.05764108399314093,False
95,7,5,0.052045331239698345,False
95,7,8,0.049058563368260893,False
95,7,10,0.05741921375920046,False
95,7,15,0.06822007268988659,False
95,7,20,0.06988250346782814,False
95,7,24,0.07388632309546683,False
95,7,28,0.08225926170607877,True
95,8,2,0.06282865861858128,False
95,8,3,0.05764108399314093,False
95,8,5,0.052045331239698345,False
95,8,8,0.049058563368260893,False
95,8,10,0.05741921375920046,False
95,8,15,0.06822007268988659,False
95,8,20,0.06988250346782814,False
95,8,24,0.07388632309546683,False
95,8,28,0.08225926170607877,True
95,9,2,0.06282865861858128,False
95,9,3,0.05764108399314093,False
95,9,5,0.052045331239698345,False
95,9,8,0.049058563368260893,False
95,9,10,0.05741921375920046,False
95,9,15,0.06822007268988659,False
95,9,20,0.06988250346782814,False
95,9,24,0.07388632309546683,False
95,9,28,0.08225926170607877,True
95,10,2,0.06282865861858128,False
95,10,3,0.05764108399314093,False
95,10,5,0.052045331239698345,False
95,10,8,0.049058563368260893,False
95,10,10,0.05741921375920046,False
95,10,15,0.06822007268988659,False
95,10,20,0.06988250346782814,False
95,10,24,0.07388632309546683,False
95,10,28,0.08225926170607877,True
95,11,2,0.06282865861858128,False
95,11,3,0.05764108399314093,False
95,11,5,0.052045331239698345,False
95,11,8,0.049058563368260893,False
95,11,10,0.05741921375920046,False
95,11,15,0.06822007268988659,False
95,11,20,0.06988250346782814,False
95,11,24,0.07388632309546683,False
95,11,28,0.08225926170607877,True
95,12,2,0.06282865861858128,False
95,12,3,0.05764108399314093,False
95,12,5,0.052045331239698345,False
95,12,8,0.049058563368260893,False
95,12,10,0.05741921375920046,False
95,12,15,0.06822007268988659,False
95,12,20,0.06988250346782814,False
95,12,24,0.07388632309546683,False
95,12,28,0.08225926170607877,True
95,13,2,0.06282865861858128,False
95,13,3,0.05764108399314093,False
95,13,5,0.052045331239698345,False
95,13,8,0.049058563368260893,False
95,13,10,0.05741921375920046,False
95,13,15,0.06822007268988659,False
95,13,20,0.06988250346782814,False
95,13,24,0.07388632309546683,False
95,13,28,0.08225926170607877,True
95,14,2,0.06282865861858128,False
95,14,3,0.05764108399314093,False
95,14,5,0.052045331239698345,False
95,14,8,0.049058563368260893,False
95,14,10,0.05741921375920046,False
95,14,15,0.06822007268988659,False
95,14,20,0.06988250346782814,False
95,14,24,0.07388632309546683,False
95,14,28,0.08225926170607877,True
95,15,2,0.06282865861858128,False
95,15,3,0.05764108399314093,False
95,15,5,0.052045331239698345,False
95,15,8,0.049058563368260893,False
95,15,10,0.05741921375920046,False
95,15,15,0.06822007268988659,False
95,15,20,0.06988250346782814,False
95,15,24,0.07388632309546683,False
95,15,28,0.08225926170607877,True
95,16,2,0.06282865861858128,False
95,16,3,0.05764108399314093,False
95,16,5,0.052045331239698345,False
95,16,8,0.049058563368260893,False
95,16,10,0.05741921375920046,False
95,16,15,0.06822007268988659,False
95,16,20,0.06988250346782814,False
95,16,24,0.07388632309546683,False
95,16,28,0.08225926170607877,True
95,17,2,0.06282865861858128,False
95,17,3,0.05764108399314093,False
95,17,5,0.052045331239698345,False
95,17,8,0.049058563368260893,False
95,17,10,0.05741921375920046,False
95,17,15,0.06822007268988659,False
95,17,20,0.06988250346782814,False
95,17,24,0.07388632309546683,False
95,17,28,0.08225926170607877,True
95,18,2,0.06282865861858128,False
95,18,3,0.05764108399314093,False
95,18,5,0.052045331239698345,False
95,18,8,0.049058563368260893,False
95,18,10,0.05741921375920046,False
95,18,15,0.06822007268988659,False
95,18,20,0.06988250346782814,False
95,18,24,0.07388632309546683,False
95,18,28,0.08225926170607877,True
95,19,2,0.06282865861858128,False
95,19,3,0.05764108399314093,False
95,19,5,0.052045331239698345,False
95,19,8,0.049058563368260893,False
95,19,10,0.05741921375920046,False
95,19,15,0.06822007268988659,False
95,19,20,0.06988250346782814,False
95,19,24,0.07388632309546683,False
95,19,28,0.08225926170607877,True
95,20,2,0.06282865861858128,False
95,20,3,0.05764108399314093,False
95,20,5,0.052045331239698345,False
95,20,8,0.049058563368260893,False
95,20,10,0.05741921375920046,False
95,20,15,0.06822007268988659,False
95,20,20,0.06988250346782814,False
95,20,24,0.07388632309546683,False
95,20,28,0.08225926170607877,True
95,21,2,0.06282865861858128,False
95,21,3,0.05764108399314093,False
95,21,5,0.052045331239698345,False
95,21,8,0.049058563368260893,False
95,21,10,0.05741921375920046,False
95,21,15,0.06822007268988659,False
95,21,20,0.06988250346782814,False
95,21,24,0.07388632309546683,False
95,21,28,0.08225926170607877,True
95,22,2,0.06282865861858128,False
95,22,3,0.05764108399314093,False
95,22,5,0.052045331239698345,False
95,22,8,0.049058563368260893,False
95,22,10,0.05741921375920046,False
95,22,15,0.06822007268988659,False
95,22,20,0.06988250346782814,False
95,22,24,0.07388632309546683,False
95,22,28,0.08225926170607877,True
95,23,2,0.06282865861858128,False
95,23,3,0.05764108399314093,False
95,23,5,0.052045331239698345,False
95,23,8,0.049058563368260893,False
95,23,10,0.05741921375920046,False
95,23,15,0.06822007268988659,False
95,23,20,0.06988250346782814,False
95,23,24,0.07388632309546683,False
95,23,28,0.08225926170607877,True
95,24,2,0.06282865861858128,False
95,24,3,0.05764108399314093,False
95,24,5,0.052045331239698345,False
95,24,8,0.049058563368260893,False
95,24,10,0.05741921375920046,False
95,24,15,0.06822007268988659,False
95,24,20,0.06988250346782814,False
95,24,24,0.07388632309546683,False
95,24,28,0.08225926170607877,True
95,25,2,0.06282865861858128,False
95,25,3,0.05764108399314093,False
95,25,5,0.052045331239698345,False
95,25,8,0.049058563368260893,False
95,25,10,0.05741921375920046,False
95,25,15,0.06822007268988659,False
95,25,20,0.06988250346782814,False
95,25,24,0.07388632309546683,False
95,25,28,0.08225926170607877,True
95,26,2,0.06282865861858128,False
95,26,3,0.05764108399314093,False
95,26,5,0.052045331239698345,False
95,26,8,0.049058563368260893,False
95,26,10,0.05741921375920046,False
95,26,15,0.06822007268988659,False
95,26,20,0.06988250346782814,False
95,26,24,0.07388632309546683,False
95,26,28,0.08225926170607877,True
95,27,2,0.06282865861858128,False
95,27,3,0.05764108399314093,False
95,27,5,0.052045331239698345,False
95,27,8,0.049058563368260893,False
95,27,10,0.05741921375920046,False
95,27,15,0.06822007268988659,False
95,27,20,0.06988250346782814,False
95,27,24,0.07388632309546683,False
95,27,28,0.08225926170607877,True
95,28,2,0.06282865861858128,False
95,28,3,0.05764108399314093,False
95,28,5,0.052045331239698345,False
95,28,8,0.049058563368260893,False
95,28,10,0.05741921375920046,False
95,28,15,0.06822007268988659,False
95,28,20,0.06988250346782814,False
95,28,24,0.07388632309546683,False
95,28,28,0.08225926170607877,True
95,29,2,0.06282865861858128,False
95,29,3,0.05764108399314093,False
95,29,5,0.052045331239698345,False
95,29,8,0.049058563368260893,False
95,29,10,0.05741921375920046,False
95,29,15,0.06822007268988659,False
95,29,20,0.06988250346782814,False
95,29,24,0.07388632309546683,False
95,29,28,0.08225926170607877,True
95,30,2,0.06282865861858128,False
95,30,3,0.05764108399314093,False
95,30,5,0.052045331239698345,False
95,30,8,0.049058563368260893,False
95,30,10,0.05741921375920046,False
95,30,15,0.06822007268988659,False
95,30,20,0.06988250346782814,False
95,30,24,0.07388632309546683,False
95,30,28,0.08225926170607877,True
95,31,2,0.06282865861858128,False
95,31,3,0.05764108399314093,False
95,31,5,0.052045331239698345,False
95,31,8,0.049058563368260893,False
95,31,10,0.05741921375920046,False
95,31,15,0.06822007268988659,False
95,31,20,0.06988250346782814,False
95,31,24,0.07388632309546683,False
95,31,28,0.08225926170607877,True
95,32,2,0.06282865861858128,False
95,32,3,0.05764108399314093,False
95,32,5,0.052045331239698345,False
95,32,8,0.049058563368260893,False
95,32,10,0.05741921375920046,False
95,32,15,0.06822007268988659,False
95,32,20,0.06988250346782814,False
95,32,24,0.07388632309546683,False
95,32,28,0.08225926170607877,True
95,33,2,0.06282865861858128,False
95,33,3,0.05764108399314093,False
95,33,5,0.052045331239698345,False
95,33,8,0.049058563368260893,False
95,33,10,0.05741921375920046,False
95,33,15,0.06822007268988659,False
95,33,20,0.06988250346782814,False
95,33,24,0.07388632309546683,False
95,33,28,0.08225926170607877,True
95,34,2,0.06282865861858128,False
95,34,3,0.05764108399314093,False
95,34,5,0.052045331239698345,False
95,34,8,0.049058563368260893,False
95,34,10,0.05741921375920046,False
95,34,15,0.06822007268988659,False
95,34,20,0.06988250346782814,False
95,34,24,0.07388632309546683,False
95,34,28,0.08225926170607877,True
95,35,2,0.06282865861858128,False
95,35,3,0.05764108399314093,False
95,35,5,0.052045331239698345,False
95,35,8,0.049058563368260893,False
95,35,10,0.05741921375920046,False
95,35,15,0.06822007268988659,False
95,35,20,0.06988250346782814,False
95,35,24,0.07388632309546683,False
95,35,28,0.08225926170607877,True
95,36,2,0.06282865861858128,False
95,36,3,0.05764108399314093,False
95,36,5,0.052045331239698345,False
95,36,8,0.049058563368260893,False
95,36,10,0.05741921375920046,False
95,36,15,0.06822007268988659,False
95,36,20,0.06988250346782814,False
95,36,24,0.07388632309546683,False
95,36,28,0.08225926170607877,True
95,37,2,0.06282865861858128,False
95,37,3,0.05764108399314093,False
95,37,5,0.052045331239698345,False
95,37,8,0.049058563368260893,False
95,37,10,0.05741921375920046,False
95,37,15,0.06822007268988659,False
95,37,20,0.06988250346782814,False
95,37,24,0.07388632309546683,False
95,37,28,0.08225926170607877,True
95,38,2,0.06282865861858128,False
95,38,3,0.05764108399314093,False
95,38,5,0.052045331239698345,False
95,38,8,0.049058563368260893,False
95,38,10,0.05741921375920046,False
95,38,15,0.06822007268988659,False
95,38,20,0.06988250346782814,False
95,38,24,0.07388632309546683,False
95,38,28,0.08225926170607877,True
95,39,2,0.06282865861858128,False
95,39,3,0.05764108399314093,False
95,39,5,0.052045331239698345,False
95,39,8,0.049058563368260893,False
95,39,10,0.05741921375920046,False
95,39,15,0.06822007268988659,False
95,39,20,0.06988250346782814,False
95,39,24,0.07388632309546683,False
95,39,28,0.08225926170607877,True
95,40,2,0.06282865861858128,False
95,40,3,0.05764108399314093,False
95,40,5,0.052045331239698345,False
95,40,8,0.049058563368260893,False
95,40,10,0.05741921375920046,False
95,40,15,0.06822007268988659,False
95,40,20,0.06988250346782814,False
95,40,24,0.07388632309546683,False
95,40,28,0.08225926170607877,True
95,41,2,0.06282865861858128,False
95,41,3,0.05764108399314093,False
95,41,5,0.052045331239698345,False
95,41,8,0.049058563368260893,False
95,41,10,0.05741921375920046,False
95,41,15,0.06822007268988659,False
95,41,20,0.06988250346782814,False
95,41,24,0.07388632309546683,False
95,41,28,0.08225926170607877,True
95,42,2,0.06282865861858128,False
95,42,3,0.05764108399314093,False
95,42,5,0.052045331239698345,False
95,42,8,0.049058563368260893,False
95,42,10,0.05741921375920046,False
95,42,15,0.06822007268988659,False
95,42,20,0.06988250346782814,False
95,42,24,0.07388632309546683,False
95,42,28,0.08225926170607877,True
95,43,2,0.06282865861858128,False
95,43,3,0.05764108399314093,False
95,43,5,0.052045331239698345,False
95,43,8,0.049058563368260893,False
95,43,10,0.05741921375920046,False
95,43,15,0.06822007268988659,False
95,43,20,0.06988250346782814,False
95,43,24,0.07388632309546683,False
95,43,28,0.08225926170607877,True
95,44,2,0.06282865861858128,False
95,44,3,0.05764108399314093,False
95,44,5,0.052045331239698345,False
95,44,8,0.049058563368260893,False
95,44,10,0.05741921375920046,False
95,44,15,0.06822007268988659,False
95,44,20,0.06988250346782814,False
95,44,24,0.07388632309546683,False
95,44,28,0.08225926170607877,True
95,45,2,0.06282865861858128,False
95,45,3,0.05764108399314093,False
95,45,5,0.052045331239698345,False
95,45,8,0.049058563368260893,False
95,45,10,0.05741921375920046,False
95,45,15,0.06822007268988659,False
95,45,20,0.06988250346782814,False
95,45,24,0.07388632309546683,False
95,45,28,0.08225926170607877,True
95,46,2,0.06282865861858128,False
95,46,3,0.05764108399314093,False
95,46,5,0.052045331239698345,False
95,46,8,0.049058563368260893,False
95,46,10,0.05741921375920046,False
95,46,15,0.06822007268988659,False
95,46,20,0.06988250346782814,False
95,46,24,0.07388632309546683,False
95,46,28,0.08225926170607877,True
95,47,2,0.06282865861858128,False
95,47,3,0.05764108399314093,False
95,47,5,0.052045331239698345,False
95,47,8,0.049058563368260893,False
95,47,10,0.05741921375920046,False
95,47,15,0.06822007268988659,False
95,47,20,0.06988250346782814,False
95,47,24,0.07388632309546683,False
95,47,28,0.08225926170607877,True
95,48,2,0.06282865861858128,False
95,48,3,0.05764108399314093,False
95,48,5,0.052045331239698345,False
95,48,8,0.049058563368260893,False
95,48,10,0.05741921375920046,False
95,48,15,0.06822007268988659,False
95,48,20,0.06988250346782814,False
95,48,24,0.07388632309546683,False
95,48,28,0.08225926170607877,True
95,49,2,0.06282865861858128,False
95,49,3,0.05764108399314093,False
95,49,5,0.052045331239698345,False
95,49,8,0.049058563368260893,False
95,49,10,0.05741921375920046,False
95,49,15,0.06822007268988659,False
95,49,20,0.06988250346782814,False
95,49,24,0.07388632309546683,False
95,49,28,0.08225926170607877,True
