rs,n_traits,traits,best_models
100013424|F|0-13:C>A-13:C>A,1,Insoluble_Oxalate,RandomForest
100028702|F|0-38:A>G-38:A>G,1,Seed_Thickness,LightGBM
100029056|F|0-22:A>T-22:A>T,1,Tannin,KernelRidge
100029122|F|0-13:T>C-13:T>C,1,Crude_Protein,MLP
100029682|F|0-15:A>G-15:A>G,1,Mass_of_Seeds,KernelRidge
100030222|F|0-14:T>A-14:T>A,1,Seed_Thickness,LightGBM
100030229|F|0-11:A>T-11:A>T,1,Soluble_Oxalate,RR-BLUP
100033357|F|0-30:G>A-30:G>A,1,Flavonoid,KernelRidge
100035013|F|0-54:A>T-54:A>T,1,Flavonoid,KernelRidge
100035171|F|0-38:C>T-38:C>T,1,Insoluble_Oxalate,RandomForest
100035246|F|0-43:C>A-43:C>A,1,Tannin,KernelRidge
100035301|F|0-17:C>T-17:C>T,1,Insoluble_Oxalate,RandomForest
100035901|F|0-29:T>A-29:T>A,1,Insoluble_Oxalate,RandomForest
100035958|F|0-25:C>T-25:C>T,1,Seed_Thickness,LightGBM
100036056|F|0-31:G>A-31:G>A,1,Seed_Width,KernelRidge
100038652|F|0-16:A>G-16:A>G,1,Tannin,KernelRidge
100039190|F|0-22:G>A-22:G>A,1,Crude_Protein,MLP
100040460|F|0-10:G>A-10:G>A,1,Phenol,KernelRidge
100040596|F|0-63:G>T-63:G>T,1,Mass_of_Seeds,KernelRidge
100041505|F|0-68:C>A-68:C>A,1,Soluble_Oxalate,RR-BLUP
100041762|F|0-5:T>C-5:T>C,1,Seed_Thickness,LightGBM
100041853|F|0-27:G>A-27:G>A,1,Seed_Length,RandomForest
100043126|F|0-48:T>A-48:T>A,1,Mass_of_Seeds,KernelRidge
100043978|F|0-67:T>A-67:T>A,1,Insoluble_Oxalate,RandomForest
100044383|F|0-68:C>A-68:C>A,1,Antioxidant,RR-BLUP
100044544|F|0-31:A>G-31:A>G,1,Phenol,KernelRidge
100044656|F|0-38:C>T-38:C>T,1,Total_Oxalate,ElasticNet
100045081|F|0-27:C>A-27:C>A,1,Soluble_Oxalate,RR-BLUP
100045252|F|0-36:A>T-36:A>T,1,Seed_Width,KernelRidge
100046319|F|0-37:A>C-37:A>C,1,Antioxidant,RR-BLUP
100055640|F|0-33:G>T-33:G>T,1,Seed_Coat_Tannin,RR-BLUP
100028940|F|0-16:C>T-16:C>T,1,Seed_Coat_Tannin,RR-BLUP
100028611|F|0-14:A>C-14:A>C,1,Phenol,KernelRidge
100013722|F|0-6:A>G-6:A>G,1,Phenol,KernelRidge
100021842|F|0-18:C>G-18:C>G,1,Soluble_Oxalate,RR-BLUP
100013886|F|0-37:T>A-37:T>A,1,Flavonoid,KernelRidge
100013936|F|0-38:C>A-38:C>A,1,Seed_Length,RandomForest
100013982|F|0-20:C>G-20:C>G,1,Seed_Width,KernelRidge
100014256|F|0-11:C>T-11:C>T,1,Crude_Protein,MLP
100014414|F|0-40:G>C-40:G>C,1,Tannin,KernelRidge
100014483|F|0-57:T>A-57:T>A,1,Seed_Length,RandomForest
100015028|F|0-52:A>T-52:A>T,1,Phenol,KernelRidge
100015319|F|0-34:T>A-34:T>A,1,Total_Oxalate,ElasticNet
100015331|F|0-40:A>G-40:A>G,1,Mass_of_Seeds,KernelRidge
100016006|F|0-20:G>A-20:G>A,1,Antioxidant,RR-BLUP
100016088|F|0-16:G>A-16:G>A,1,Soluble_Oxalate,RR-BLUP
100016630|F|0-66:A>T-66:A>T,1,Tannin,KernelRidge
100016684|F|0-47:T>C-47:T>C,1,Total_Oxalate,ElasticNet
100016973|F|0-15:G>T-15:G>T,1,Crude_Protein,MLP
100017140|F|0-53:T>C-53:T>C,1,Seed_Width,KernelRidge
100017310|F|0-9:T>G-9:T>G,1,Antioxidant,RR-BLUP
100017692|F|0-31:G>T-31:G>T,1,Total_Oxalate,ElasticNet
100018009|F|0-24:G>T-24:G>T,1,Crude_Protein,MLP
100018573|F|0-44:G>C-44:G>C,1,Total_Oxalate,ElasticNet
100018591|F|0-14:C>T-14:C>T,1,Mass_of_Seeds,KernelRidge
100018809|F|0-13:A>G-13:A>G,1,Antioxidant,RR-BLUP
100019182|F|0-32:C>T-32:C>T,1,Flavonoid,KernelRidge
100019246|F|0-54:A>C-54:A>C,1,Seed_Coat_Tannin,RR-BLUP
100019753|F|0-24:T>G-24:T>G,1,Flavonoid,KernelRidge
100019870|F|0-67:G>A-67:G>A,1,Seed_Coat_Tannin,RR-BLUP
100020050|F|0-34:T>G-34:T>G,1,Seed_Length,RandomForest
100020454|F|0-11:G>A-11:G>A,1,Seed_Coat_Tannin,RR-BLUP
100021054|F|0-18:A>G-18:A>G,1,Seed_Width,KernelRidge
100021416|F|0-50:T>G-50:T>G,1,Seed_Thickness,LightGBM
100056034|F|0-41:G>T-41:G>T,1,Seed_Length,RandomForest
