trait,rank,rs,mean_abs_shap,best_model
Tannin,1,100014414|F|0-40:G>C-40:G>C,1.1990525136987238,KernelRidge
Tannin,2,100029056|F|0-22:A>T-22:A>T,0.978900505867475,KernelRidge
Tannin,3,100038652|F|0-16:A>G-16:A>G,0.8709486002215977,KernelRidge
Tannin,4,100035246|F|0-43:C>A-43:C>A,0.8253922953362837,KernelRidge
Tannin,5,100016630|F|0-66:A>T-66:A>T,0.7736571344139087,KernelRidge
Tannin,6,100030012|F|0-16:C>G-16:C>G,0.7629692643324995,KernelRidge
Tannin,7,100016397|F|0-22:A>T-22:A>T,0.7352095438450688,KernelRidge
Tannin,8,100016704|F|0-41:C>T-41:C>T,0.7109352151932236,KernelRidge
Tannin,9,100038564|F|0-34:C>T-34:C>T,0.7102233135400219,KernelRidge
Tannin,10,100028334|F|0-33:A>C-33:A>C,0.6951713936234448,KernelRidge
Tannin,11,100014994|F|0-36:G>A-36:G>A,0.6505966758529985,KernelRidge
Tannin,12,100046200|F|0-31:A>C-31:A>C,0.6379369620308227,KernelRidge
Tannin,13,100038720|F|0-23:G>A-23:G>A,0.621834261768024,KernelRidge
Tannin,14,100019260|F|0-27:C>T-27:C>T,0.6073314524679596,KernelRidge
Tannin,15,100016689|F|0-47:G>T-47:G>T,0.5924878047222947,KernelRidge
Tannin,16,100021780|F|0-9:A>G-9:A>G,0.589419073572023,KernelRidge
Tannin,17,100028251|F|0-5:A>G-5:A>G,0.579314445763752,KernelRidge
Tannin,18,100036126|F|0-34:T>C-34:T>C,0.5790716620213291,KernelRidge
Tannin,19,100017545|F|0-17:T>C-17:T>C,0.577623172424546,KernelRidge
Tannin,20,100021295|F|0-53:G>T-53:G>T,0.5661084846466594,KernelRidge
Phenol,1,100013722|F|0-6:A>G-6:A>G,0.7127984196789504,KernelRidge
Phenol,2,100044544|F|0-31:A>G-31:A>G,0.5365898742369147,KernelRidge
Phenol,3,100040460|F|0-10:G>A-10:G>A,0.533960009704471,KernelRidge
Phenol,4,100015028|F|0-52:A>T-52:A>T,0.4964862253942399,KernelRidge
Phenol,5,100028611|F|0-14:A>C-14:A>C,0.48264210420816994,KernelRidge
Phenol,6,100029049|F|0-10:A>G-10:A>G,0.42249613879463715,KernelRidge
Phenol,7,100014429|F|0-23:C>T-23:C>T,0.3998192907759306,KernelRidge
Phenol,8,100035489|F|0-33:C>A-33:C>A,0.3980657668329401,KernelRidge
Phenol,9,100020726|F|0-7:G>A-7:G>A,0.37012640753471443,KernelRidge
Phenol,10,100014340|F|0-44:A>G-44:A>G,0.3697987100242674,KernelRidge
Phenol,11,100049017|F|0-36:G>A-36:G>A,0.36386335078462184,KernelRidge
Phenol,12,100013358|F|0-37:G>A-37:G>A,0.33744554107273966,KernelRidge
Phenol,13,100040372|F|0-42:A>T-42:A>T,0.31831987076545654,KernelRidge
Phenol,14,100021370|F|0-62:A>T-62:A>T,0.2996231294689396,KernelRidge
Phenol,15,100017906|F|0-31:G>A-31:G>A,0.2928927727800771,KernelRidge
Phenol,16,100016397|F|0-22:A>T-22:A>T,0.2919756683199497,KernelRidge
Phenol,17,100034184|F|0-46:T>C-46:T>C,0.2901765640439212,KernelRidge
Phenol,18,100021941|F|0-59:G>A-59:G>A,0.28585518205825555,KernelRidge
Phenol,19,100013779|F|0-68:G>C-68:G>C,0.2858485894621497,KernelRidge
Phenol,20,100036173|F|0-57:T>C-57:T>C,0.2837890470682876,KernelRidge
Flavonoid,1,100013886|F|0-37:T>A-37:T>A,0.24266515878207814,KernelRidge
Flavonoid,2,100019753|F|0-24:T>G-24:T>G,0.22133743864697525,KernelRidge
Flavonoid,3,100019182|F|0-32:C>T-32:C>T,0.21305254291125433,KernelRidge
Flavonoid,4,100033357|F|0-30:G>A-30:G>A,0.1893506258780113,KernelRidge
Flavonoid,5,100035013|F|0-54:A>T-54:A>T,0.1790407901759262,KernelRidge
Flavonoid,6,100018004|F|0-47:G>A-47:G>A,0.14522870654558176,KernelRidge
Flavonoid,7,100017444|F|0-55:C>A-55:C>A,0.14279686962978266,KernelRidge
Flavonoid,8,100014938|F|0-65:C>T-65:C>T,0.14006585840414137,KernelRidge
Flavonoid,9,100019025|F|0-58:C>A-58:C>A,0.13768226885515908,KernelRidge
Flavonoid,10,100017341|F|0-38:C>A-38:C>A,0.1366381462946061,KernelRidge
Flavonoid,11,100017720|F|0-9:G>A-9:G>A,0.13663145088205228,KernelRidge
Flavonoid,12,100040427|F|0-30:T>C-30:T>C,0.12387414664982475,KernelRidge
Flavonoid,13,100014335|F|0-15:A>C-15:A>C,0.12079826438890943,KernelRidge
Flavonoid,14,100017864|F|0-18:T>C-18:T>C,0.11684357141620014,KernelRidge
Flavonoid,15,100041774|F|0-19:G>A-19:G>A,0.11628451856242633,KernelRidge
Flavonoid,16,100021316|F|0-63:C>A-63:C>A,0.11502806186195312,KernelRidge
Flavonoid,17,100020755|F|0-11:C>A-11:C>A,0.11497647312037745,KernelRidge
Flavonoid,18,100019738|F|0-47:G>A-47:G>A,0.11126069852106639,KernelRidge
Flavonoid,19,100014593|F|0-28:A>C-28:A>C,0.10653350294314365,KernelRidge
Flavonoid,20,100017011|F|0-35:C>T-35:C>T,0.1055719560287355,KernelRidge
Antioxidant,1,100044383|F|0-68:C>A-68:C>A,1.9062910601477,RR-BLUP
Antioxidant,2,100016006|F|0-20:G>A-20:G>A,1.6077472663032295,RR-BLUP
Antioxidant,3,100017310|F|0-9:T>G-9:T>G,1.4834101556401518,RR-BLUP
Antioxidant,4,100046319|F|0-37:A>C-37:A>C,1.3020718681213097,RR-BLUP
Antioxidant,5,100018809|F|0-13:A>G-13:A>G,1.2425874082011674,RR-BLUP
Antioxidant,6,100049389|F|0-23:C>A-23:C>A,1.1849036874620809,RR-BLUP
Antioxidant,7,100022113|F|0-34:G>C-34:G>C,1.1618907710558344,RR-BLUP
Antioxidant,8,100014138|F|0-28:A>G-28:A>G,0.9339164325125306,RR-BLUP
Antioxidant,9,100022099|F|0-31:T>C-31:T>C,0.9085749075869369,RR-BLUP
Antioxidant,10,100017367|F|0-26:T>C-26:T>C,0.9075074216786969,RR-BLUP
Antioxidant,11,100021572|F|0-58:T>G-58:T>G,0.8750242016594366,RR-BLUP
Antioxidant,12,100021211|F|0-55:G>A-55:G>A,0.8341933680056587,RR-BLUP
Antioxidant,13,100015215|F|0-15:G>A-15:G>A,0.8047849536422005,RR-BLUP
Antioxidant,14,100018004|F|0-47:G>A-47:G>A,0.8040159803974065,RR-BLUP
Antioxidant,15,100019025|F|0-58:C>A-58:C>A,0.7552896867149475,RR-BLUP
Antioxidant,16,100017304|F|0-37:T>A-37:T>A,0.7236400368246413,RR-BLUP
Antioxidant,17,100016888|F|0-67:C>T-67:C>T,0.7188137084570487,RR-BLUP
Antioxidant,18,100041207|F|0-27:C>A-27:C>A,0.7095391236665085,RR-BLUP
Antioxidant,19,100013120|F|0-6:A>G-6:A>G,0.7064169749666648,RR-BLUP
Antioxidant,20,100014153|F|0-9:C>A-9:C>A,0.6737750476954785,RR-BLUP
Seed_Length,1,100056034|F|0-41:G>T-41:G>T,0.008635377710536563,RandomForest
Seed_Length,2,100041853|F|0-27:G>A-27:G>A,0.0070614302942760354,RandomForest
Seed_Length,3,100013936|F|0-38:C>A-38:C>A,0.006991873135142128,RandomForest
Seed_Length,4,100020050|F|0-34:T>G-34:T>G,0.006584258680263379,RandomForest
Seed_Length,5,100014483|F|0-57:T>A-57:T>A,0.0064762789045457346,RandomForest
Seed_Length,6,100017692|F|0-31:G>T-31:G>T,0.006197399096321641,RandomForest
Seed_Length,7,100043978|F|0-67:T>A-67:T>A,0.005899984373945534,RandomForest
Seed_Length,8,100033134|F|0-15:C>T-15:C>T,0.004713035466047764,RandomForest
Seed_Length,9,100015678|F|0-23:A>G-23:A>G,0.004597668114440158,RandomForest
Seed_Length,10,100017365|F|0-6:C>T-6:C>T,0.004541059212659931,RandomForest
Seed_Length,11,100036100|F|0-32:C>T-32:C>T,0.0044945207625428415,RandomForest
Seed_Length,12,100042001|F|0-12:C>A-12:C>A,0.0043295404875295625,RandomForest
Seed_Length,13,100028837|F|0-16:A>C-16:A>C,0.0042731849240946265,RandomForest
Seed_Length,14,100021344|F|0-55:A>T-55:A>T,0.0041209318753374505,RandomForest
Seed_Length,15,100058484|F|0-60:G>A-60:G>A,0.0037447649195485634,RandomForest
Seed_Length,16,100018802|F|0-14:G>A-14:G>A,0.003623530720109557,RandomForest
Seed_Length,17,100021123|F|0-50:T>C-50:T>C,0.0035258235938547245,RandomForest
Seed_Length,18,100017505|F|0-35:A>G-35:A>G,0.003498033232775338,RandomForest
Seed_Length,19,100018271|F|0-48:A>G-48:A>G,0.003478034710742517,RandomForest
Seed_Length,20,100013031|F|0-8:C>T-8:C>T,0.0030572241797707147,RandomForest
Seed_Width,1,100036056|F|0-31:G>A-31:G>A,0.012009397212515274,KernelRidge
Seed_Width,2,100021054|F|0-18:A>G-18:A>G,0.009755775006277187,KernelRidge
Seed_Width,3,100017140|F|0-53:T>C-53:T>C,0.009382867260593179,KernelRidge
Seed_Width,4,100013982|F|0-20:C>G-20:C>G,0.008639626054120457,KernelRidge
Seed_Width,5,100045252|F|0-36:A>T-36:A>T,0.008240148211839398,KernelRidge
Seed_Width,6,100017460|F|0-50:C>T-50:C>T,0.008036578647447988,KernelRidge
Seed_Width,7,100048696|F|0-28:G>C-28:G>C,0.007160957405181088,KernelRidge
Seed_Width,8,100020460|F|0-46:A>G-46:A>G,0.006916517197121861,KernelRidge
Seed_Width,9,100022113|F|0-34:G>C-34:G>C,0.006319435211421996,KernelRidge
Seed_Width,10,100029472|F|0-28:G>A-28:G>A,0.005927820692827633,KernelRidge
Seed_Width,11,100021979|F|0-26:G>A-26:G>A,0.005694321939895587,KernelRidge
Seed_Width,12,100035010|F|0-32:A>C-32:A>C,0.005672882440401263,KernelRidge
Seed_Width,13,100017265|F|0-28:G>A-28:G>A,0.005606360513185593,KernelRidge
Seed_Width,14,100014336|F|0-17:A>G-17:A>G,0.005548268201439325,KernelRidge
Seed_Width,15,100021300|F|0-36:C>T-36:C>T,0.005357332876007277,KernelRidge
Seed_Width,16,100018705|F|0-34:T>C-34:T>C,0.005069272120103593,KernelRidge
Seed_Width,17,100018381|F|0-53:C>A-53:C>A,0.005049647175043569,KernelRidge
Seed_Width,18,100016306|F|0-56:A>G-56:A>G,0.00500841212337653,KernelRidge
Seed_Width,19,100017892|F|0-32:A>G-32:A>G,0.005005802922859881,KernelRidge
Seed_Width,20,100014472|F|0-31:C>A-31:C>A,0.004955081288409226,KernelRidge
Seed_Thickness,1,100035958|F|0-25:C>T-25:C>T,0.04573272769301543,LightGBM
Seed_Thickness,2,100028702|F|0-38:A>G-38:A>G,0.03625051037595307,LightGBM
Seed_Thickness,3,100021416|F|0-50:T>G-50:T>G,0.036167704476781234,LightGBM
Seed_Thickness,4,100041762|F|0-5:T>C-5:T>C,0.035377382622382755,LightGBM
Seed_Thickness,5,100030222|F|0-14:T>A-14:T>A,0.03443906523347686,LightGBM
Seed_Thickness,6,100016587|F|0-41:C>T-41:C>T,0.034002261423177506,LightGBM
Seed_Thickness,7,100032753|F|0-47:A>G-47:A>G,0.03370217420643233,LightGBM
Seed_Thickness,8,100038609|F|0-8:A>T-8:A>T,0.030650350715764375,LightGBM
Seed_Thickness,9,100021017|F|0-55:C>T-55:C>T,0.028004004792992383,LightGBM
Seed_Thickness,10,100014127|F|0-16:C>T-16:C>T,0.025214044982016858,LightGBM
Seed_Thickness,11,100021838|F|0-57:A>G-57:A>G,0.022507260996551388,LightGBM
Seed_Thickness,12,100033134|F|0-15:C>T-15:C>T,0.017212332379647557,LightGBM
Seed_Thickness,13,100019661|F|0-30:A>T-30:A>T,0.017187811582707574,LightGBM
Seed_Thickness,14,100021316|F|0-63:C>A-63:C>A,0.016651104516024383,LightGBM
Seed_Thickness,15,100017267|F|0-60:T>C-60:T>C,0.016088728630077234,LightGBM
Seed_Thickness,16,100049761|F|0-12:A>G-12:A>G,0.014623201370491078,LightGBM
Seed_Thickness,17,100017285|F|0-30:C>T-30:C>T,0.014254475742349717,LightGBM
Seed_Thickness,18,100030002|F|0-15:C>G-15:C>G,0.013801258869875706,LightGBM
Seed_Thickness,19,100058370|F|0-6:C>T-6:C>T,0.013762480191596586,LightGBM
Seed_Thickness,20,100015367|F|0-46:A>T-46:A>T,0.012374843893038553,LightGBM
Mass_of_Seeds,1,100043126|F|0-48:T>A-48:T>A,0.0005699972938312713,KernelRidge
Mass_of_Seeds,2,100040596|F|0-63:G>T-63:G>T,0.00045253004659159547,KernelRidge
Mass_of_Seeds,3,100029682|F|0-15:A>G-15:A>G,0.0004195639854168851,KernelRidge
Mass_of_Seeds,4,100015331|F|0-40:A>G-40:A>G,0.00040233132977550727,KernelRidge
Mass_of_Seeds,5,100018591|F|0-14:C>T-14:C>T,0.00036607459703243405,KernelRidge
Mass_of_Seeds,6,100015553|F|0-28:T>C-28:T>C,0.00033819989180238256,KernelRidge
Mass_of_Seeds,7,100060605|F|0-5:C>T-5:C>T,0.0003329237319093486,KernelRidge
Mass_of_Seeds,8,100020292|F|0-58:T>C-58:T>C,0.0003318196536522547,KernelRidge
Mass_of_Seeds,9,100044383|F|0-68:C>A-68:C>A,0.00030648897462075796,KernelRidge
Mass_of_Seeds,10,100017664|F|0-11:A>T-11:A>T,0.00030414474560223437,KernelRidge
Mass_of_Seeds,11,100033600|F|0-16:A>G-16:A>G,0.000294600279094569,KernelRidge
Mass_of_Seeds,12,100018361|F|0-34:C>A-34:C>A,0.0002841638835547414,KernelRidge
Mass_of_Seeds,13,100014001|F|0-46:T>A-46:T>A,0.000275235276829336,KernelRidge
Mass_of_Seeds,14,100017012|F|0-57:A>G-57:A>G,0.00027004223905842585,KernelRidge
Mass_of_Seeds,15,100022245|F|0-8:T>C-8:T>C,0.00026786450825424895,KernelRidge
Mass_of_Seeds,16,100019105|F|0-61:T>C-61:T>C,0.00026257205285895477,KernelRidge
Mass_of_Seeds,17,100029251|F|0-32:C>A-32:C>A,0.00026236299708787817,KernelRidge
Mass_of_Seeds,18,100020726|F|0-7:G>A-7:G>A,0.00023886746213467873,KernelRidge
Mass_of_Seeds,19,100034507|F|0-30:A>G-30:A>G,0.00023173281967627123,KernelRidge
Mass_of_Seeds,20,100035973|F|0-34:C>T-34:C>T,0.00023103949726374228,KernelRidge
Seed_Coat_Tannin,1,100019870|F|0-67:G>A-67:G>A,3.792945689173595,RR-BLUP
Seed_Coat_Tannin,2,100055640|F|0-33:G>T-33:G>T,3.3390638720417734,RR-BLUP
Seed_Coat_Tannin,3,100019246|F|0-54:A>C-54:A>C,2.7313293840494044,RR-BLUP
Seed_Coat_Tannin,4,100020454|F|0-11:G>A-11:G>A,2.4645279005743785,RR-BLUP
Seed_Coat_Tannin,5,100028940|F|0-16:C>T-16:C>T,2.391756258712418,RR-BLUP
Seed_Coat_Tannin,6,100019495|F|0-5:T>G-5:T>G,2.3204813131832607,RR-BLUP
Seed_Coat_Tannin,7,100033896|F|0-41:A>G-41:A>G,2.2097576059897044,RR-BLUP
Seed_Coat_Tannin,8,100015063|F|0-34:T>C-34:T>C,2.162462760712902,RR-BLUP
Seed_Coat_Tannin,9,100018699|F|0-47:A>G-47:A>G,2.040991476944144,RR-BLUP
Seed_Coat_Tannin,10,100047453|F|0-65:G>T-65:G>T,1.9580632759569474,RR-BLUP
Seed_Coat_Tannin,11,100016238|F|0-41:C>A-41:C>A,1.8475721282001454,RR-BLUP
Seed_Coat_Tannin,12,100014343|F|0-46:C>T-46:C>T,1.636279025148796,RR-BLUP
Seed_Coat_Tannin,13,100018171|F|0-12:T>C-12:T>C,1.6126849120507838,RR-BLUP
Seed_Coat_Tannin,14,100013996|F|0-45:C>T-45:C>T,1.4395715098818422,RR-BLUP
Seed_Coat_Tannin,15,100020363|F|0-42:C>T-42:C>T,1.4258139189317556,RR-BLUP
Seed_Coat_Tannin,16,100040243|F|0-44:T>G-44:T>G,1.355351390211224,RR-BLUP
Seed_Coat_Tannin,17,100018697|F|0-15:T>C-15:T>C,1.3386450262625322,RR-BLUP
Seed_Coat_Tannin,18,100021572|F|0-58:T>G-58:T>G,1.3343511976403652,RR-BLUP
Seed_Coat_Tannin,19,100018213|F|0-23:A>G-23:A>G,1.3011594855820914,RR-BLUP
Seed_Coat_Tannin,20,100021798|F|0-27:T>C-27:T>C,1.2854609484079687,RR-BLUP
Crude_Protein,1,100029122|F|0-13:T>C-13:T>C,52045178685185.76,MLP
Crude_Protein,2,100014256|F|0-11:C>T-11:C>T,52045178685185.75,MLP
Crude_Protein,3,100016973|F|0-15:G>T-15:G>T,12962949333533.676,MLP
Crude_Protein,4,100039190|F|0-22:G>A-22:G>A,12962949333533.658,MLP
Crude_Protein,5,100018009|F|0-24:G>T-24:G>T,0.1939343279681719,MLP
Crude_Protein,6,100051260|F|0-23:G>A-23:G>A,0.16279762381319476,MLP
Crude_Protein,7,100018158|F|0-47:G>T-47:G>T,0.14552348394407724,MLP
Crude_Protein,8,100029816|F|0-31:C>A-31:C>A,0.13785077343942656,MLP
Crude_Protein,9,100014327|F|0-12:T>C-12:T>C,0.13234178822033837,MLP
Crude_Protein,10,100017924|F|0-5:G>C-5:G>C,0.1270649820292182,MLP
Crude_Protein,11,100017122|F|0-68:T>C-68:T>C,0.123450431167472,MLP
Crude_Protein,12,100053174|F|0-19:G>C-19:G>C,0.09205118769705073,MLP
Crude_Protein,13,100020677|F|0-42:G>T-42:G>T,0.0788864466053575,MLP
Crude_Protein,14,100028644|F|0-13:T>C-13:T>C,0.07167614642974729,MLP
Crude_Protein,15,100038558|F|0-29:G>A-29:G>A,0.06587181396640054,MLP
Crude_Protein,16,100029979|F|0-5:G>A-5:G>A,0.06339098871737975,MLP
Crude_Protein,17,100017564|F|0-8:A>T-8:A>T,0.06335059251876232,MLP
Crude_Protein,18,100038655|F|0-21:A>T-21:A>T,0.06301793910089014,MLP
Crude_Protein,19,100041362|F|0-27:G>A-27:G>A,0.06151552641390717,MLP
Crude_Protein,20,100014991|F|0-45:T>G-45:T>G,0.05621973878481421,MLP
Total_Oxalate,1,100015319|F|0-34:T>A-34:T>A,7.0150318641217,ElasticNet
Total_Oxalate,2,100016684|F|0-47:T>C-47:T>C,4.943295102668649,ElasticNet
Total_Oxalate,3,100018573|F|0-44:G>C-44:G>C,4.843132807266474,ElasticNet
Total_Oxalate,4,100044656|F|0-38:C>T-38:C>T,3.9188469926069485,ElasticNet
Total_Oxalate,5,100017692|F|0-31:G>T-31:G>T,3.8605527036657916,ElasticNet
Total_Oxalate,6,100017367|F|0-26:T>C-26:T>C,3.51210887047214,ElasticNet
Total_Oxalate,7,100035901|F|0-29:T>A-29:T>A,3.4403519265976774,ElasticNet
Total_Oxalate,8,100034114|F|0-47:T>A-47:T>A,3.3343820192053624,ElasticNet
Total_Oxalate,9,100033896|F|0-41:A>G-41:A>G,3.2727195834283362,ElasticNet
Total_Oxalate,10,100013911|F|0-62:A>G-62:A>G,3.1845160376131036,ElasticNet
Total_Oxalate,11,100040506|F|0-18:G>A-18:G>A,2.926950706993831,ElasticNet
Total_Oxalate,12,100017698|F|0-34:C>A-34:C>A,2.8471573829404293,ElasticNet
Total_Oxalate,13,100016880|F|0-51:C>A-51:C>A,2.8301204952135293,ElasticNet
Total_Oxalate,14,100019646|F|0-30:T>C-30:T>C,2.564209023630394,ElasticNet
Total_Oxalate,15,100029330|F|0-22:A>G-22:A>G,2.3487600304679623,ElasticNet
Total_Oxalate,16,100046635|F|0-47:T>A-47:T>A,2.3473722016155607,ElasticNet
Total_Oxalate,17,100030430|F|0-19:A>C-19:A>C,2.231498564405419,ElasticNet
Total_Oxalate,18,100016225|F|0-50:A>C-50:A>C,2.216918808350915,ElasticNet
Total_Oxalate,19,100020803|F|0-42:G>T-42:G>T,2.1170363953633977,ElasticNet
Total_Oxalate,20,100014429|F|0-23:C>T-23:C>T,2.112968800322679,ElasticNet
Soluble_Oxalate,1,100045081|F|0-27:C>A-27:C>A,2.564400522242691,RR-BLUP
Soluble_Oxalate,2,100030229|F|0-11:A>T-11:A>T,2.340456093277833,RR-BLUP
Soluble_Oxalate,3,100016088|F|0-16:G>A-16:G>A,1.8491850513943822,RR-BLUP
Soluble_Oxalate,4,100041505|F|0-68:C>A-68:C>A,1.7153119318704826,RR-BLUP
Soluble_Oxalate,5,100021842|F|0-18:C>G-18:C>G,1.6090367745347371,RR-BLUP
Soluble_Oxalate,6,100038511|F|0-6:G>A-6:G>A,1.35660900891404,RR-BLUP
Soluble_Oxalate,7,100021572|F|0-58:T>G-58:T>G,1.2961844738231894,RR-BLUP
Soluble_Oxalate,8,100034680|F|0-38:A>C-38:A>C,1.2943560134370156,RR-BLUP
Soluble_Oxalate,9,100013048|F|0-58:C>T-58:C>T,1.233224231051708,RR-BLUP
Soluble_Oxalate,10,100028940|F|0-16:C>T-16:C>T,1.1789103981401414,RR-BLUP
Soluble_Oxalate,11,100018909|F|0-13:T>C-13:T>C,1.1033130970882703,RR-BLUP
Soluble_Oxalate,12,100019068|F|0-18:T>C-18:T>C,1.0329305634675616,RR-BLUP
Soluble_Oxalate,13,100021487|F|0-66:T>G-66:T>G,1.0230167465465707,RR-BLUP
Soluble_Oxalate,14,100044913|F|0-36:G>T-36:G>T,1.015808908008307,RR-BLUP
Soluble_Oxalate,15,100014526|F|0-10:T>C-10:T>C,0.9715709507846023,RR-BLUP
Soluble_Oxalate,16,100048771|F|0-11:G>A-11:G>A,0.9587760192069591,RR-BLUP
Soluble_Oxalate,17,100021416|F|0-50:T>G-50:T>G,0.9411236582466815,RR-BLUP
Soluble_Oxalate,18,100034184|F|0-46:T>C-46:T>C,0.9209096083974033,RR-BLUP
Soluble_Oxalate,19,100033514|F|0-34:C>T-34:C>T,0.8813034803542944,RR-BLUP
Soluble_Oxalate,20,100041959|F|0-33:T>G-33:T>G,0.8522367742449718,RR-BLUP
Insoluble_Oxalate,1,100035901|F|0-29:T>A-29:T>A,7.614071148061262,RandomForest
Insoluble_Oxalate,2,100035301|F|0-17:C>T-17:C>T,5.5042737575626886,RandomForest
Insoluble_Oxalate,3,100013424|F|0-13:C>A-13:C>A,4.699985375401849,RandomForest
Insoluble_Oxalate,4,100035171|F|0-38:C>T-38:C>T,3.8467874407838325,RandomForest
Insoluble_Oxalate,5,100043978|F|0-67:T>A-67:T>A,3.734287706085141,RandomForest
Insoluble_Oxalate,6,100033689|F|0-56:C>T-56:C>T,3.6836622403556913,RandomForest
Insoluble_Oxalate,7,100018758|F|0-12:C>T-12:C>T,3.405973875202231,RandomForest
Insoluble_Oxalate,8,100018025|F|0-39:C>T-39:C>T,3.208187179269789,RandomForest
Insoluble_Oxalate,9,100029472|F|0-28:G>A-28:G>A,2.8972935530028074,RandomForest
Insoluble_Oxalate,10,100015590|F|0-63:C>G-63:C>G,2.7759879721007485,RandomForest
Insoluble_Oxalate,11,100039148|F|0-38:G>A-38:G>A,2.699269633981149,RandomForest
Insoluble_Oxalate,12,100013964|F|0-14:T>G-14:T>G,2.643520071164532,RandomForest
Insoluble_Oxalate,13,100045385|F|0-50:G>A-50:G>A,2.534904486748754,RandomForest
Insoluble_Oxalate,14,100020795|F|0-42:T>C-42:T>C,2.2930918920708647,RandomForest
Insoluble_Oxalate,15,100029461|F|0-34:G>A-34:G>A,2.260926899051842,RandomForest
Insoluble_Oxalate,16,100032761|F|0-35:G>T-35:G>T,1.8873404004849752,RandomForest
Insoluble_Oxalate,17,100044913|F|0-36:G>T-36:G>T,1.827596895864975,RandomForest
Insoluble_Oxalate,18,100018152|F|0-62:T>C-62:T>C,1.8037486130701221,RandomForest
Insoluble_Oxalate,19,100045520|F|0-63:C>T-63:C>T,1.744551288735797,RandomForest
Insoluble_Oxalate,20,100021860|F|0-9:A>C-9:A>C,1.721919370781216,RandomForest
