trait,model,boot_i,boot_j,spearman_full,jaccard_top_k
Insoluble_Oxalate,RandomForest,0,1,0.25404104484394596,0.0
Insoluble_Oxalate,RandomForest,0,2,0.23167340306976392,0.0
Insoluble_Oxalate,RandomForest,0,3,0.20929338380159093,0.0
Insoluble_Oxalate,RandomForest,0,4,0.26938941984342163,0.0
Insoluble_Oxalate,RandomForest,0,5,0.2474517379808129,0.0
Insoluble_Oxalate,RandomForest,0,6,0.2531035097997816,0.0
Insoluble_Oxalate,RandomForest,0,7,0.2329690968148787,0.0
Insoluble_Oxalate,RandomForest,0,8,0.2509448507975038,0.1111111111111111
Insoluble_Oxalate,RandomForest,0,9,0.3288087011601454,0.1111111111111111
Insoluble_Oxalate,RandomForest,0,10,0.2600791001847116,0.0
Insoluble_Oxalate,RandomForest,0,11,0.241693924093466,0.0
Insoluble_Oxalate,RandomForest,0,12,0.3046787234905316,0.0
Insoluble_Oxalate,RandomForest,0,13,0.2953497173395379,0.0
Insoluble_Oxalate,RandomForest,0,14,0.2684363416199527,0.0
Insoluble_Oxalate,RandomForest,0,15,0.2834775556546774,0.1111111111111111
Insoluble_Oxalate,RandomForest,0,16,0.252202296240469,0.0
Insoluble_Oxalate,RandomForest,0,17,0.23802807168655238,0.0
Insoluble_Oxalate,RandomForest,0,18,0.24862959943733576,0.0
Insoluble_Oxalate,RandomForest,0,19,0.2954516037468067,0.1111111111111111
Insoluble_Oxalate,RandomForest,0,20,0.2651089378874084,0.0
Insoluble_Oxalate,RandomForest,0,21,0.2939053342636495,0.0
Insoluble_Oxalate,RandomForest,0,22,0.15541513404523966,0.0
Insoluble_Oxalate,RandomForest,0,23,0.2285174972628847,0.1111111111111111
Insoluble_Oxalate,RandomForest,0,24,0.28162423427189937,0.0
Insoluble_Oxalate,RandomForest,0,25,0.18780428402237792,0.0
Insoluble_Oxalate,RandomForest,0,26,0.28150512396370647,0.0
Insoluble_Oxalate,RandomForest,0,27,0.2436724634317203,0.0
Insoluble_Oxalate,RandomForest,0,28,0.24070828014077789,0.0
Insoluble_Oxalate,RandomForest,0,29,0.20922262849759984,0.0
Insoluble_Oxalate,RandomForest,1,2,0.23283359877175883,0.0
Insoluble_Oxalate,RandomForest,1,3,0.29001922902139216,0.0
Insoluble_Oxalate,RandomForest,1,4,0.21933492642997665,0.0
Insoluble_Oxalate,RandomForest,1,5,0.27864326613709484,0.0
Insoluble_Oxalate,RandomForest,1,6,0.30256020884574136,0.0
Insoluble_Oxalate,RandomForest,1,7,0.2916790073395239,0.1111111111111111
Insoluble_Oxalate,RandomForest,1,8,0.2755157592121582,0.1111111111111111
Insoluble_Oxalate,RandomForest,1,9,0.1596479825048345,0.0
Insoluble_Oxalate,RandomForest,1,10,0.19002249258566856,0.0
Insoluble_Oxalate,RandomForest,1,11,0.18988078901630243,0.0
Insoluble_Oxalate,RandomForest,1,12,0.29450698506227196,0.0
Insoluble_Oxalate,RandomForest,1,13,0.26908243226426204,0.0
Insoluble_Oxalate,RandomForest,1,14,0.1648776275258016,0.0
Insoluble_Oxalate,RandomForest,1,15,0.28815714327662406,0.0
Insoluble_Oxalate,RandomForest,1,16,0.2846258436817032,0.0
Insoluble_Oxalate,RandomForest,1,17,0.18535205524847972,0.0
Insoluble_Oxalate,RandomForest,1,18,0.29957612536337563,0.0
Insoluble_Oxalate,RandomForest,1,19,0.24578203473584562,0.0
Insoluble_Oxalate,RandomForest,1,20,0.22437006917246133,0.0
Insoluble_Oxalate,RandomForest,1,21,0.1920272103516791,0.0
Insoluble_Oxalate,RandomForest,1,22,0.26391654839625317,0.0
Insoluble_Oxalate,RandomForest,1,23,0.27787066833154117,0.0
Insoluble_Oxalate,RandomForest,1,24,0.3079375056804755,0.0
Insoluble_Oxalate,RandomForest,1,25,0.214389963770801,0.0
Insoluble_Oxalate,RandomForest,1,26,0.21500362571643905,0.0
Insoluble_Oxalate,RandomForest,1,27,0.16415234161435968,0.0
Insoluble_Oxalate,RandomForest,1,28,0.31832499730832853,0.1111111111111111
Insoluble_Oxalate,RandomForest,1,29,0.1631067621778908,0.0
Insoluble_Oxalate,RandomForest,2,3,0.1733232844264782,0.0
Insoluble_Oxalate,RandomForest,2,4,0.30575899123144323,0.0
Insoluble_Oxalate,RandomForest,2,5,0.29932487286221854,0.0
Insoluble_Oxalate,RandomForest,2,6,0.34020193269003546,0.1111111111111111
Insoluble_Oxalate,RandomForest,2,7,0.2794285658354878,0.0
Insoluble_Oxalate,RandomForest,2,8,0.2850532755194926,0.0
Insoluble_Oxalate,RandomForest,2,9,0.26340411007747816,0.0
Insoluble_Oxalate,RandomForest,2,10,0.2839764223561144,0.0
Insoluble_Oxalate,RandomForest,2,11,0.2646337271330273,0.0
Insoluble_Oxalate,RandomForest,2,12,0.28674094095241826,0.0
Insoluble_Oxalate,RandomForest,2,13,0.283100797154239,0.0
Insoluble_Oxalate,RandomForest,2,14,0.2526540551953454,0.0
Insoluble_Oxalate,RandomForest,2,15,0.27274909287175475,0.1111111111111111
Insoluble_Oxalate,RandomForest,2,16,0.22754029327333816,0.0
Insoluble_Oxalate,RandomForest,2,17,0.3008102951889693,0.0
Insoluble_Oxalate,RandomForest,2,18,0.24250834697812682,0.0
Insoluble_Oxalate,RandomForest,2,19,0.2504384977536778,0.0
Insoluble_Oxalate,RandomForest,2,20,0.20487702626931534,0.0
Insoluble_Oxalate,RandomForest,2,21,0.2803327968633987,0.0
Insoluble_Oxalate,RandomForest,2,22,0.30180046953936757,0.1111111111111111
Insoluble_Oxalate,RandomForest,2,23,0.30234626780523205,0.0
Insoluble_Oxalate,RandomForest,2,24,0.29813720113707387,0.1111111111111111
Insoluble_Oxalate,RandomForest,2,25,0.2665630557252901,0.0
Insoluble_Oxalate,RandomForest,2,26,0.23510329166952146,0.0
Insoluble_Oxalate,RandomForest,2,27,0.21547832750021323,0.0
Insoluble_Oxalate,RandomForest,2,28,0.3361239287497081,0.0
Insoluble_Oxalate,RandomForest,2,29,0.368331418168293,0.0
Insoluble_Oxalate,RandomForest,3,4,0.24336651616610896,0.0
Insoluble_Oxalate,RandomForest,3,5,0.26785612631419986,0.0
Insoluble_Oxalate,RandomForest,3,6,0.2885484717598218,0.0
Insoluble_Oxalate,RandomForest,3,7,0.2647035232231822,0.0
Insoluble_Oxalate,RandomForest,3,8,0.3227824947669712,0.1111111111111111
Insoluble_Oxalate,RandomForest,3,9,0.1318549042254348,0.0
Insoluble_Oxalate,RandomForest,3,10,0.23187507288487055,0.0
Insoluble_Oxalate,RandomForest,3,11,0.19644443760845337,0.0
Insoluble_Oxalate,RandomForest,3,12,0.21757551292072222,0.0
Insoluble_Oxalate,RandomForest,3,13,0.24861295442056353,0.0
Insoluble_Oxalate,RandomForest,3,14,0.2649566270350085,0.0
Insoluble_Oxalate,RandomForest,3,15,0.2920834320279542,0.0
Insoluble_Oxalate,RandomForest,3,16,0.26292523026026016,0.0
Insoluble_Oxalate,RandomForest,3,17,0.31108737095707445,0.0
Insoluble_Oxalate,RandomForest,3,18,0.33575954494671884,0.25
Insoluble_Oxalate,RandomForest,3,19,0.22591855910980477,0.0
Insoluble_Oxalate,RandomForest,3,20,0.34468827647730815,0.0
Insoluble_Oxalate,RandomForest,3,21,0.22437527633328624,0.0
Insoluble_Oxalate,RandomForest,3,22,0.2801102117121967,0.0
Insoluble_Oxalate,RandomForest,3,23,0.2528570785366815,0.0
Insoluble_Oxalate,RandomForest,3,24,0.27203443102259744,0.0
Insoluble_Oxalate,RandomForest,3,25,0.25472050941805363,0.0
Insoluble_Oxalate,RandomForest,3,26,0.17474208194147117,0.0
Insoluble_Oxalate,RandomForest,3,27,0.18191250459681557,0.0
Insoluble_Oxalate,RandomForest,3,28,0.2975497204157339,0.0
Insoluble_Oxalate,RandomForest,3,29,0.18148314314518663,0.0
Insoluble_Oxalate,RandomForest,4,5,0.2841708742968445,0.0
Insoluble_Oxalate,RandomForest,4,6,0.36922377787627814,0.1111111111111111
Insoluble_Oxalate,RandomForest,4,7,0.2507233367218098,0.0
Insoluble_Oxalate,RandomForest,4,8,0.2694540255520024,0.0
Insoluble_Oxalate,RandomForest,4,9,0.24807793961986604,0.0
Insoluble_Oxalate,RandomForest,4,10,0.20853116116610199,0.0
Insoluble_Oxalate,RandomForest,4,11,0.2739832319353887,0.0
Insoluble_Oxalate,RandomForest,4,12,0.3520879568325808,0.0
Insoluble_Oxalate,RandomForest,4,13,0.2522867909543059,0.0
Insoluble_Oxalate,RandomForest,4,14,0.3228633483833891,0.0
Insoluble_Oxalate,RandomForest,4,15,0.31310483256405125,0.0
Insoluble_Oxalate,RandomForest,4,16,0.3350267363378446,0.1111111111111111
Insoluble_Oxalate,RandomForest,4,17,0.2888702306727501,0.0
Insoluble_Oxalate,RandomForest,4,18,0.2698768598750784,0.0
Insoluble_Oxalate,RandomForest,4,19,0.31045863844769556,0.0
Insoluble_Oxalate,RandomForest,4,20,0.28707997130748114,0.0
Insoluble_Oxalate,RandomForest,4,21,0.3471415623440054,0.0
Insoluble_Oxalate,RandomForest,4,22,0.2565995589853587,0.0
Insoluble_Oxalate,RandomForest,4,23,0.28308830500203447,0.0
Insoluble_Oxalate,RandomForest,4,24,0.2600897578054977,0.0
Insoluble_Oxalate,RandomForest,4,25,0.24454094067276405,0.0
Insoluble_Oxalate,RandomForest,4,26,0.36455830440077797,0.0
Insoluble_Oxalate,RandomForest,4,27,0.2625264294173824,0.0
Insoluble_Oxalate,RandomForest,4,28,0.38561811543844876,0.0
Insoluble_Oxalate,RandomForest,4,29,0.3068128791935891,0.1111111111111111
Insoluble_Oxalate,RandomForest,5,6,0.3681141184810862,0.0
Insoluble_Oxalate,RandomForest,5,7,0.20436164039548693,0.0
Insoluble_Oxalate,RandomForest,5,8,0.3319127199305339,0.0
Insoluble_Oxalate,RandomForest,5,9,0.2645618084676489,0.0
Insoluble_Oxalate,RandomForest,5,10,0.19699669308932571,0.0
Insoluble_Oxalate,RandomForest,5,11,0.28910521569027736,0.0
Insoluble_Oxalate,RandomForest,5,12,0.3761745629354739,0.25
Insoluble_Oxalate,RandomForest,5,13,0.2611974148767634,0.25
Insoluble_Oxalate,RandomForest,5,14,0.3103838505304341,0.0
Insoluble_Oxalate,RandomForest,5,15,0.29458209178529826,0.0
Insoluble_Oxalate,RandomForest,5,16,0.1874637575174539,0.0
Insoluble_Oxalate,RandomForest,5,17,0.29938080090160507,0.0
Insoluble_Oxalate,RandomForest,5,18,0.2658665406358497,0.0
Insoluble_Oxalate,RandomForest,5,19,0.2966573607077488,0.0
Insoluble_Oxalate,RandomForest,5,20,0.35629044603443377,0.0
Insoluble_Oxalate,RandomForest,5,21,0.2569119942279377,0.0
Insoluble_Oxalate,RandomForest,5,22,0.28152365664619133,0.0
Insoluble_Oxalate,RandomForest,5,23,0.18962541161599564,0.0
Insoluble_Oxalate,RandomForest,5,24,0.3767829114516988,0.0
Insoluble_Oxalate,RandomForest,5,25,0.2629832473163685,0.0
Insoluble_Oxalate,RandomForest,5,26,0.28373076853163376,0.0
Insoluble_Oxalate,RandomForest,5,27,0.21932564750429617,0.0
Insoluble_Oxalate,RandomForest,5,28,0.3232250698785881,0.0
Insoluble_Oxalate,RandomForest,5,29,0.23405142840363605,0.0
Insoluble_Oxalate,RandomForest,6,7,0.327031579948236,0.0
Insoluble_Oxalate,RandomForest,6,8,0.3968906146659041,0.0
Insoluble_Oxalate,RandomForest,6,9,0.20586390349693567,0.0
Insoluble_Oxalate,RandomForest,6,10,0.248917374774354,0.1111111111111111
Insoluble_Oxalate,RandomForest,6,11,0.2588347145919356,0.0
Insoluble_Oxalate,RandomForest,6,12,0.3907320507460474,0.0
Insoluble_Oxalate,RandomForest,6,13,0.3937266548186512,0.1111111111111111
Insoluble_Oxalate,RandomForest,6,14,0.28088855081805836,0.0
Insoluble_Oxalate,RandomForest,6,15,0.3119819734915803,0.25
Insoluble_Oxalate,RandomForest,6,16,0.2970852595680182,0.0
Insoluble_Oxalate,RandomForest,6,17,0.3432243931154734,0.0
Insoluble_Oxalate,RandomForest,6,18,0.37711641863671386,0.0
Insoluble_Oxalate,RandomForest,6,19,0.2625794742221768,0.0
Insoluble_Oxalate,RandomForest,6,20,0.3891096090574395,0.0
Insoluble_Oxalate,RandomForest,6,21,0.3531642478910579,0.0
Insoluble_Oxalate,RandomForest,6,22,0.3478621500652293,0.25
Insoluble_Oxalate,RandomForest,6,23,0.2920134597556661,0.0
Insoluble_Oxalate,RandomForest,6,24,0.3401205225618001,0.1111111111111111
Insoluble_Oxalate,RandomForest,6,25,0.3356968660554358,0.1111111111111111
Insoluble_Oxalate,RandomForest,6,26,0.35094658185687577,0.0
Insoluble_Oxalate,RandomForest,6,27,0.24104176215691675,0.0
Insoluble_Oxalate,RandomForest,6,28,0.413274138000948,0.0
Insoluble_Oxalate,RandomForest,6,29,0.2863940942630343,0.1111111111111111
Insoluble_Oxalate,RandomForest,7,8,0.268150042857003,0.0
Insoluble_Oxalate,RandomForest,7,9,0.15472378137195544,0.0
Insoluble_Oxalate,RandomForest,7,10,0.2447189741166074,0.0
Insoluble_Oxalate,RandomForest,7,11,0.1885703714786295,0.0
Insoluble_Oxalate,RandomForest,7,12,0.27443010812828855,0.0
Insoluble_Oxalate,RandomForest,7,13,0.38748335568236314,0.0
Insoluble_Oxalate,RandomForest,7,14,0.19474538186079093,0.0
Insoluble_Oxalate,RandomForest,7,15,0.31236959376035595,0.0
Insoluble_Oxalate,RandomForest,7,16,0.2666845710594279,0.0
Insoluble_Oxalate,RandomForest,7,17,0.2840548961154636,0.25
Insoluble_Oxalate,RandomForest,7,18,0.34389636855065026,0.0
Insoluble_Oxalate,RandomForest,7,19,0.2124017372117639,0.0
Insoluble_Oxalate,RandomForest,7,20,0.27610088244876385,0.0
Insoluble_Oxalate,RandomForest,7,21,0.27342824982626485,0.0
Insoluble_Oxalate,RandomForest,7,22,0.3230913028948402,0.0
Insoluble_Oxalate,RandomForest,7,23,0.3095032279083685,0.0
Insoluble_Oxalate,RandomForest,7,24,0.27111646338138257,0.0
Insoluble_Oxalate,RandomForest,7,25,0.2701893510484934,0.0
Insoluble_Oxalate,RandomForest,7,26,0.23069410726695366,0.0
Insoluble_Oxalate,RandomForest,7,27,0.20057077697718997,0.0
Insoluble_Oxalate,RandomForest,7,28,0.3196105116413044,0.0
Insoluble_Oxalate,RandomForest,7,29,0.25210822337097943,0.0
Insoluble_Oxalate,RandomForest,8,9,0.25559251589484444,0.1111111111111111
Insoluble_Oxalate,RandomForest,8,10,0.31520558357535067,0.0
Insoluble_Oxalate,RandomForest,8,11,0.21178461035084012,0.0
Insoluble_Oxalate,RandomForest,8,12,0.3227437207149639,0.0
Insoluble_Oxalate,RandomForest,8,13,0.3025828971893357,0.0
Insoluble_Oxalate,RandomForest,8,14,0.2635173448513568,0.1111111111111111
Insoluble_Oxalate,RandomForest,8,15,0.2995554896814599,0.1111111111111111
Insoluble_Oxalate,RandomForest,8,16,0.30019953885025774,0.0
Insoluble_Oxalate,RandomForest,8,17,0.28089285469588304,0.0
Insoluble_Oxalate,RandomForest,8,18,0.32120020582547615,0.0
Insoluble_Oxalate,RandomForest,8,19,0.2447120163206179,0.0
Insoluble_Oxalate,RandomForest,8,20,0.347236994332808,0.1111111111111111
Insoluble_Oxalate,RandomForest,8,21,0.27523486057141733,0.0
Insoluble_Oxalate,RandomForest,8,22,0.3487574461421007,0.0
Insoluble_Oxalate,RandomForest,8,23,0.2885524428491727,0.1111111111111111
Insoluble_Oxalate,RandomForest,8,24,0.38201714000467013,0.0
Insoluble_Oxalate,RandomForest,8,25,0.2214195330054854,0.0
Insoluble_Oxalate,RandomForest,8,26,0.264870574647391,0.0
Insoluble_Oxalate,RandomForest,8,27,0.23815953711640184,0.0
Insoluble_Oxalate,RandomForest,8,28,0.3461173121318178,0.1111111111111111
Insoluble_Oxalate,RandomForest,8,29,0.2831588505653908,0.0
Insoluble_Oxalate,RandomForest,9,10,0.21362892127595015,0.0
Insoluble_Oxalate,RandomForest,9,11,0.30537376759898704,0.0
Insoluble_Oxalate,RandomForest,9,12,0.2919383026948875,0.0
Insoluble_Oxalate,RandomForest,9,13,0.1856324589013226,0.0
Insoluble_Oxalate,RandomForest,9,14,0.35649185297461156,0.0
Insoluble_Oxalate,RandomForest,9,15,0.2417206869984577,0.1111111111111111
Insoluble_Oxalate,RandomForest,9,16,0.18372499646936596,0.0
Insoluble_Oxalate,RandomForest,9,17,0.19936089791364,0.0
Insoluble_Oxalate,RandomForest,9,18,0.270180634227714,0.0
Insoluble_Oxalate,RandomForest,9,19,0.24466131781439068,0.1111111111111111
Insoluble_Oxalate,RandomForest,9,20,0.25528978465229896,0.0
Insoluble_Oxalate,RandomForest,9,21,0.34236715797245126,0.25
Insoluble_Oxalate,RandomForest,9,22,0.16633267101901786,0.0
Insoluble_Oxalate,RandomForest,9,23,0.19807515146769503,0.25
Insoluble_Oxalate,RandomForest,9,24,0.20941503336973494,0.0
Insoluble_Oxalate,RandomForest,9,25,0.16955895180020386,0.1111111111111111
Insoluble_Oxalate,RandomForest,9,26,0.2938462545216585,0.0
Insoluble_Oxalate,RandomForest,9,27,0.25222886618407675,0.0
Insoluble_Oxalate,RandomForest,9,28,0.23882574328585268,0.0
Insoluble_Oxalate,RandomForest,9,29,0.24861634662576257,0.1111111111111111
Insoluble_Oxalate,RandomForest,10,11,0.21621380121341946,0.0
Insoluble_Oxalate,RandomForest,10,12,0.24460371184992638,0.0
Insoluble_Oxalate,RandomForest,10,13,0.30401407219831955,0.0
Insoluble_Oxalate,RandomForest,10,14,0.30035676322659394,0.0
Insoluble_Oxalate,RandomForest,10,15,0.3105396542635377,0.1111111111111111
Insoluble_Oxalate,RandomForest,10,16,0.3541535525169575,0.0
Insoluble_Oxalate,RandomForest,10,17,0.314674075638066,0.0
Insoluble_Oxalate,RandomForest,10,18,0.212245209174335,0.0
Insoluble_Oxalate,RandomForest,10,19,0.2549714263341951,0.0
Insoluble_Oxalate,RandomForest,10,20,0.26035381567154053,0.0
Insoluble_Oxalate,RandomForest,10,21,0.2504874232524061,0.0
Insoluble_Oxalate,RandomForest,10,22,0.3129499964344092,0.1111111111111111
Insoluble_Oxalate,RandomForest,10,23,0.2592096273747883,0.0
Insoluble_Oxalate,RandomForest,10,24,0.24916684308184497,0.0
Insoluble_Oxalate,RandomForest,10,25,0.24869465259260398,0.0
Insoluble_Oxalate,RandomForest,10,26,0.2371864020951691,0.0
Insoluble_Oxalate,RandomForest,10,27,0.11850512815851916,0.0
Insoluble_Oxalate,RandomForest,10,28,0.26196344919872083,0.0
Insoluble_Oxalate,RandomForest,10,29,0.29949831997751575,0.1111111111111111
Insoluble_Oxalate,RandomForest,11,12,0.28002483049461036,0.0
Insoluble_Oxalate,RandomForest,11,13,0.2619822307734256,0.0
Insoluble_Oxalate,RandomForest,11,14,0.36233827808531965,0.0
Insoluble_Oxalate,RandomForest,11,15,0.2554944579532949,0.0
Insoluble_Oxalate,RandomForest,11,16,0.22319833773555617,0.0
Insoluble_Oxalate,RandomForest,11,17,0.2709376888539632,0.0
Insoluble_Oxalate,RandomForest,11,18,0.2173016923272681,0.0
Insoluble_Oxalate,RandomForest,11,19,0.3287229507990419,0.0
Insoluble_Oxalate,RandomForest,11,20,0.2934543918989777,0.0
Insoluble_Oxalate,RandomForest,11,21,0.3095024308939565,0.0
Insoluble_Oxalate,RandomForest,11,22,0.19893706802168434,0.0
Insoluble_Oxalate,RandomForest,11,23,0.27821172058632293,0.0
Insoluble_Oxalate,RandomForest,11,24,0.2454525853329772,0.0
Insoluble_Oxalate,RandomForest,11,25,0.2990060978593871,0.0
Insoluble_Oxalate,RandomForest,11,26,0.22280963240856358,0.0
Insoluble_Oxalate,RandomForest,11,27,0.261099603030892,0.0
Insoluble_Oxalate,RandomForest,11,28,0.2466752613717876,0.0
Insoluble_Oxalate,RandomForest,11,29,0.27810899241997344,0.0
Insoluble_Oxalate,RandomForest,12,13,0.378582259577806,0.1111111111111111
Insoluble_Oxalate,RandomForest,12,14,0.27186199345888873,0.0
Insoluble_Oxalate,RandomForest,12,15,0.32004818721169404,0.0
Insoluble_Oxalate,RandomForest,12,16,0.2818881746831867,0.0
Insoluble_Oxalate,RandomForest,12,17,0.33150382636831294,0.0
Insoluble_Oxalate,RandomForest,12,18,0.3240268915459143,0.0
Insoluble_Oxalate,RandomForest,12,19,0.24010066711504552,0.0
Insoluble_Oxalate,RandomForest,12,20,0.32497328323794794,0.0
Insoluble_Oxalate,RandomForest,12,21,0.3387499094619593,0.0
Insoluble_Oxalate,RandomForest,12,22,0.3140438525719096,0.0
Insoluble_Oxalate,RandomForest,12,23,0.27579939566731776,0.0
Insoluble_Oxalate,RandomForest,12,24,0.33177571455138566,0.0
Insoluble_Oxalate,RandomForest,12,25,0.239304083370504,0.0
Insoluble_Oxalate,RandomForest,12,26,0.37928967838371064,0.1111111111111111
Insoluble_Oxalate,RandomForest,12,27,0.24715073779763938,0.0
Insoluble_Oxalate,RandomForest,12,28,0.33150029713256585,0.0
Insoluble_Oxalate,RandomForest,12,29,0.23991186139220239,0.0
Insoluble_Oxalate,RandomForest,13,14,0.27859226280781185,0.0
Insoluble_Oxalate,RandomForest,13,15,0.3077494578204592,0.0
Insoluble_Oxalate,RandomForest,13,16,0.27437883912753486,0.0
Insoluble_Oxalate,RandomForest,13,17,0.33876165493750426,0.0
Insoluble_Oxalate,RandomForest,13,18,0.33539943705613634,0.0
Insoluble_Oxalate,RandomForest,13,19,0.2547178191448455,0.0
Insoluble_Oxalate,RandomForest,13,20,0.2660624635575647,0.0
Insoluble_Oxalate,RandomForest,13,21,0.2742208512952882,0.0
Insoluble_Oxalate,RandomForest,13,22,0.3304327089121592,0.25
Insoluble_Oxalate,RandomForest,13,23,0.3037303210849463,0.0
Insoluble_Oxalate,RandomForest,13,24,0.34673652241637987,0.25
Insoluble_Oxalate,RandomForest,13,25,0.3013991574019567,0.1111111111111111
Insoluble_Oxalate,RandomForest,13,26,0.29744743130644646,0.0
Insoluble_Oxalate,RandomForest,13,27,0.29260314415194166,0.0
Insoluble_Oxalate,RandomForest,13,28,0.30264243836072313,0.0
Insoluble_Oxalate,RandomForest,13,29,0.2087299589327837,0.0
Insoluble_Oxalate,RandomForest,14,15,0.3355207762081409,0.0
Insoluble_Oxalate,RandomForest,14,16,0.2444698581733828,0.0
Insoluble_Oxalate,RandomForest,14,17,0.3438178528431741,0.0
Insoluble_Oxalate,RandomForest,14,18,0.27138823970278353,0.0
Insoluble_Oxalate,RandomForest,14,19,0.27125572277321863,0.0
Insoluble_Oxalate,RandomForest,14,20,0.3331760996351911,0.0
Insoluble_Oxalate,RandomForest,14,21,0.28097175912266886,0.0
Insoluble_Oxalate,RandomForest,14,22,0.24975118328674759,0.0
Insoluble_Oxalate,RandomForest,14,23,0.2883676725361418,0.0
Insoluble_Oxalate,RandomForest,14,24,0.2727267568924268,0.0
Insoluble_Oxalate,RandomForest,14,25,0.23335287183868425,0.0
Insoluble_Oxalate,RandomForest,14,26,0.32549980494120967,0.0
Insoluble_Oxalate,RandomForest,14,27,0.2659772277601518,0.0
Insoluble_Oxalate,RandomForest,14,28,0.29355891264861866,0.0
Insoluble_Oxalate,RandomForest,14,29,0.21135308157931898,0.0
Insoluble_Oxalate,RandomForest,15,16,0.33612138948975695,0.0
Insoluble_Oxalate,RandomForest,15,17,0.302093888297731,0.0
Insoluble_Oxalate,RandomForest,15,18,0.3447349647425993,0.0
Insoluble_Oxalate,RandomForest,15,19,0.3522734290776026,0.0
Insoluble_Oxalate,RandomForest,15,20,0.27103606839781924,0.0
Insoluble_Oxalate,RandomForest,15,21,0.2878593423372657,0.0
Insoluble_Oxalate,RandomForest,15,22,0.31368112432166384,0.25
Insoluble_Oxalate,RandomForest,15,23,0.34055522540826005,0.1111111111111111
Insoluble_Oxalate,RandomForest,15,24,0.28071960893159514,0.0
Insoluble_Oxalate,RandomForest,15,25,0.25319940042143885,0.0
Insoluble_Oxalate,RandomForest,15,26,0.2363500990674931,0.0
Insoluble_Oxalate,RandomForest,15,27,0.24321907409297658,0.0
Insoluble_Oxalate,RandomForest,15,28,0.385357600790862,0.0
Insoluble_Oxalate,RandomForest,15,29,0.28812749993358205,0.1111111111111111
Insoluble_Oxalate,RandomForest,16,17,0.2575017205723402,0.0
Insoluble_Oxalate,RandomForest,16,18,0.190983213757867,0.0
Insoluble_Oxalate,RandomForest,16,19,0.28364966042991235,0.0
Insoluble_Oxalate,RandomForest,16,20,0.23357739499335117,0.0
Insoluble_Oxalate,RandomForest,16,21,0.3035085413377817,0.0
Insoluble_Oxalate,RandomForest,16,22,0.31341034636568416,0.0
Insoluble_Oxalate,RandomForest,16,23,0.23922003610335457,0.0
Insoluble_Oxalate,RandomForest,16,24,0.27100198973948814,0.0
Insoluble_Oxalate,RandomForest,16,25,0.22690792805616572,0.0
Insoluble_Oxalate,RandomForest,16,26,0.2675449886670143,0.0
Insoluble_Oxalate,RandomForest,16,27,0.1772530017380507,0.0
Insoluble_Oxalate,RandomForest,16,28,0.3356725109729308,0.0
Insoluble_Oxalate,RandomForest,16,29,0.2711142513168216,0.1111111111111111
Insoluble_Oxalate,RandomForest,17,18,0.26837689553098637,0.1111111111111111
Insoluble_Oxalate,RandomForest,17,19,0.23719763580356526,0.0
Insoluble_Oxalate,RandomForest,17,20,0.2902128559822923,0.1111111111111111
Insoluble_Oxalate,RandomForest,17,21,0.2869933819838387,0.0
Insoluble_Oxalate,RandomForest,17,22,0.2801318821145771,0.0
Insoluble_Oxalate,RandomForest,17,23,0.2415983690568243,0.0
Insoluble_Oxalate,RandomForest,17,24,0.2841389405860712,0.0
Insoluble_Oxalate,RandomForest,17,25,0.27323916165270024,0.0
Insoluble_Oxalate,RandomForest,17,26,0.30124085635702885,0.0
Insoluble_Oxalate,RandomForest,17,27,0.23745495680042056,0.0
Insoluble_Oxalate,RandomForest,17,28,0.30019001942198276,0.0
Insoluble_Oxalate,RandomForest,17,29,0.28178820670359034,0.0
Insoluble_Oxalate,RandomForest,18,19,0.21928041623728095,0.0
Insoluble_Oxalate,RandomForest,18,20,0.3600657774595934,0.1111111111111111
Insoluble_Oxalate,RandomForest,18,21,0.3034028823956295,0.0
Insoluble_Oxalate,RandomForest,18,22,0.25237839168084747,0.0
Insoluble_Oxalate,RandomForest,18,23,0.33511049276464727,0.0
Insoluble_Oxalate,RandomForest,18,24,0.2871707750196107,0.0
Insoluble_Oxalate,RandomForest,18,25,0.22957587926769757,0.0
Insoluble_Oxalate,RandomForest,18,26,0.230291377282852,0.0
Insoluble_Oxalate,RandomForest,18,27,0.2721883834450319,0.0
Insoluble_Oxalate,RandomForest,18,28,0.3584242437801414,0.0
Insoluble_Oxalate,RandomForest,18,29,0.2485439972929475,0.0
Insoluble_Oxalate,RandomForest,19,20,0.2675562475442867,0.0
Insoluble_Oxalate,RandomForest,19,21,0.24429740103388148,0.1111111111111111
Insoluble_Oxalate,RandomForest,19,22,0.26322666390741206,0.0
Insoluble_Oxalate,RandomForest,19,23,0.243984848336547,0.1111111111111111
Insoluble_Oxalate,RandomForest,19,24,0.23250657117408607,0.0
Insoluble_Oxalate,RandomForest,19,25,0.34521581891832553,0.25
Insoluble_Oxalate,RandomForest,19,26,0.2326494129359634,0.0
Insoluble_Oxalate,RandomForest,19,27,0.33120459639609656,0.0
Insoluble_Oxalate,RandomForest,19,28,0.32608479114726724,0.0
Insoluble_Oxalate,RandomForest,19,29,0.2455037760305606,0.1111111111111111
Insoluble_Oxalate,RandomForest,20,21,0.31538184960477866,0.0
Insoluble_Oxalate,RandomForest,20,22,0.288914723652731,0.0
Insoluble_Oxalate,RandomForest,20,23,0.30190794903022916,0.0
Insoluble_Oxalate,RandomForest,20,24,0.27008204773976496,0.0
Insoluble_Oxalate,RandomForest,20,25,0.2906663264207481,0.0
Insoluble_Oxalate,RandomForest,20,26,0.29177805525686934,0.0
Insoluble_Oxalate,RandomForest,20,27,0.2112682205185068,0.0
Insoluble_Oxalate,RandomForest,20,28,0.3778746869621027,0.1111111111111111
Insoluble_Oxalate,RandomForest,20,29,0.24825023176340136,0.0
Insoluble_Oxalate,RandomForest,21,22,0.26213862737339005,0.0
Insoluble_Oxalate,RandomForest,21,23,0.2259266914533488,0.1111111111111111
Insoluble_Oxalate,RandomForest,21,24,0.2316851177833491,0.0
Insoluble_Oxalate,RandomForest,21,25,0.264632700802188,0.1111111111111111
Insoluble_Oxalate,RandomForest,21,26,0.3617469633051768,0.1111111111111111
Insoluble_Oxalate,RandomForest,21,27,0.2345425263119626,0.0
Insoluble_Oxalate,RandomForest,21,28,0.3049981416979763,0.0
Insoluble_Oxalate,RandomForest,21,29,0.3286136144044275,0.1111111111111111
Insoluble_Oxalate,RandomForest,22,23,0.28020824168832814,0.0
Insoluble_Oxalate,RandomForest,22,24,0.3710097753118494,0.25
Insoluble_Oxalate,RandomForest,22,25,0.2981299133491524,0.0
Insoluble_Oxalate,RandomForest,22,26,0.2862222859212298,0.0
Insoluble_Oxalate,RandomForest,22,27,0.2379485827825311,0.0
Insoluble_Oxalate,RandomForest,22,28,0.4268305952858695,0.0
Insoluble_Oxalate,RandomForest,22,29,0.26147105369500073,0.1111111111111111
Insoluble_Oxalate,RandomForest,23,24,0.26418979569863904,0.0
Insoluble_Oxalate,RandomForest,23,25,0.2435508082704927,0.1111111111111111
Insoluble_Oxalate,RandomForest,23,26,0.21732872649681403,0.0
Insoluble_Oxalate,RandomForest,23,27,0.21824336066020755,0.0
Insoluble_Oxalate,RandomForest,23,28,0.38554807884569936,0.0
Insoluble_Oxalate,RandomForest,23,29,0.2630183606951643,0.1111111111111111
Insoluble_Oxalate,RandomForest,24,25,0.2423017468598331,0.1111111111111111
Insoluble_Oxalate,RandomForest,24,26,0.30586706638570743,0.0
Insoluble_Oxalate,RandomForest,24,27,0.22676011683951625,0.0
Insoluble_Oxalate,RandomForest,24,28,0.36611452118310495,0.0
Insoluble_Oxalate,RandomForest,24,29,0.17729390955144866,0.0
Insoluble_Oxalate,RandomForest,25,26,0.24688152870160757,0.0
Insoluble_Oxalate,RandomForest,25,27,0.2623355067123994,0.0
Insoluble_Oxalate,RandomForest,25,28,0.290695421641598,0.0
Insoluble_Oxalate,RandomForest,25,29,0.2977671319646126,0.1111111111111111
Insoluble_Oxalate,RandomForest,26,27,0.2397753565940358,0.0
Insoluble_Oxalate,RandomForest,26,28,0.3163455043493216,0.0
Insoluble_Oxalate,RandomForest,26,29,0.19040225736853805,0.0
Insoluble_Oxalate,RandomForest,27,28,0.2841028008764362,0.0
Insoluble_Oxalate,RandomForest,27,29,0.18440902779622717,0.0
Insoluble_Oxalate,RandomForest,28,29,0.29990515528497463,0.0
Seed_Length,RandomForest,0,1,0.287830272285292,0.0
Seed_Length,RandomForest,0,2,0.3906308634742277,0.0
Seed_Length,RandomForest,0,3,0.4027014677649618,0.42857142857142855
Seed_Length,RandomForest,0,4,0.34453110523526603,0.0
Seed_Length,RandomForest,0,5,0.2721140010263308,0.0
Seed_Length,RandomForest,0,6,0.3559092717944989,0.0
Seed_Length,RandomForest,0,7,0.2656306551318639,0.0
Seed_Length,RandomForest,0,8,0.30769668428021907,0.1111111111111111
Seed_Length,RandomForest,0,9,0.32693559983724124,0.1111111111111111
Seed_Length,RandomForest,0,10,0.2772769037807846,0.0
Seed_Length,RandomForest,0,11,0.43816226094811156,0.0
Seed_Length,RandomForest,0,12,0.3030720459080301,0.0
Seed_Length,RandomForest,0,13,0.3799553336344276,0.0
Seed_Length,RandomForest,0,14,0.3939076861553003,0.0
Seed_Length,RandomForest,0,15,0.3075990653957316,0.0
Seed_Length,RandomForest,0,16,0.26528541645401293,0.25
Seed_Length,RandomForest,0,17,0.3692110480180209,0.1111111111111111
Seed_Length,RandomForest,0,18,0.3140981138723854,0.0
Seed_Length,RandomForest,0,19,0.35104838436789065,0.0
Seed_Length,RandomForest,0,20,0.2897771240084511,0.0
Seed_Length,RandomForest,0,21,0.318201843200698,0.42857142857142855
Seed_Length,RandomForest,0,22,0.29777375417558644,0.0
Seed_Length,RandomForest,0,23,0.28779561474280907,0.0
Seed_Length,RandomForest,0,24,0.3462084010912106,0.0
Seed_Length,RandomForest,0,25,0.32804723638748323,0.0
Seed_Length,RandomForest,0,26,0.3278625136156628,0.0
Seed_Length,RandomForest,0,27,0.3050604150906988,0.0
Seed_Length,RandomForest,0,28,0.41541578843601995,0.0
Seed_Length,RandomForest,0,29,0.3763740878030228,0.0
Seed_Length,RandomForest,1,2,0.31275086028617005,0.0
Seed_Length,RandomForest,1,3,0.23132823989854145,0.0
Seed_Length,RandomForest,1,4,0.3100718012106229,0.0
Seed_Length,RandomForest,1,5,0.2590682957454811,0.1111111111111111
Seed_Length,RandomForest,1,6,0.3241015759911294,0.0
Seed_Length,RandomForest,1,7,0.3561509153780435,0.0
Seed_Length,RandomForest,1,8,0.3391988187407452,0.0
Seed_Length,RandomForest,1,9,0.34146523129498063,0.0
Seed_Length,RandomForest,1,10,0.30635434701448183,0.0
Seed_Length,RandomForest,1,11,0.3215498210912386,0.0
Seed_Length,RandomForest,1,12,0.33071331391601144,0.0
Seed_Length,RandomForest,1,13,0.38567529632856007,0.0
Seed_Length,RandomForest,1,14,0.3165494505494505,0.0
Seed_Length,RandomForest,1,15,0.25991719160086635,0.0
Seed_Length,RandomForest,1,16,0.3302594435720788,0.0
Seed_Length,RandomForest,1,17,0.35487044880301016,0.1111111111111111
Seed_Length,RandomForest,1,18,0.2758381389573653,0.0
Seed_Length,RandomForest,1,19,0.26980279905868404,0.0
Seed_Length,RandomForest,1,20,0.24914928639244707,0.0
Seed_Length,RandomForest,1,21,0.2957658119968846,0.0
Seed_Length,RandomForest,1,22,0.37779737936068253,0.25
Seed_Length,RandomForest,1,23,0.32798993804261645,0.0
Seed_Length,RandomForest,1,24,0.24056124356620603,0.0
Seed_Length,RandomForest,1,25,0.2900013786951056,0.0
Seed_Length,RandomForest,1,26,0.33264037451287737,0.0
Seed_Length,RandomForest,1,27,0.3288046909192093,0.0
Seed_Length,RandomForest,1,28,0.24374420311842376,0.0
Seed_Length,RandomForest,1,29,0.255679569444425,0.1111111111111111
Seed_Length,RandomForest,2,3,0.374852304839835,0.0
Seed_Length,RandomForest,2,4,0.267784241207323,0.0
Seed_Length,RandomForest,2,5,0.33794548701076244,0.0
Seed_Length,RandomForest,2,6,0.3404646985537684,0.1111111111111111
Seed_Length,RandomForest,2,7,0.2753008226027694,0.1111111111111111
Seed_Length,RandomForest,2,8,0.311495227002289,0.0
Seed_Length,RandomForest,2,9,0.3144124927115129,0.0
Seed_Length,RandomForest,2,10,0.27586081331825063,0.0
Seed_Length,RandomForest,2,11,0.3942581571628524,0.0
Seed_Length,RandomForest,2,12,0.29831413553999125,0.0
Seed_Length,RandomForest,2,13,0.3448497264282987,0.0
Seed_Length,RandomForest,2,14,0.28052328330786147,0.0
Seed_Length,RandomForest,2,15,0.22225124411153166,0.0
Seed_Length,RandomForest,2,16,0.29453809658975705,0.0
Seed_Length,RandomForest,2,17,0.3572185175811591,0.0
Seed_Length,RandomForest,2,18,0.29702156273552127,0.0
Seed_Length,RandomForest,2,19,0.32490144567228163,0.1111111111111111
Seed_Length,RandomForest,2,20,0.31910616092140454,0.0
Seed_Length,RandomForest,2,21,0.30449849196483625,0.0
Seed_Length,RandomForest,2,22,0.29482264192100044,0.0
Seed_Length,RandomForest,2,23,0.2975335340318162,0.1111111111111111
Seed_Length,RandomForest,2,24,0.2500567278503403,0.0
Seed_Length,RandomForest,2,25,0.349849943160288,0.0
Seed_Length,RandomForest,2,26,0.32298143515728445,0.0
Seed_Length,RandomForest,2,27,0.3036867202017984,0.0
Seed_Length,RandomForest,2,28,0.32596939464658,0.1111111111111111
Seed_Length,RandomForest,2,29,0.33232155756191895,0.0
Seed_Length,RandomForest,3,4,0.33018452981043633,0.0
Seed_Length,RandomForest,3,5,0.2895281982300687,0.0
Seed_Length,RandomForest,3,6,0.29255002384051876,0.0
Seed_Length,RandomForest,3,7,0.26930995610827646,0.0
Seed_Length,RandomForest,3,8,0.30786157957070287,0.0
Seed_Length,RandomForest,3,9,0.31323237724230213,0.0
Seed_Length,RandomForest,3,10,0.2341632313481149,0.0
Seed_Length,RandomForest,3,11,0.34689566522038845,0.0
Seed_Length,RandomForest,3,12,0.31299387976827847,0.0
Seed_Length,RandomForest,3,13,0.26201727983176004,0.0
Seed_Length,RandomForest,3,14,0.37685453368364674,0.0
Seed_Length,RandomForest,3,15,0.2770995135415545,0.0
Seed_Length,RandomForest,3,16,0.2590577723587012,0.25
Seed_Length,RandomForest,3,17,0.37122704983017996,0.1111111111111111
Seed_Length,RandomForest,3,18,0.31533675816485335,0.0
Seed_Length,RandomForest,3,19,0.32093096596748455,0.0
Seed_Length,RandomForest,3,20,0.2920919447011825,0.0
Seed_Length,RandomForest,3,21,0.31012002477736034,0.42857142857142855
Seed_Length,RandomForest,3,22,0.26449282057807316,0.0
Seed_Length,RandomForest,3,23,0.27953725063586365,0.0
Seed_Length,RandomForest,3,24,0.3027631482908235,0.0
Seed_Length,RandomForest,3,25,0.2799903239653844,0.0
Seed_Length,RandomForest,3,26,0.29044215563034753,0.0
Seed_Length,RandomForest,3,27,0.285861646687706,0.0
Seed_Length,RandomForest,3,28,0.35008470445447154,0.0
Seed_Length,RandomForest,3,29,0.3198903364099954,0.0
Seed_Length,RandomForest,4,5,0.32798552230311995,0.1111111111111111
Seed_Length,RandomForest,4,6,0.31690654936106005,0.1111111111111111
Seed_Length,RandomForest,4,7,0.2736506112541231,0.0
Seed_Length,RandomForest,4,8,0.3797784355865536,0.1111111111111111
Seed_Length,RandomForest,4,9,0.3856177994292258,0.1111111111111111
Seed_Length,RandomForest,4,10,0.2857707758585733,0.1111111111111111
Seed_Length,RandomForest,4,11,0.3467831072096246,0.1111111111111111
Seed_Length,RandomForest,4,12,0.29600743320809486,0.1111111111111111
Seed_Length,RandomForest,4,13,0.35041774182046476,0.0
Seed_Length,RandomForest,4,14,0.4633011386119924,0.25
Seed_Length,RandomForest,4,15,0.21473191651204118,0.0
Seed_Length,RandomForest,4,16,0.2578279875106443,0.1111111111111111
Seed_Length,RandomForest,4,17,0.31763563017971974,0.0
Seed_Length,RandomForest,4,18,0.32327940668569244,0.0
Seed_Length,RandomForest,4,19,0.35148076888120144,0.25
Seed_Length,RandomForest,4,20,0.3088231173331058,0.25
Seed_Length,RandomForest,4,21,0.2542503296423642,0.0
Seed_Length,RandomForest,4,22,0.2702442695362914,0.0
Seed_Length,RandomForest,4,23,0.3281348408557977,0.25
Seed_Length,RandomForest,4,24,0.3376302272609691,0.25
Seed_Length,RandomForest,4,25,0.26512082598658493,0.1111111111111111
Seed_Length,RandomForest,4,26,0.39005716131431867,0.1111111111111111
Seed_Length,RandomForest,4,27,0.27974021804636384,0.1111111111111111
Seed_Length,RandomForest,4,28,0.40356201401347086,0.1111111111111111
Seed_Length,RandomForest,4,29,0.316760435645281,0.1111111111111111
Seed_Length,RandomForest,5,6,0.3407548817132733,0.1111111111111111
Seed_Length,RandomForest,5,7,0.23508433670922538,0.0
Seed_Length,RandomForest,5,8,0.2739395695283212,0.0
Seed_Length,RandomForest,5,9,0.2678845196030588,0.0
Seed_Length,RandomForest,5,10,0.29338559976732764,0.1111111111111111
Seed_Length,RandomForest,5,11,0.26517186287436956,0.0
Seed_Length,RandomForest,5,12,0.28349769075561154,0.0
Seed_Length,RandomForest,5,13,0.288592287976688,0.0
Seed_Length,RandomForest,5,14,0.3030318791782082,0.0
Seed_Length,RandomForest,5,15,0.22608889926716622,0.0
Seed_Length,RandomForest,5,16,0.3293880523344831,0.1111111111111111
Seed_Length,RandomForest,5,17,0.2752588521034888,0.0
Seed_Length,RandomForest,5,18,0.2223391953510289,0.0
Seed_Length,RandomForest,5,19,0.2607078326940905,0.1111111111111111
Seed_Length,RandomForest,5,20,0.3539763104944425,0.1111111111111111
Seed_Length,RandomForest,5,21,0.28557985315359025,0.0
Seed_Length,RandomForest,5,22,0.3336989578686995,0.1111111111111111
Seed_Length,RandomForest,5,23,0.32748732677171405,0.1111111111111111
Seed_Length,RandomForest,5,24,0.2259917725740349,0.0
Seed_Length,RandomForest,5,25,0.2923252685728827,0.1111111111111111
Seed_Length,RandomForest,5,26,0.2875196044571283,0.0
Seed_Length,RandomForest,5,27,0.24896882275378265,0.0
Seed_Length,RandomForest,5,28,0.319184919928017,0.1111111111111111
Seed_Length,RandomForest,5,29,0.2878398420513193,0.0
Seed_Length,RandomForest,6,7,0.32638369392409344,0.1111111111111111
Seed_Length,RandomForest,6,8,0.27646840117510685,0.0
Seed_Length,RandomForest,6,9,0.32051783284790025,0.0
Seed_Length,RandomForest,6,10,0.2881274272234954,0.1111111111111111
Seed_Length,RandomForest,6,11,0.25823259117774955,0.0
Seed_Length,RandomForest,6,12,0.2695026350415076,0.1111111111111111
Seed_Length,RandomForest,6,13,0.2730856231184517,0.0
Seed_Length,RandomForest,6,14,0.29689434525266056,0.0
Seed_Length,RandomForest,6,15,0.2338918773045252,0.0
Seed_Length,RandomForest,6,16,0.2810867193628359,0.1111111111111111
Seed_Length,RandomForest,6,17,0.3078506646680714,0.0
Seed_Length,RandomForest,6,18,0.24063788838722033,0.0
Seed_Length,RandomForest,6,19,0.25139598612355957,0.1111111111111111
Seed_Length,RandomForest,6,20,0.3149428121185342,0.1111111111111111
Seed_Length,RandomForest,6,21,0.2623872147702151,0.0
Seed_Length,RandomForest,6,22,0.27006228457888976,0.0
Seed_Length,RandomForest,6,23,0.3406027302637558,0.1111111111111111
Seed_Length,RandomForest,6,24,0.21394479067185518,0.0
Seed_Length,RandomForest,6,25,0.24313703474283702,0.1111111111111111
Seed_Length,RandomForest,6,26,0.3374342679842107,0.0
Seed_Length,RandomForest,6,27,0.24012889540793853,0.0
Seed_Length,RandomForest,6,28,0.34553979269235663,0.25
Seed_Length,RandomForest,6,29,0.27871903284398514,0.0
Seed_Length,RandomForest,7,8,0.2911766281815906,0.0
Seed_Length,RandomForest,7,9,0.3375754569898863,0.0
Seed_Length,RandomForest,7,10,0.3168727895084938,0.0
Seed_Length,RandomForest,7,11,0.2651796736156069,0.0
Seed_Length,RandomForest,7,12,0.3072518188008708,0.0
Seed_Length,RandomForest,7,13,0.249594540591105,0.0
Seed_Length,RandomForest,7,14,0.2923193063457728,0.0
Seed_Length,RandomForest,7,15,0.23303060954823265,0.0
Seed_Length,RandomForest,7,16,0.2116945337395776,0.0
Seed_Length,RandomForest,7,17,0.24131264638148464,0.0
Seed_Length,RandomForest,7,18,0.29498333680570604,0.0
Seed_Length,RandomForest,7,19,0.23795207845977662,0.0
Seed_Length,RandomForest,7,20,0.18326959641707063,0.1111111111111111
Seed_Length,RandomForest,7,21,0.25181428445584186,0.0
Seed_Length,RandomForest,7,22,0.314511641304363,0.1111111111111111
Seed_Length,RandomForest,7,23,0.34526433612195156,0.0
Seed_Length,RandomForest,7,24,0.2841055275046877,0.0
Seed_Length,RandomForest,7,25,0.24635914308366272,0.1111111111111111
Seed_Length,RandomForest,7,26,0.3408360904904994,0.0
Seed_Length,RandomForest,7,27,0.3068075433918416,0.0
Seed_Length,RandomForest,7,28,0.23681564217688403,0.1111111111111111
Seed_Length,RandomForest,7,29,0.19748260061607814,0.0
Seed_Length,RandomForest,8,9,0.33072690790568376,0.25
Seed_Length,RandomForest,8,10,0.31632785817058623,0.0
Seed_Length,RandomForest,8,11,0.3959625654915132,0.1111111111111111
Seed_Length,RandomForest,8,12,0.3722687560562608,0.0
Seed_Length,RandomForest,8,13,0.3950865180118265,0.1111111111111111
Seed_Length,RandomForest,8,14,0.37203924946411265,0.0
Seed_Length,RandomForest,8,15,0.22915689578267512,0.0
Seed_Length,RandomForest,8,16,0.3467173493258236,0.0
Seed_Length,RandomForest,8,17,0.37120373785776506,0.0
Seed_Length,RandomForest,8,18,0.34990126249879394,0.0
Seed_Length,RandomForest,8,19,0.38106544886593235,0.0
Seed_Length,RandomForest,8,20,0.31160580785800274,0.0
Seed_Length,RandomForest,8,21,0.2986749761245244,0.0
Seed_Length,RandomForest,8,22,0.329099768026858,0.0
Seed_Length,RandomForest,8,23,0.3846925132381297,0.1111111111111111
Seed_Length,RandomForest,8,24,0.356785106737009,0.0
Seed_Length,RandomForest,8,25,0.3023912977212379,0.0
Seed_Length,RandomForest,8,26,0.39756775811032075,0.1111111111111111
Seed_Length,RandomForest,8,27,0.3197786033790615,0.0
Seed_Length,RandomForest,8,28,0.32754830816212666,0.0
Seed_Length,RandomForest,8,29,0.343330141546963,0.1111111111111111
Seed_Length,RandomForest,9,10,0.3845792057541643,0.0
Seed_Length,RandomForest,9,11,0.32465767392043,0.1111111111111111
Seed_Length,RandomForest,9,12,0.3846032252516538,0.0
Seed_Length,RandomForest,9,13,0.299748635637171,0.0
Seed_Length,RandomForest,9,14,0.3631143519923263,0.0
Seed_Length,RandomForest,9,15,0.3473569268242891,0.0
Seed_Length,RandomForest,9,16,0.27064108763103545,0.0
Seed_Length,RandomForest,9,17,0.3544924318587634,0.0
Seed_Length,RandomForest,9,18,0.2773494292957329,0.0
Seed_Length,RandomForest,9,19,0.3007810377686952,0.0
Seed_Length,RandomForest,9,20,0.24860562188797333,0.0
Seed_Length,RandomForest,9,21,0.27250216941729855,0.0
Seed_Length,RandomForest,9,22,0.2585986668885256,0.0
Seed_Length,RandomForest,9,23,0.3786700150593775,0.1111111111111111
Seed_Length,RandomForest,9,24,0.281822908990742,0.0
Seed_Length,RandomForest,9,25,0.28457966159047715,0.0
Seed_Length,RandomForest,9,26,0.3490452466479951,0.0
Seed_Length,RandomForest,9,27,0.3270154271228199,0.1111111111111111
Seed_Length,RandomForest,9,28,0.3512687882164915,0.0
Seed_Length,RandomForest,9,29,0.28818597562254517,0.1111111111111111
Seed_Length,RandomForest,10,11,0.2728564660940281,0.0
Seed_Length,RandomForest,10,12,0.37424180857951056,0.0
Seed_Length,RandomForest,10,13,0.274191842767234,0.0
Seed_Length,RandomForest,10,14,0.3483199271780516,0.0
Seed_Length,RandomForest,10,15,0.3054683941837523,0.1111111111111111
Seed_Length,RandomForest,10,16,0.2967663950758492,0.1111111111111111
Seed_Length,RandomForest,10,17,0.24340594740543844,0.0
Seed_Length,RandomForest,10,18,0.2781278606874738,0.0
Seed_Length,RandomForest,10,19,0.24886882121568468,0.1111111111111111
Seed_Length,RandomForest,10,20,0.23790309143712884,0.1111111111111111
Seed_Length,RandomForest,10,21,0.2625313597205695,0.0
Seed_Length,RandomForest,10,22,0.27788399105665934,0.0
Seed_Length,RandomForest,10,23,0.3699046015696989,0.1111111111111111
Seed_Length,RandomForest,10,24,0.2799238138118402,0.0
Seed_Length,RandomForest,10,25,0.3290517094560866,0.1111111111111111
Seed_Length,RandomForest,10,26,0.2654028320578772,0.0
Seed_Length,RandomForest,10,27,0.31814014030250193,0.0
Seed_Length,RandomForest,10,28,0.29093033954212216,0.1111111111111111
Seed_Length,RandomForest,10,29,0.23760459415886312,0.0
Seed_Length,RandomForest,11,12,0.30083506975274366,0.0
Seed_Length,RandomForest,11,13,0.3354446795093188,0.0
Seed_Length,RandomForest,11,14,0.3544890536362733,0.0
Seed_Length,RandomForest,11,15,0.2533326108933692,0.0
Seed_Length,RandomForest,11,16,0.32351193354298075,0.0
Seed_Length,RandomForest,11,17,0.34670330229638024,0.0
Seed_Length,RandomForest,11,18,0.23725734197091872,0.0
Seed_Length,RandomForest,11,19,0.3656911639067129,0.0
Seed_Length,RandomForest,11,20,0.2816027372551103,0.0
Seed_Length,RandomForest,11,21,0.30098885438267037,0.1111111111111111
Seed_Length,RandomForest,11,22,0.3233088654569759,0.0
Seed_Length,RandomForest,11,23,0.3289523595122271,0.1111111111111111
Seed_Length,RandomForest,11,24,0.3430167610732568,0.0
Seed_Length,RandomForest,11,25,0.35462947918603854,0.0
Seed_Length,RandomForest,11,26,0.33619387585312,0.0
Seed_Length,RandomForest,11,27,0.30570266049003797,0.1111111111111111
Seed_Length,RandomForest,11,28,0.33875952397265535,0.0
Seed_Length,RandomForest,11,29,0.3316443833555425,0.1111111111111111
Seed_Length,RandomForest,12,13,0.3344726351393866,0.25
Seed_Length,RandomForest,12,14,0.3576506476091664,0.0
Seed_Length,RandomForest,12,15,0.33049219974579436,0.0
Seed_Length,RandomForest,12,16,0.2858967041356658,0.0
Seed_Length,RandomForest,12,17,0.34924054594088944,0.0
Seed_Length,RandomForest,12,18,0.315599238781323,0.0
Seed_Length,RandomForest,12,19,0.293167777126805,0.1111111111111111
Seed_Length,RandomForest,12,20,0.28210818421939426,0.1111111111111111
Seed_Length,RandomForest,12,21,0.335473330080023,0.0
Seed_Length,RandomForest,12,22,0.31785450711649976,0.0
Seed_Length,RandomForest,12,23,0.33944027775253116,0.0
Seed_Length,RandomForest,12,24,0.31910949439922587,0.0
Seed_Length,RandomForest,12,25,0.2686887490928717,0.0
Seed_Length,RandomForest,12,26,0.33903486029176316,0.0
Seed_Length,RandomForest,12,27,0.34861464353180854,0.1111111111111111
Seed_Length,RandomForest,12,28,0.326675943727986,0.0
Seed_Length,RandomForest,12,29,0.2696481419077169,0.0
Seed_Length,RandomForest,13,14,0.3909772179722555,0.0
Seed_Length,RandomForest,13,15,0.2995858964804123,0.1111111111111111
Seed_Length,RandomForest,13,16,0.35369532795744774,0.0
Seed_Length,RandomForest,13,17,0.3774406720649245,0.0
Seed_Length,RandomForest,13,18,0.2791437855947335,0.0
Seed_Length,RandomForest,13,19,0.29517958971935304,0.0
Seed_Length,RandomForest,13,20,0.25463056424425556,0.0
Seed_Length,RandomForest,13,21,0.3161136710343988,0.0
Seed_Length,RandomForest,13,22,0.2872634971594127,0.0
Seed_Length,RandomForest,13,23,0.292307916031036,0.0
Seed_Length,RandomForest,13,24,0.3185854280596614,0.0
Seed_Length,RandomForest,13,25,0.3536355770454256,0.0
Seed_Length,RandomForest,13,26,0.40982277196019395,0.0
Seed_Length,RandomForest,13,27,0.3432076837782398,0.0
Seed_Length,RandomForest,13,28,0.3315712118394393,0.0
Seed_Length,RandomForest,13,29,0.3535721654601919,0.0
Seed_Length,RandomForest,14,15,0.314300471636774,0.0
Seed_Length,RandomForest,14,16,0.32282324597402845,0.0
Seed_Length,RandomForest,14,17,0.36083457756138754,0.0
Seed_Length,RandomForest,14,18,0.31417336042250144,0.0
Seed_Length,RandomForest,14,19,0.34752040426808206,0.0
Seed_Length,RandomForest,14,20,0.2952595064942692,0.0
Seed_Length,RandomForest,14,21,0.3097666062147548,0.0
Seed_Length,RandomForest,14,22,0.3167078746422174,0.0
Seed_Length,RandomForest,14,23,0.3224384586020926,0.0
Seed_Length,RandomForest,14,24,0.324307105033915,0.25
Seed_Length,RandomForest,14,25,0.331265387621667,0.0
Seed_Length,RandomForest,14,26,0.3489238152101112,0.1111111111111111
Seed_Length,RandomForest,14,27,0.33246511244195426,0.0
Seed_Length,RandomForest,14,28,0.3956762163908111,0.0
Seed_Length,RandomForest,14,29,0.3587250705777235,0.0
Seed_Length,RandomForest,15,16,0.2647370369800704,0.0
Seed_Length,RandomForest,15,17,0.30800066557694755,0.0
Seed_Length,RandomForest,15,18,0.22329201349611066,0.0
Seed_Length,RandomForest,15,19,0.18245612994970417,0.0
Seed_Length,RandomForest,15,20,0.1711669185884735,0.0
Seed_Length,RandomForest,15,21,0.272881123203047,0.0
Seed_Length,RandomForest,15,22,0.23435348847615034,0.0
Seed_Length,RandomForest,15,23,0.2920976132914038,0.0
Seed_Length,RandomForest,15,24,0.2391946658761775,0.0
Seed_Length,RandomForest,15,25,0.2828629177159524,0.0
Seed_Length,RandomForest,15,26,0.2930409567528794,0.1111111111111111
Seed_Length,RandomForest,15,27,0.34282297470947426,0.0
Seed_Length,RandomForest,15,28,0.24656947938179646,0.0
Seed_Length,RandomForest,15,29,0.24419712823122927,0.0
Seed_Length,RandomForest,16,17,0.30024064521812327,0.1111111111111111
Seed_Length,RandomForest,16,18,0.28996731122294167,0.0
Seed_Length,RandomForest,16,19,0.27904531096845636,0.1111111111111111
Seed_Length,RandomForest,16,20,0.2582354604296327,0.1111111111111111
Seed_Length,RandomForest,16,21,0.2849064654648062,0.25
Seed_Length,RandomForest,16,22,0.2923843147563722,0.0
Seed_Length,RandomForest,16,23,0.31704244730965686,0.1111111111111111
Seed_Length,RandomForest,16,24,0.2730391166283773,0.0
Seed_Length,RandomForest,16,25,0.32731995654174045,0.1111111111111111
Seed_Length,RandomForest,16,26,0.26593970935541106,0.0
Seed_Length,RandomForest,16,27,0.24761770993988833,0.0
Seed_Length,RandomForest,16,28,0.24516713951527538,0.1111111111111111
Seed_Length,RandomForest,16,29,0.3259034521910205,0.0
Seed_Length,RandomForest,17,18,0.2658117675682251,0.0
Seed_Length,RandomForest,17,19,0.2945273914277604,0.0
Seed_Length,RandomForest,17,20,0.2763145298523845,0.0
Seed_Length,RandomForest,17,21,0.34384552462424967,0.1111111111111111
Seed_Length,RandomForest,17,22,0.2864715109295845,0.0
Seed_Length,RandomForest,17,23,0.30497946079877614,0.0
Seed_Length,RandomForest,17,24,0.29218009729168903,0.0
Seed_Length,RandomForest,17,25,0.2793988246134829,0.0
Seed_Length,RandomForest,17,26,0.33978370986438167,0.0
Seed_Length,RandomForest,17,27,0.34961510635947585,0.0
Seed_Length,RandomForest,17,28,0.3133275323734669,0.0
Seed_Length,RandomForest,17,29,0.358976647477729,0.25
Seed_Length,RandomForest,18,19,0.3139262412101195,0.0
Seed_Length,RandomForest,18,20,0.20625311779453526,0.0
Seed_Length,RandomForest,18,21,0.27377363951737277,0.0
Seed_Length,RandomForest,18,22,0.23103464216150307,0.0
Seed_Length,RandomForest,18,23,0.3116439554846477,0.0
Seed_Length,RandomForest,18,24,0.2805750472965131,0.0
Seed_Length,RandomForest,18,25,0.2867764066954803,0.0
Seed_Length,RandomForest,18,26,0.30933801381211995,0.0
Seed_Length,RandomForest,18,27,0.34680689179760305,0.0
Seed_Length,RandomForest,18,28,0.31436691746985673,0.0
Seed_Length,RandomForest,18,29,0.25886446140702407,0.0
Seed_Length,RandomForest,19,20,0.31928549755372504,0.25
Seed_Length,RandomForest,19,21,0.2757458083334149,0.0
Seed_Length,RandomForest,19,22,0.2513338945060538,0.0
Seed_Length,RandomForest,19,23,0.2952405906855582,0.1111111111111111
Seed_Length,RandomForest,19,24,0.309784666281676,0.0
Seed_Length,RandomForest,19,25,0.3265217312271644,0.25
Seed_Length,RandomForest,19,26,0.34434780310667823,0.0
Seed_Length,RandomForest,19,27,0.3090010277291102,0.1111111111111111
Seed_Length,RandomForest,19,28,0.41080242851689597,0.25
Seed_Length,RandomForest,19,29,0.35134142000002794,0.1111111111111111
Seed_Length,RandomForest,20,21,0.21498587047257361,0.0
Seed_Length,RandomForest,20,22,0.26597185280681906,0.1111111111111111
Seed_Length,RandomForest,20,23,0.27242340202106075,0.1111111111111111
Seed_Length,RandomForest,20,24,0.1783255370408952,0.0
Seed_Length,RandomForest,20,25,0.2410177678283035,0.25
Seed_Length,RandomForest,20,26,0.27382802386568766,0.0
Seed_Length,RandomForest,20,27,0.2572350647189685,0.1111111111111111
Seed_Length,RandomForest,20,28,0.3171493814748681,0.1111111111111111
Seed_Length,RandomForest,20,29,0.36984519742885946,0.0
Seed_Length,RandomForest,21,22,0.30460722710296445,0.0
Seed_Length,RandomForest,21,23,0.2663753658226237,0.0
Seed_Length,RandomForest,21,24,0.26569139881622383,0.0
Seed_Length,RandomForest,21,25,0.23255098585089676,0.0
Seed_Length,RandomForest,21,26,0.24561801755948592,0.1111111111111111
Seed_Length,RandomForest,21,27,0.30133146710777453,0.1111111111111111
Seed_Length,RandomForest,21,28,0.2648720652041685,0.0
Seed_Length,RandomForest,21,29,0.25111139604764743,0.0
Seed_Length,RandomForest,22,23,0.3545209342127525,0.0
Seed_Length,RandomForest,22,24,0.19284801214817754,0.0
Seed_Length,RandomForest,22,25,0.2790794595403324,0.1111111111111111
Seed_Length,RandomForest,22,26,0.3211172911577543,0.0
Seed_Length,RandomForest,22,27,0.30095907960216395,0.0
Seed_Length,RandomForest,22,28,0.23788166153734291,0.0
Seed_Length,RandomForest,22,29,0.2811331139912384,0.0
Seed_Length,RandomForest,23,24,0.26353102553382485,0.0
Seed_Length,RandomForest,23,25,0.3267885352972514,0.1111111111111111
Seed_Length,RandomForest,23,26,0.40297695509732656,0.0
Seed_Length,RandomForest,23,27,0.30155519604457126,0.1111111111111111
Seed_Length,RandomForest,23,28,0.27346164612839763,0.1111111111111111
Seed_Length,RandomForest,23,29,0.28034960407959514,0.1111111111111111
Seed_Length,RandomForest,24,25,0.31224856782103244,0.0
Seed_Length,RandomForest,24,26,0.36653111082834966,0.1111111111111111
Seed_Length,RandomForest,24,27,0.3637131698941089,0.0
Seed_Length,RandomForest,24,28,0.2988469466657531,0.0
Seed_Length,RandomForest,24,29,0.24497443541316807,0.1111111111111111
Seed_Length,RandomForest,25,26,0.28026975162514034,0.0
Seed_Length,RandomForest,25,27,0.3212863700747655,0.0
Seed_Length,RandomForest,25,28,0.2943575993925911,0.25
Seed_Length,RandomForest,25,29,0.3118064821042299,0.1111111111111111
Seed_Length,RandomForest,26,27,0.3410031782697516,0.0
Seed_Length,RandomForest,26,28,0.3020743264878651,0.0
Seed_Length,RandomForest,26,29,0.29346642262178585,0.0
Seed_Length,RandomForest,27,28,0.2684053307679723,0.0
Seed_Length,RandomForest,27,29,0.2886138185519786,0.0
Seed_Length,RandomForest,28,29,0.4057104404693156,0.1111111111111111
Seed_Thickness,LightGBM,0,1,0.67387441849409,0.1111111111111111
Seed_Thickness,LightGBM,0,2,0.668803977801051,0.0
Seed_Thickness,LightGBM,0,3,0.6949386284920067,0.0
Seed_Thickness,LightGBM,0,4,0.6370727869916061,0.1111111111111111
Seed_Thickness,LightGBM,0,5,0.6537289899310513,0.1111111111111111
Seed_Thickness,LightGBM,0,6,0.6708758181632593,0.0
Seed_Thickness,LightGBM,0,7,0.6917450672498388,0.0
Seed_Thickness,LightGBM,0,8,0.6783003401993095,0.0
Seed_Thickness,LightGBM,0,9,0.6991085323888477,0.1111111111111111
Seed_Thickness,LightGBM,0,10,0.6738520629389696,0.0
Seed_Thickness,LightGBM,0,11,0.7115574192952994,0.0
Seed_Thickness,LightGBM,0,12,0.6865733358129337,0.1111111111111111
Seed_Thickness,LightGBM,0,13,0.6751564119809444,0.0
Seed_Thickness,LightGBM,0,14,0.6584315427542301,0.0
Seed_Thickness,LightGBM,0,15,0.6779570367283816,0.0
Seed_Thickness,LightGBM,0,16,0.676344631828281,0.1111111111111111
Seed_Thickness,LightGBM,0,17,0.6711473120339387,0.1111111111111111
Seed_Thickness,LightGBM,0,18,0.6788570198093037,0.0
Seed_Thickness,LightGBM,0,19,0.685135714775109,0.25
Seed_Thickness,LightGBM,0,20,0.6689238124135694,0.25
Seed_Thickness,LightGBM,0,21,0.675468933916319,0.0
Seed_Thickness,LightGBM,0,22,0.6881944155856866,0.1111111111111111
Seed_Thickness,LightGBM,0,23,0.7053443647585395,0.0
Seed_Thickness,LightGBM,0,24,0.6873771066698919,0.1111111111111111
Seed_Thickness,LightGBM,0,25,0.7082185637240987,0.0
Seed_Thickness,LightGBM,0,26,0.6605240076121867,0.1111111111111111
Seed_Thickness,LightGBM,0,27,0.6868183716016772,0.1111111111111111
Seed_Thickness,LightGBM,0,28,0.6976640738063311,0.1111111111111111
Seed_Thickness,LightGBM,0,29,0.6706022772239848,0.0
Seed_Thickness,LightGBM,1,2,0.6835794085034447,0.0
Seed_Thickness,LightGBM,1,3,0.7455584372365133,0.25
Seed_Thickness,LightGBM,1,4,0.6868834415361963,0.1111111111111111
Seed_Thickness,LightGBM,1,5,0.7096766302789969,0.25
Seed_Thickness,LightGBM,1,6,0.6773715359586335,0.0
Seed_Thickness,LightGBM,1,7,0.7316893517476288,0.0
Seed_Thickness,LightGBM,1,8,0.7051785633885137,0.1111111111111111
Seed_Thickness,LightGBM,1,9,0.7429091920930576,0.25
Seed_Thickness,LightGBM,1,10,0.702801231597007,0.1111111111111111
Seed_Thickness,LightGBM,1,11,0.7586090196862559,0.0
Seed_Thickness,LightGBM,1,12,0.7117279747863791,0.25
Seed_Thickness,LightGBM,1,13,0.7122415457045816,0.0
Seed_Thickness,LightGBM,1,14,0.7255123334484576,0.0
Seed_Thickness,LightGBM,1,15,0.701310042801072,0.0
Seed_Thickness,LightGBM,1,16,0.6909604023664335,0.0
Seed_Thickness,LightGBM,1,17,0.7357846103508401,0.0
Seed_Thickness,LightGBM,1,18,0.7321388650794427,0.0
Seed_Thickness,LightGBM,1,19,0.710433603805534,0.1111111111111111
Seed_Thickness,LightGBM,1,20,0.6996637158489811,0.1111111111111111
Seed_Thickness,LightGBM,1,21,0.7240044157394965,0.0
Seed_Thickness,LightGBM,1,22,0.714588934923074,0.25
Seed_Thickness,LightGBM,1,23,0.7316638305071947,0.25
Seed_Thickness,LightGBM,1,24,0.7296266896355966,0.25
Seed_Thickness,LightGBM,1,25,0.7342567644850377,0.0
Seed_Thickness,LightGBM,1,26,0.7472370950083127,0.1111111111111111
Seed_Thickness,LightGBM,1,27,0.6919315182844893,0.25
Seed_Thickness,LightGBM,1,28,0.7170869039345945,0.1111111111111111
Seed_Thickness,LightGBM,1,29,0.71712542629784,0.0
Seed_Thickness,LightGBM,2,3,0.6851383491174813,0.1111111111111111
Seed_Thickness,LightGBM,2,4,0.6672306965206826,0.0
Seed_Thickness,LightGBM,2,5,0.6882465375316882,0.0
Seed_Thickness,LightGBM,2,6,0.6605788086452292,0.1111111111111111
Seed_Thickness,LightGBM,2,7,0.7213878174249722,0.1111111111111111
Seed_Thickness,LightGBM,2,8,0.7122995851330244,0.0
Seed_Thickness,LightGBM,2,9,0.7324584091312681,0.0
Seed_Thickness,LightGBM,2,10,0.6874781205561203,0.0
Seed_Thickness,LightGBM,2,11,0.7242742456678072,0.0
Seed_Thickness,LightGBM,2,12,0.6689710795630123,0.1111111111111111
Seed_Thickness,LightGBM,2,13,0.7078839854635756,0.0
Seed_Thickness,LightGBM,2,14,0.700909309547813,0.0
Seed_Thickness,LightGBM,2,15,0.6704717010944266,0.0
Seed_Thickness,LightGBM,2,16,0.6853597429418781,0.0
Seed_Thickness,LightGBM,2,17,0.6948970690843702,0.1111111111111111
Seed_Thickness,LightGBM,2,18,0.7080524379552244,0.0
Seed_Thickness,LightGBM,2,19,0.7010690480152243,0.0
Seed_Thickness,LightGBM,2,20,0.6791595972420504,0.0
Seed_Thickness,LightGBM,2,21,0.7481049681963283,0.1111111111111111
Seed_Thickness,LightGBM,2,22,0.7093838687079557,0.1111111111111111
Seed_Thickness,LightGBM,2,23,0.6857503694930847,0.1111111111111111
Seed_Thickness,LightGBM,2,24,0.714378657352318,0.1111111111111111
Seed_Thickness,LightGBM,2,25,0.7014985604801103,0.1111111111111111
Seed_Thickness,LightGBM,2,26,0.7183330988899126,0.0
Seed_Thickness,LightGBM,2,27,0.6741037461075632,0.0
Seed_Thickness,LightGBM,2,28,0.6960002125371765,0.0
Seed_Thickness,LightGBM,2,29,0.7026420160829117,0.0
Seed_Thickness,LightGBM,3,4,0.6744755127808951,0.0
Seed_Thickness,LightGBM,3,5,0.6824892158356975,0.1111111111111111
Seed_Thickness,LightGBM,3,6,0.7030686005685368,0.0
Seed_Thickness,LightGBM,3,7,0.7402720895340821,0.0
Seed_Thickness,LightGBM,3,8,0.7246460179342225,0.1111111111111111
Seed_Thickness,LightGBM,3,9,0.7587649212983223,0.0
Seed_Thickness,LightGBM,3,10,0.6939205530441056,0.1111111111111111
Seed_Thickness,LightGBM,3,11,0.7620124026628671,0.0
Seed_Thickness,LightGBM,3,12,0.7310530965408175,0.25
Seed_Thickness,LightGBM,3,13,0.7326879548750015,0.0
Seed_Thickness,LightGBM,3,14,0.711146417140564,0.0
Seed_Thickness,LightGBM,3,15,0.6717310901339403,0.0
Seed_Thickness,LightGBM,3,16,0.7050057091400773,0.0
Seed_Thickness,LightGBM,3,17,0.7397754656591659,0.0
Seed_Thickness,LightGBM,3,18,0.701593234606086,0.0
Seed_Thickness,LightGBM,3,19,0.7178589172629126,0.1111111111111111
Seed_Thickness,LightGBM,3,20,0.7488236011348365,0.1111111111111111
Seed_Thickness,LightGBM,3,21,0.749763141299469,0.0
Seed_Thickness,LightGBM,3,22,0.7251740777354723,0.25
Seed_Thickness,LightGBM,3,23,0.776679691093993,0.42857142857142855
Seed_Thickness,LightGBM,3,24,0.7016578822627938,0.1111111111111111
Seed_Thickness,LightGBM,3,25,0.7553100735630318,0.1111111111111111
Seed_Thickness,LightGBM,3,26,0.7619981402997054,0.1111111111111111
Seed_Thickness,LightGBM,3,27,0.6950627809650586,0.1111111111111111
Seed_Thickness,LightGBM,3,28,0.7052272931293163,0.0
Seed_Thickness,LightGBM,3,29,0.7665988039190736,0.25
Seed_Thickness,LightGBM,4,5,0.6844740641722445,0.0
Seed_Thickness,LightGBM,4,6,0.635268600848191,0.0
Seed_Thickness,LightGBM,4,7,0.6787708164084293,0.0
Seed_Thickness,LightGBM,4,8,0.6495582778336308,0.0
Seed_Thickness,LightGBM,4,9,0.6826804433637365,0.1111111111111111
Seed_Thickness,LightGBM,4,10,0.6438074217422733,0.0
Seed_Thickness,LightGBM,4,11,0.6774833640719886,0.0
Seed_Thickness,LightGBM,4,12,0.6549070331627909,0.0
Seed_Thickness,LightGBM,4,13,0.6604722352339096,0.0
Seed_Thickness,LightGBM,4,14,0.6748188358276155,0.0
Seed_Thickness,LightGBM,4,15,0.6733182842097463,0.1111111111111111
Seed_Thickness,LightGBM,4,16,0.6823298716806796,0.1111111111111111
Seed_Thickness,LightGBM,4,17,0.6622260081183607,0.1111111111111111
Seed_Thickness,LightGBM,4,18,0.6692138921010278,0.0
Seed_Thickness,LightGBM,4,19,0.6568403104720701,0.1111111111111111
Seed_Thickness,LightGBM,4,20,0.6640215417614578,0.1111111111111111
Seed_Thickness,LightGBM,4,21,0.6818698433517112,0.0
Seed_Thickness,LightGBM,4,22,0.6595123921758353,0.0
Seed_Thickness,LightGBM,4,23,0.6586762625337508,0.0
Seed_Thickness,LightGBM,4,24,0.6756381302880857,0.1111111111111111
Seed_Thickness,LightGBM,4,25,0.6849610315883378,0.0
Seed_Thickness,LightGBM,4,26,0.6879060473818076,0.1111111111111111
Seed_Thickness,LightGBM,4,27,0.6532083996929396,0.0
Seed_Thickness,LightGBM,4,28,0.6573168272114703,0.0
Seed_Thickness,LightGBM,4,29,0.6419610301900669,0.0
Seed_Thickness,LightGBM,5,6,0.6390688774261747,0.0
Seed_Thickness,LightGBM,5,7,0.6768113886368116,0.1111111111111111
Seed_Thickness,LightGBM,5,8,0.7003371734513101,0.25
Seed_Thickness,LightGBM,5,9,0.7164194980487129,0.1111111111111111
Seed_Thickness,LightGBM,5,10,0.6858763173459699,0.1111111111111111
Seed_Thickness,LightGBM,5,11,0.7048615194450542,0.0
Seed_Thickness,LightGBM,5,12,0.7084954325481109,0.25
Seed_Thickness,LightGBM,5,13,0.6789369449738453,0.0
Seed_Thickness,LightGBM,5,14,0.6953662085465114,0.0
Seed_Thickness,LightGBM,5,15,0.6769469845588942,0.0
Seed_Thickness,LightGBM,5,16,0.6963828689442634,0.1111111111111111
Seed_Thickness,LightGBM,5,17,0.6990712712659524,0.0
Seed_Thickness,LightGBM,5,18,0.7411718572812859,0.25
Seed_Thickness,LightGBM,5,19,0.7101486613653555,0.42857142857142855
Seed_Thickness,LightGBM,5,20,0.6908930644365178,0.1111111111111111
Seed_Thickness,LightGBM,5,21,0.6975612841160621,0.25
Seed_Thickness,LightGBM,5,22,0.7028330842080682,0.25
Seed_Thickness,LightGBM,5,23,0.6823017021151643,0.1111111111111111
Seed_Thickness,LightGBM,5,24,0.72141823261355,0.25
Seed_Thickness,LightGBM,5,25,0.7334442432487984,0.1111111111111111
Seed_Thickness,LightGBM,5,26,0.7202279573079929,0.0
Seed_Thickness,LightGBM,5,27,0.6585332389966566,0.42857142857142855
Seed_Thickness,LightGBM,5,28,0.6885263343349614,0.1111111111111111
Seed_Thickness,LightGBM,5,29,0.6928621710392928,0.1111111111111111
Seed_Thickness,LightGBM,6,7,0.6963391366236511,0.0
Seed_Thickness,LightGBM,6,8,0.6864595529168629,0.0
Seed_Thickness,LightGBM,6,9,0.710924710103486,0.0
Seed_Thickness,LightGBM,6,10,0.6514189037835812,0.0
Seed_Thickness,LightGBM,6,11,0.7241533763348244,0.1111111111111111
Seed_Thickness,LightGBM,6,12,0.6752946002972724,0.0
Seed_Thickness,LightGBM,6,13,0.6831149728246051,0.0
Seed_Thickness,LightGBM,6,14,0.6858855123753964,0.0
Seed_Thickness,LightGBM,6,15,0.6961763499256818,0.0
Seed_Thickness,LightGBM,6,16,0.6835597488146158,0.0
Seed_Thickness,LightGBM,6,17,0.7015837822948142,0.1111111111111111
Seed_Thickness,LightGBM,6,18,0.6626945631032665,0.0
Seed_Thickness,LightGBM,6,19,0.7072180980998896,0.0
Seed_Thickness,LightGBM,6,20,0.708830298852439,0.0
Seed_Thickness,LightGBM,6,21,0.7101973715303656,0.0
Seed_Thickness,LightGBM,6,22,0.6787172346676099,0.0
Seed_Thickness,LightGBM,6,23,0.6752017858715912,0.0
Seed_Thickness,LightGBM,6,24,0.6814745465757044,0.0
Seed_Thickness,LightGBM,6,25,0.6977870069871596,0.25
Seed_Thickness,LightGBM,6,26,0.6725936135374995,0.0
Seed_Thickness,LightGBM,6,27,0.6592437060331193,0.0
Seed_Thickness,LightGBM,6,28,0.6606962661972204,0.0
Seed_Thickness,LightGBM,6,29,0.6770176056288792,0.0
Seed_Thickness,LightGBM,7,8,0.7396447804644776,0.0
Seed_Thickness,LightGBM,7,9,0.7358653996467968,0.0
Seed_Thickness,LightGBM,7,10,0.6959510465358537,0.0
Seed_Thickness,LightGBM,7,11,0.7325418299730552,0.0
Seed_Thickness,LightGBM,7,12,0.7212168284699141,0.0
Seed_Thickness,LightGBM,7,13,0.7042175513759684,0.0
Seed_Thickness,LightGBM,7,14,0.7061560889803667,0.0
Seed_Thickness,LightGBM,7,15,0.6849585174972629,0.0
Seed_Thickness,LightGBM,7,16,0.7145194380628913,0.0
Seed_Thickness,LightGBM,7,17,0.7193238381417539,0.0
Seed_Thickness,LightGBM,7,18,0.7251731129285526,0.1111111111111111
Seed_Thickness,LightGBM,7,19,0.7031571838264801,0.1111111111111111
Seed_Thickness,LightGBM,7,20,0.7308332492040343,0.0
Seed_Thickness,LightGBM,7,21,0.761594126702919,0.25
Seed_Thickness,LightGBM,7,22,0.7205445901598084,0.0
Seed_Thickness,LightGBM,7,23,0.7397560940141421,0.1111111111111111
Seed_Thickness,LightGBM,7,24,0.7028856396180482,0.1111111111111111
Seed_Thickness,LightGBM,7,25,0.7178284405504153,0.0
Seed_Thickness,LightGBM,7,26,0.7162998731768295,0.0
Seed_Thickness,LightGBM,7,27,0.6704652494725023,0.1111111111111111
Seed_Thickness,LightGBM,7,28,0.6718913655373763,0.0
Seed_Thickness,LightGBM,7,29,0.702369207837588,0.0
Seed_Thickness,LightGBM,8,9,0.7073025173070979,0.0
Seed_Thickness,LightGBM,8,10,0.7080263238479295,0.1111111111111111
Seed_Thickness,LightGBM,8,11,0.7379817861232799,0.0
Seed_Thickness,LightGBM,8,12,0.706966510013717,0.1111111111111111
Seed_Thickness,LightGBM,8,13,0.7129404993784686,0.0
Seed_Thickness,LightGBM,8,14,0.6993993000255884,0.0
Seed_Thickness,LightGBM,8,15,0.6781347793318782,0.0
Seed_Thickness,LightGBM,8,16,0.7289312931628747,0.1111111111111111
Seed_Thickness,LightGBM,8,17,0.7165361110450816,0.0
Seed_Thickness,LightGBM,8,18,0.7167199417200688,0.1111111111111111
Seed_Thickness,LightGBM,8,19,0.7296381079157513,0.1111111111111111
Seed_Thickness,LightGBM,8,20,0.7005761043893122,0.0
Seed_Thickness,LightGBM,8,21,0.722006840341234,0.1111111111111111
Seed_Thickness,LightGBM,8,22,0.7363634833165307,0.1111111111111111
Seed_Thickness,LightGBM,8,23,0.6982148638993021,0.1111111111111111
Seed_Thickness,LightGBM,8,24,0.6981594979648167,0.25
Seed_Thickness,LightGBM,8,25,0.7461228940292433,0.1111111111111111
Seed_Thickness,LightGBM,8,26,0.7248548133378264,0.0
Seed_Thickness,LightGBM,8,27,0.6657227620324706,0.1111111111111111
Seed_Thickness,LightGBM,8,28,0.6974433511519653,0.0
Seed_Thickness,LightGBM,8,29,0.7227449372106451,0.1111111111111111
Seed_Thickness,LightGBM,9,10,0.7439305087329009,0.0
Seed_Thickness,LightGBM,9,11,0.7558071001399668,0.0
Seed_Thickness,LightGBM,9,12,0.7260607884290285,0.1111111111111111
Seed_Thickness,LightGBM,9,13,0.7234350482193719,0.0
Seed_Thickness,LightGBM,9,14,0.7569361395698079,0.0
Seed_Thickness,LightGBM,9,15,0.695366063126338,0.25
Seed_Thickness,LightGBM,9,16,0.7134213004199007,0.0
Seed_Thickness,LightGBM,9,17,0.7543150276368242,0.0
Seed_Thickness,LightGBM,9,18,0.7272535834187444,0.0
Seed_Thickness,LightGBM,9,19,0.7504385536845136,0.1111111111111111
Seed_Thickness,LightGBM,9,20,0.721162595134856,0.1111111111111111
Seed_Thickness,LightGBM,9,21,0.7591695836928054,0.0
Seed_Thickness,LightGBM,9,22,0.7280492750664527,0.1111111111111111
Seed_Thickness,LightGBM,9,23,0.7399436189208425,0.0
Seed_Thickness,LightGBM,9,24,0.7551710910288337,0.1111111111111111
Seed_Thickness,LightGBM,9,25,0.7538184345238678,0.0
Seed_Thickness,LightGBM,9,26,0.751274165966366,0.0
Seed_Thickness,LightGBM,9,27,0.6935966128285762,0.1111111111111111
Seed_Thickness,LightGBM,9,28,0.6928188218449065,0.25
Seed_Thickness,LightGBM,9,29,0.7388796466289785,0.0
Seed_Thickness,LightGBM,10,11,0.6968292501492654,0.0
Seed_Thickness,LightGBM,10,12,0.7046902424461909,0.1111111111111111
Seed_Thickness,LightGBM,10,13,0.6960912791242349,0.0
Seed_Thickness,LightGBM,10,14,0.7030275808934671,0.1111111111111111
Seed_Thickness,LightGBM,10,15,0.6327443695126606,0.0
Seed_Thickness,LightGBM,10,16,0.6749277079962918,0.0
Seed_Thickness,LightGBM,10,17,0.6915631997471926,0.0
Seed_Thickness,LightGBM,10,18,0.6868574644594494,0.1111111111111111
Seed_Thickness,LightGBM,10,19,0.7084776773042456,0.0
Seed_Thickness,LightGBM,10,20,0.6801269210494301,0.0
Seed_Thickness,LightGBM,10,21,0.6914641714056396,0.0
Seed_Thickness,LightGBM,10,22,0.6862098860549045,0.1111111111111111
Seed_Thickness,LightGBM,10,23,0.6927864658563221,0.1111111111111111
Seed_Thickness,LightGBM,10,24,0.7023042301889484,0.1111111111111111
Seed_Thickness,LightGBM,10,25,0.7370513347194859,0.0
Seed_Thickness,LightGBM,10,26,0.6984666281676079,0.0
Seed_Thickness,LightGBM,10,27,0.6871509866898592,0.1111111111111111
Seed_Thickness,LightGBM,10,28,0.6950193199090005,0.0
Seed_Thickness,LightGBM,10,29,0.7416087274476382,0.1111111111111111
Seed_Thickness,LightGBM,11,12,0.7385212418323499,0.0
Seed_Thickness,LightGBM,11,13,0.7284278820810185,0.0
Seed_Thickness,LightGBM,11,14,0.7223099798788817,0.0
Seed_Thickness,LightGBM,11,15,0.7315126858127239,0.0
Seed_Thickness,LightGBM,11,16,0.7207980770978606,0.0
Seed_Thickness,LightGBM,11,17,0.7385707098601869,0.0
Seed_Thickness,LightGBM,11,18,0.7329997469129673,0.0
Seed_Thickness,LightGBM,11,19,0.7409386872193845,0.0
Seed_Thickness,LightGBM,11,20,0.7539587761773789,0.0
Seed_Thickness,LightGBM,11,21,0.7283043420506201,0.0
Seed_Thickness,LightGBM,11,22,0.7495423571211839,0.0
Seed_Thickness,LightGBM,11,23,0.7555407183476911,0.0
Seed_Thickness,LightGBM,11,24,0.7614745997099985,0.0
Seed_Thickness,LightGBM,11,25,0.7483569170363927,0.0
Seed_Thickness,LightGBM,11,26,0.7503011260275543,0.0
Seed_Thickness,LightGBM,11,27,0.6854759140846428,0.0
Seed_Thickness,LightGBM,11,28,0.7105150810507724,0.0
Seed_Thickness,LightGBM,11,29,0.7190272592911604,0.0
Seed_Thickness,LightGBM,12,13,0.6898158505192478,0.1111111111111111
Seed_Thickness,LightGBM,12,14,0.7336081233946102,0.0
Seed_Thickness,LightGBM,12,15,0.6879187968158574,0.0
Seed_Thickness,LightGBM,12,16,0.7082528045818539,0.0
Seed_Thickness,LightGBM,12,17,0.7333888801108549,0.0
Seed_Thickness,LightGBM,12,18,0.6939131310221779,0.0
Seed_Thickness,LightGBM,12,19,0.7204091704198587,0.1111111111111111
Seed_Thickness,LightGBM,12,20,0.7349730595146041,0.1111111111111111
Seed_Thickness,LightGBM,12,21,0.7361190348015643,0.0
Seed_Thickness,LightGBM,12,22,0.7072461222452315,0.25
Seed_Thickness,LightGBM,12,23,0.7150378274226091,0.1111111111111111
Seed_Thickness,LightGBM,12,24,0.7293239220380079,0.1111111111111111
Seed_Thickness,LightGBM,12,25,0.7278102881976147,0.0
Seed_Thickness,LightGBM,12,26,0.7204789832892644,0.0
Seed_Thickness,LightGBM,12,27,0.6705677455258826,0.25
Seed_Thickness,LightGBM,12,28,0.7124229601674569,0.25
Seed_Thickness,LightGBM,12,29,0.7385583463489049,0.0
Seed_Thickness,LightGBM,13,14,0.678084835891936,0.0
Seed_Thickness,LightGBM,13,15,0.6931787395706469,0.0
Seed_Thickness,LightGBM,13,16,0.6906416665151872,0.0
Seed_Thickness,LightGBM,13,17,0.7181390720235357,0.1111111111111111
Seed_Thickness,LightGBM,13,18,0.6865502671396551,0.0
Seed_Thickness,LightGBM,13,19,0.6906083680920173,0.0
Seed_Thickness,LightGBM,13,20,0.6963576637130524,0.0
Seed_Thickness,LightGBM,13,21,0.7313660938882977,0.0
Seed_Thickness,LightGBM,13,22,0.6932402131524157,0.0
Seed_Thickness,LightGBM,13,23,0.7125713838267599,0.0
Seed_Thickness,LightGBM,13,24,0.6792441143282217,0.0
Seed_Thickness,LightGBM,13,25,0.7431965199833885,0.0
Seed_Thickness,LightGBM,13,26,0.7382528633092318,0.0
Seed_Thickness,LightGBM,13,27,0.7012633517392391,0.0
Seed_Thickness,LightGBM,13,28,0.697545226373067,0.1111111111111111
Seed_Thickness,LightGBM,13,29,0.7000934548337525,0.0
Seed_Thickness,LightGBM,14,15,0.6785571382428489,0.0
Seed_Thickness,LightGBM,14,16,0.6871070586113212,0.0
Seed_Thickness,LightGBM,14,17,0.7232095043269492,0.0
Seed_Thickness,LightGBM,14,18,0.6903412508092491,0.1111111111111111
Seed_Thickness,LightGBM,14,19,0.7157493739242052,0.0
Seed_Thickness,LightGBM,14,20,0.680342050620203,0.0
Seed_Thickness,LightGBM,14,21,0.7379841995388502,0.0
Seed_Thickness,LightGBM,14,22,0.6815374072422044,0.0
Seed_Thickness,LightGBM,14,23,0.736753483442375,0.0
Seed_Thickness,LightGBM,14,24,0.708936606592288,0.0
Seed_Thickness,LightGBM,14,25,0.7140214271032441,0.0
Seed_Thickness,LightGBM,14,26,0.7321032846781669,0.0
Seed_Thickness,LightGBM,14,27,0.6700855042654255,0.0
Seed_Thickness,LightGBM,14,28,0.6919036004077357,0.0
Seed_Thickness,LightGBM,14,29,0.6848161455544074,0.1111111111111111
Seed_Thickness,LightGBM,15,16,0.7024495217214393,0.0
Seed_Thickness,LightGBM,15,17,0.6992762158315027,0.0
Seed_Thickness,LightGBM,15,18,0.6956346430004655,0.0
Seed_Thickness,LightGBM,15,19,0.687955067962957,0.0
Seed_Thickness,LightGBM,15,20,0.6966483306742881,0.0
Seed_Thickness,LightGBM,15,21,0.6773445856853414,0.0
Seed_Thickness,LightGBM,15,22,0.7049124332849998,0.0
Seed_Thickness,LightGBM,15,23,0.6731019661087099,0.0
Seed_Thickness,LightGBM,15,24,0.6872908725070577,0.0
Seed_Thickness,LightGBM,15,25,0.6904328179772892,0.0
Seed_Thickness,LightGBM,15,26,0.6939493098833982,0.0
Seed_Thickness,LightGBM,15,27,0.6785335969540066,0.0
Seed_Thickness,LightGBM,15,28,0.675460924620614,0.1111111111111111
Seed_Thickness,LightGBM,15,29,0.6583470955816036,0.0
Seed_Thickness,LightGBM,16,17,0.7107456083806764,0.1111111111111111
Seed_Thickness,LightGBM,16,18,0.7048994601276063,0.1111111111111111
Seed_Thickness,LightGBM,16,19,0.7341222228592122,0.25
Seed_Thickness,LightGBM,16,20,0.6852496374982696,0.1111111111111111
Seed_Thickness,LightGBM,16,21,0.7246301251871935,0.1111111111111111
Seed_Thickness,LightGBM,16,22,0.7023843511114156,0.0
Seed_Thickness,LightGBM,16,23,0.693950039780807,0.0
Seed_Thickness,LightGBM,16,24,0.713379729826097,0.1111111111111111
Seed_Thickness,LightGBM,16,25,0.7484034906434701,0.1111111111111111
Seed_Thickness,LightGBM,16,26,0.6962226662509141,0.1111111111111111
Seed_Thickness,LightGBM,16,27,0.6815052078599603,0.0
Seed_Thickness,LightGBM,16,28,0.6869898807135096,0.0
Seed_Thickness,LightGBM,16,29,0.7000423004912125,0.1111111111111111
Seed_Thickness,LightGBM,17,18,0.7420889188429587,0.0
Seed_Thickness,LightGBM,17,19,0.7299956318017139,0.1111111111111111
Seed_Thickness,LightGBM,17,20,0.7082583305484438,0.25
Seed_Thickness,LightGBM,17,21,0.7597526710469832,0.0
Seed_Thickness,LightGBM,17,22,0.7145307780398759,0.0
Seed_Thickness,LightGBM,17,23,0.7083439662513334,0.0
Seed_Thickness,LightGBM,17,24,0.7047493669328508,0.0
Seed_Thickness,LightGBM,17,25,0.7393268500172685,0.1111111111111111
Seed_Thickness,LightGBM,17,26,0.7615435260756547,0.1111111111111111
Seed_Thickness,LightGBM,17,27,0.6996929257280446,0.0
Seed_Thickness,LightGBM,17,28,0.6901168059577526,0.0
Seed_Thickness,LightGBM,17,29,0.7137558646977147,0.0
Seed_Thickness,LightGBM,18,19,0.7185343548168335,0.25
Seed_Thickness,LightGBM,18,20,0.711018612383926,0.0
Seed_Thickness,LightGBM,18,21,0.7360977139669085,0.25
Seed_Thickness,LightGBM,18,22,0.7150681279529733,0.0
Seed_Thickness,LightGBM,18,23,0.6998298024662702,0.0
Seed_Thickness,LightGBM,18,24,0.7235459506773922,0.1111111111111111
Seed_Thickness,LightGBM,18,25,0.724959476711099,0.1111111111111111
Seed_Thickness,LightGBM,18,26,0.7178013728223678,0.0
Seed_Thickness,LightGBM,18,27,0.6711505448362555,0.1111111111111111
Seed_Thickness,LightGBM,18,28,0.6859958918801011,0.0
Seed_Thickness,LightGBM,18,29,0.7138368777170151,0.25
Seed_Thickness,LightGBM,19,20,0.6774329899646097,0.25
Seed_Thickness,LightGBM,19,21,0.7380106688069533,0.25
Seed_Thickness,LightGBM,19,22,0.7215882399824377,0.25
Seed_Thickness,LightGBM,19,23,0.7284260111945567,0.1111111111111111
Seed_Thickness,LightGBM,19,24,0.735654870387279,0.1111111111111111
Seed_Thickness,LightGBM,19,25,0.7324784519463231,0.1111111111111111
Seed_Thickness,LightGBM,19,26,0.7441506245376965,0.1111111111111111
Seed_Thickness,LightGBM,19,27,0.6889187842314195,0.25
Seed_Thickness,LightGBM,19,28,0.7035459562704758,0.1111111111111111
Seed_Thickness,LightGBM,19,29,0.7091035405617414,0.25
Seed_Thickness,LightGBM,20,21,0.7271050590839367,0.0
Seed_Thickness,LightGBM,20,22,0.6913262012195719,0.1111111111111111
Seed_Thickness,LightGBM,20,23,0.7185765825979593,0.0
Seed_Thickness,LightGBM,20,24,0.6882663538268577,0.0
Seed_Thickness,LightGBM,20,25,0.704566626909164,0.1111111111111111
Seed_Thickness,LightGBM,20,26,0.7484569773018684,0.1111111111111111
Seed_Thickness,LightGBM,20,27,0.6682182700872101,0.1111111111111111
Seed_Thickness,LightGBM,20,28,0.7004311875934219,0.1111111111111111
Seed_Thickness,LightGBM,20,29,0.7286279550707595,0.1111111111111111
Seed_Thickness,LightGBM,21,22,0.7110922425328838,0.0
Seed_Thickness,LightGBM,21,23,0.7383498529718151,0.1111111111111111
Seed_Thickness,LightGBM,21,24,0.7079651411065077,0.25
Seed_Thickness,LightGBM,21,25,0.7395301949609113,0.1111111111111111
Seed_Thickness,LightGBM,21,26,0.7339581217865986,0.0
Seed_Thickness,LightGBM,21,27,0.6978060094886662,0.1111111111111111
Seed_Thickness,LightGBM,21,28,0.6969379069842232,0.0
Seed_Thickness,LightGBM,21,29,0.723594909734622,0.1111111111111111
Seed_Thickness,LightGBM,22,23,0.6978134594760119,0.25
Seed_Thickness,LightGBM,22,24,0.7072387561541398,0.1111111111111111
Seed_Thickness,LightGBM,22,25,0.7273852921477301,0.0
Seed_Thickness,LightGBM,22,26,0.7191500917964845,0.0
Seed_Thickness,LightGBM,22,27,0.6731944337632084,0.25
Seed_Thickness,LightGBM,22,28,0.7033336707827099,0.1111111111111111
Seed_Thickness,LightGBM,22,29,0.7112560751374849,0.1111111111111111
Seed_Thickness,LightGBM,23,24,0.701104779429757,0.25
Seed_Thickness,LightGBM,23,25,0.7239859082258878,0.0
Seed_Thickness,LightGBM,23,26,0.7430706196717138,0.1111111111111111
Seed_Thickness,LightGBM,23,27,0.6933074140517835,0.1111111111111111
Seed_Thickness,LightGBM,23,28,0.7088502829401161,0.0
Seed_Thickness,LightGBM,23,29,0.7247619849294362,0.1111111111111111
Seed_Thickness,LightGBM,24,25,0.7291355889307282,0.1111111111111111
Seed_Thickness,LightGBM,24,26,0.7007589227161691,0.0
Seed_Thickness,LightGBM,24,27,0.6601650798622423,0.1111111111111111
Seed_Thickness,LightGBM,24,28,0.6833484393199369,0.0
Seed_Thickness,LightGBM,24,29,0.6989068905391591,0.1111111111111111
Seed_Thickness,LightGBM,25,26,0.7328927875788799,0.0
Seed_Thickness,LightGBM,25,27,0.6880413608531689,0.0
Seed_Thickness,LightGBM,25,28,0.7290159053314671,0.0
Seed_Thickness,LightGBM,25,29,0.7531074948718414,0.25
Seed_Thickness,LightGBM,26,27,0.695990824546366,0.0
Seed_Thickness,LightGBM,26,28,0.7299701189509052,0.0
Seed_Thickness,LightGBM,26,29,0.7370826783599399,0.0
Seed_Thickness,LightGBM,27,28,0.6898302778783756,0.1111111111111111
Seed_Thickness,LightGBM,27,29,0.6884351055484788,0.0
Seed_Thickness,LightGBM,28,29,0.7178348474276709,0.0
