trait,model,boot,rank,rs,mean_abs_shap
Insoluble_Oxalate,RandomForest,0,1,100017140|F|0-53:T>C-53:T>C,16.223320230367833
Insoluble_Oxalate,RandomForest,0,2,100035901|F|0-29:T>A-29:T>A,7.054860629287939
Insoluble_Oxalate,RandomForest,0,3,100015590|F|0-63:C>G-63:C>G,7.050509583138947
Insoluble_Oxalate,RandomForest,0,4,100034659|F|0-55:C>T-55:C>T,6.003909510897367
Insoluble_Oxalate,RandomForest,0,5,100013982|F|0-20:C>G-20:C>G,5.21829089052452
Insoluble_Oxalate,RandomForest,1,1,100033949|F|0-43:T>C-43:T>C,6.9466257701762
Insoluble_Oxalate,RandomForest,1,2,100013964|F|0-14:T>G-14:T>G,5.31251103594135
Insoluble_Oxalate,RandomForest,1,3,100021285|F|0-67:T>C-67:T>C,4.941783834885364
Insoluble_Oxalate,RandomForest,1,4,100021416|F|0-50:T>G-50:T>G,4.6872031665929486
Insoluble_Oxalate,RandomForest,1,5,100036044|F|0-63:T>G-63:T>G,3.904945819865502
Insoluble_Oxalate,RandomForest,2,1,100058466|F|0-43:T>C-43:T>C,9.11863402201557
Insoluble_Oxalate,RandomForest,2,2,100029816|F|0-31:C>A-31:C>A,8.046079271319638
Insoluble_Oxalate,RandomForest,2,3,100018867|F|0-57:G>A-57:G>A,7.869849318349887
Insoluble_Oxalate,RandomForest,2,4,100045385|F|0-50:G>A-50:G>A,7.807894022224675
Insoluble_Oxalate,RandomForest,2,5,100029850|F|0-32:T>C-32:T>C,7.146038885367314
Insoluble_Oxalate,RandomForest,3,1,100058672|F|0-30:C>T-30:C>T,7.924117447707379
Insoluble_Oxalate,RandomForest,3,2,100040940|F|0-64:T>A-64:T>A,7.410806926971768
Insoluble_Oxalate,RandomForest,3,3,100013424|F|0-13:C>A-13:C>A,6.340710394885334
Insoluble_Oxalate,RandomForest,3,4,100020795|F|0-42:T>C-42:T>C,6.164598758437572
Insoluble_Oxalate,RandomForest,3,5,100015328|F|0-33:T>C-33:T>C,5.972053208914261
Insoluble_Oxalate,RandomForest,4,1,100045520|F|0-63:C>T-63:C>T,12.010261573337772
Insoluble_Oxalate,RandomForest,4,2,100018758|F|0-12:C>T-12:C>T,11.415468253685209
Insoluble_Oxalate,RandomForest,4,3,100019676|F|0-10:G>T-10:G>T,8.742987075090992
Insoluble_Oxalate,RandomForest,4,4,100041156|F|0-37:T>C-37:T>C,8.63216979963654
Insoluble_Oxalate,RandomForest,4,5,100041804|F|0-61:A>T-61:A>T,6.704441878782789
Insoluble_Oxalate,RandomForest,5,1,100029747|F|0-45:G>A-45:G>A,12.16873726327958
Insoluble_Oxalate,RandomForest,5,2,100043273|F|0-46:A>T-46:A>T,12.14591239295541
Insoluble_Oxalate,RandomForest,5,3,100039148|F|0-38:G>A-38:G>A,11.551696052623889
Insoluble_Oxalate,RandomForest,5,4,100029346|F|0-46:T>A-46:T>A,9.435849940359041
Insoluble_Oxalate,RandomForest,5,5,100018830|F|0-21:C>T-21:C>T,6.383082049614039
Insoluble_Oxalate,RandomForest,6,1,100035171|F|0-38:C>T-38:C>T,8.592702226017986
Insoluble_Oxalate,RandomForest,6,2,100041804|F|0-61:A>T-61:A>T,7.546485469361877
Insoluble_Oxalate,RandomForest,6,3,100029472|F|0-28:G>A-28:G>A,5.670816711189085
Insoluble_Oxalate,RandomForest,6,4,100045385|F|0-50:G>A-50:G>A,4.218889684741988
Insoluble_Oxalate,RandomForest,6,5,100021963|F|0-68:T>G-68:T>G,4.148131748080227
Insoluble_Oxalate,RandomForest,7,1,100014593|F|0-28:A>C-28:A>C,18.36170872728466
Insoluble_Oxalate,RandomForest,7,2,100017910|F|0-52:G>A-52:G>A,12.752591840571272
Insoluble_Oxalate,RandomForest,7,3,100022176|F|0-8:G>A-8:G>A,10.399745256198782
Insoluble_Oxalate,RandomForest,7,4,100021285|F|0-67:T>C-67:T>C,7.864255687099728
Insoluble_Oxalate,RandomForest,7,5,100018152|F|0-62:T>C-62:T>C,7.856515254571074
Insoluble_Oxalate,RandomForest,8,1,100013964|F|0-14:T>G-14:T>G,19.848281650795712
Insoluble_Oxalate,RandomForest,8,2,100033689|F|0-56:C>T-56:C>T,16.106135177515604
Insoluble_Oxalate,RandomForest,8,3,100020795|F|0-42:T>C-42:T>C,12.600232359664886
Insoluble_Oxalate,RandomForest,8,4,100029461|F|0-34:G>A-34:G>A,12.47516476508116
Insoluble_Oxalate,RandomForest,8,5,100035901|F|0-29:T>A-29:T>A,11.185168541256212
Insoluble_Oxalate,RandomForest,9,1,100035901|F|0-29:T>A-29:T>A,12.973679309483131
Insoluble_Oxalate,RandomForest,9,2,100035301|F|0-17:C>T-17:C>T,8.249779475262368
Insoluble_Oxalate,RandomForest,9,3,100035886|F|0-65:A>C-65:A>C,6.144229406996587
Insoluble_Oxalate,RandomForest,9,4,100032761|F|0-35:G>T-35:G>T,4.950028924543244
Insoluble_Oxalate,RandomForest,9,5,100034340|F|0-9:G>A-9:G>A,3.568617351301782
Insoluble_Oxalate,RandomForest,10,1,100013963|F|0-19:T>C-19:T>C,6.691762221193068
Insoluble_Oxalate,RandomForest,10,2,100041311|F|0-41:A>G-41:A>G,6.656528962767107
Insoluble_Oxalate,RandomForest,10,3,100018804|F|0-63:G>A-63:G>A,6.495676662126314
Insoluble_Oxalate,RandomForest,10,4,100035171|F|0-38:C>T-38:C>T,6.352230301689004
Insoluble_Oxalate,RandomForest,10,5,100041312|F|0-45:T>A-45:T>A,6.171213758771899
Insoluble_Oxalate,RandomForest,11,1,100022070|F|0-37:G>C-37:G>C,10.234026772229239
Insoluble_Oxalate,RandomForest,11,2,100039240|F|0-17:G>A-17:G>A,7.101522367690094
Insoluble_Oxalate,RandomForest,11,3,100016083|F|0-25:C>A-25:C>A,6.678535060156183
Insoluble_Oxalate,RandomForest,11,4,100021860|F|0-9:A>C-9:A>C,6.159133545538102
Insoluble_Oxalate,RandomForest,11,5,100018361|F|0-34:C>A-34:C>A,4.615351425534543
Insoluble_Oxalate,RandomForest,12,1,100039148|F|0-38:G>A-38:G>A,12.024194537612212
Insoluble_Oxalate,RandomForest,12,2,100033420|F|0-60:C>A-60:C>A,7.751263272495854
Insoluble_Oxalate,RandomForest,12,3,100019282|F|0-52:T>A-52:T>A,6.125839981732932
Insoluble_Oxalate,RandomForest,12,4,100029346|F|0-46:T>A-46:T>A,6.013489379685483
Insoluble_Oxalate,RandomForest,12,5,100048218|F|0-16:G>A-16:G>A,4.410151451807192
Insoluble_Oxalate,RandomForest,13,1,100029472|F|0-28:G>A-28:G>A,19.088451225662425
Insoluble_Oxalate,RandomForest,13,2,100029346|F|0-46:T>A-46:T>A,8.986445536140751
Insoluble_Oxalate,RandomForest,13,3,100043273|F|0-46:A>T-46:A>T,6.461388528292649
Insoluble_Oxalate,RandomForest,13,4,100019198|F|0-35:G>T-35:G>T,6.436753715562027
Insoluble_Oxalate,RandomForest,13,5,100015778|F|0-37:G>T-37:G>T,5.051641249787033
Insoluble_Oxalate,RandomForest,14,1,100020374|F|0-28:A>G-28:A>G,8.599358647083045
Insoluble_Oxalate,RandomForest,14,2,100033913|F|0-64:C>T-64:C>T,6.538252363222839
Insoluble_Oxalate,RandomForest,14,3,100029461|F|0-34:G>A-34:G>A,6.102543020272126
Insoluble_Oxalate,RandomForest,14,4,100016677|F|0-45:G>A-45:G>A,5.297838773947962
Insoluble_Oxalate,RandomForest,14,5,100038668|F|0-20:A>G-20:A>G,5.013468150265822
Insoluble_Oxalate,RandomForest,15,1,100035171|F|0-38:C>T-38:C>T,15.46748429402813
Insoluble_Oxalate,RandomForest,15,2,100035901|F|0-29:T>A-29:T>A,8.912376927948173
Insoluble_Oxalate,RandomForest,15,3,100040147|F|0-11:C>G-11:C>G,7.77756276327223
Insoluble_Oxalate,RandomForest,15,4,100018779|F|0-10:A>G-10:A>G,5.181883086758587
Insoluble_Oxalate,RandomForest,15,5,100045385|F|0-50:G>A-50:G>A,5.0931872886565
Insoluble_Oxalate,RandomForest,16,1,100045520|F|0-63:C>T-63:C>T,10.672550686123703
Insoluble_Oxalate,RandomForest,16,2,100014717|F|0-5:C>A-5:C>A,6.274399681623872
Insoluble_Oxalate,RandomForest,16,3,100033325|F|0-21:T>C-21:T>C,6.162092285416866
Insoluble_Oxalate,RandomForest,16,4,100041823|F|0-64:C>T-64:C>T,5.43580634104169
Insoluble_Oxalate,RandomForest,16,5,100017777|F|0-23:A>G-23:A>G,5.091496669360188
Insoluble_Oxalate,RandomForest,17,1,100014038|F|0-34:G>C-34:G>C,5.13735544914801
Insoluble_Oxalate,RandomForest,17,2,100018152|F|0-62:T>C-62:T>C,4.2483002225789885
Insoluble_Oxalate,RandomForest,17,3,100014593|F|0-28:A>C-28:A>C,4.228708667671062
Insoluble_Oxalate,RandomForest,17,4,100043978|F|0-67:T>A-67:T>A,3.630235177665817
Insoluble_Oxalate,RandomForest,17,5,100015006|F|0-61:G>T-61:G>T,3.5528897253612652
Insoluble_Oxalate,RandomForest,18,1,100028909|F|0-9:C>T-9:C>T,16.44874474920938
Insoluble_Oxalate,RandomForest,18,2,100015328|F|0-33:T>C-33:T>C,11.974266145865519
Insoluble_Oxalate,RandomForest,18,3,100043978|F|0-67:T>A-67:T>A,9.486112265351396
Insoluble_Oxalate,RandomForest,18,4,100017362|F|0-34:C>A-34:C>A,7.2217522368755995
Insoluble_Oxalate,RandomForest,18,5,100058672|F|0-30:C>T-30:C>T,6.563827700188256
Insoluble_Oxalate,RandomForest,19,1,100038511|F|0-6:G>A-6:G>A,8.517989891313443
Insoluble_Oxalate,RandomForest,19,2,100035301|F|0-17:C>T-17:C>T,5.711483774969908
Insoluble_Oxalate,RandomForest,19,3,100044913|F|0-36:G>T-36:G>T,5.295347991367284
Insoluble_Oxalate,RandomForest,19,4,100018381|F|0-53:C>A-53:C>A,3.9305547661649674
Insoluble_Oxalate,RandomForest,19,5,100013982|F|0-20:C>G-20:C>G,3.379360450785377
Insoluble_Oxalate,RandomForest,20,1,100033689|F|0-56:C>T-56:C>T,13.48983194075707
Insoluble_Oxalate,RandomForest,20,2,100018025|F|0-39:C>T-39:C>T,11.862180208164283
Insoluble_Oxalate,RandomForest,20,3,100014627|F|0-15:C>G-15:C>G,11.226592931034997
Insoluble_Oxalate,RandomForest,20,4,100017892|F|0-32:A>G-32:A>G,10.785545825531383
Insoluble_Oxalate,RandomForest,20,5,100043978|F|0-67:T>A-67:T>A,8.691127756670179
Insoluble_Oxalate,RandomForest,21,1,100020363|F|0-42:C>T-42:C>T,8.901377755483164
Insoluble_Oxalate,RandomForest,21,2,100035301|F|0-17:C>T-17:C>T,8.292182259507184
Insoluble_Oxalate,RandomForest,21,3,100035886|F|0-65:A>C-65:A>C,7.734678252894444
Insoluble_Oxalate,RandomForest,21,4,100015398|F|0-67:C>T-67:C>T,7.182241308532468
Insoluble_Oxalate,RandomForest,21,5,100059965|F|0-13:G>A-13:G>A,6.087807429976997
Insoluble_Oxalate,RandomForest,22,1,100045385|F|0-50:G>A-50:G>A,15.747580760947727
Insoluble_Oxalate,RandomForest,22,2,100035171|F|0-38:C>T-38:C>T,14.403278290267066
Insoluble_Oxalate,RandomForest,22,3,100058466|F|0-35:C>T-35:C>T,10.79099923737819
Insoluble_Oxalate,RandomForest,22,4,100015778|F|0-37:G>T-37:G>T,9.598711532092546
Insoluble_Oxalate,RandomForest,22,5,100019198|F|0-35:G>T-35:G>T,8.818069414237783
Insoluble_Oxalate,RandomForest,23,1,100035301|F|0-17:C>T-17:C>T,10.344113197748058
Insoluble_Oxalate,RandomForest,23,2,100014138|F|0-28:A>G-28:A>G,9.968189857272518
Insoluble_Oxalate,RandomForest,23,3,100033734|F|0-65:A>G-65:A>G,8.486410403186015
Insoluble_Oxalate,RandomForest,23,4,100013996|F|0-45:C>T-45:C>T,8.17544480691274
Insoluble_Oxalate,RandomForest,23,5,100035901|F|0-29:T>A-29:T>A,7.232913538845343
Insoluble_Oxalate,RandomForest,24,1,100029472|F|0-28:G>A-28:G>A,12.283104157548717
Insoluble_Oxalate,RandomForest,24,2,100058466|F|0-35:C>T-35:C>T,12.144597222473719
Insoluble_Oxalate,RandomForest,24,3,100019198|F|0-35:G>T-35:G>T,8.514341849763255
Insoluble_Oxalate,RandomForest,24,4,100058466|F|0-43:T>C-43:T>C,7.106974613067242
Insoluble_Oxalate,RandomForest,24,5,100034493|F|0-32:C>T-32:C>T,6.439623267188725
Insoluble_Oxalate,RandomForest,25,1,100029472|F|0-28:G>A-28:G>A,11.31600497846988
Insoluble_Oxalate,RandomForest,25,2,100044913|F|0-36:G>T-36:G>T,7.883236547963853
Insoluble_Oxalate,RandomForest,25,3,100042005|F|0-34:A>G-34:A>G,7.418345370734366
Insoluble_Oxalate,RandomForest,25,4,100047252|F|0-57:G>A-57:G>A,6.9497346946980105
Insoluble_Oxalate,RandomForest,25,5,100035301|F|0-17:C>T-17:C>T,6.415487496676482
Insoluble_Oxalate,RandomForest,26,1,100020363|F|0-42:C>T-42:C>T,7.283314335755582
Insoluble_Oxalate,RandomForest,26,2,100019282|F|0-52:T>A-52:T>A,4.297242451722728
Insoluble_Oxalate,RandomForest,26,3,100019334|F|0-53:T>C-53:T>C,4.272146174345899
Insoluble_Oxalate,RandomForest,26,4,100034680|F|0-38:A>C-38:A>C,3.4540009411552672
Insoluble_Oxalate,RandomForest,26,5,100019311|F|0-11:C>A-11:C>A,3.422123288971141
Insoluble_Oxalate,RandomForest,27,1,100022316|F|0-39:A>G-39:A>G,11.681441644819875
Insoluble_Oxalate,RandomForest,27,2,100016813|F|0-35:C>T-35:C>T,8.640911959475105
Insoluble_Oxalate,RandomForest,27,3,100041134|F|0-8:G>C-8:G>C,8.057364159956812
Insoluble_Oxalate,RandomForest,27,4,100044964|F|0-65:T>A-65:T>A,7.522753970276537
Insoluble_Oxalate,RandomForest,27,5,100038790|F|0-27:T>A-27:T>A,7.063338404147052
Insoluble_Oxalate,RandomForest,28,1,100015009|F|0-50:G>A-50:G>A,8.025951730042761
Insoluble_Oxalate,RandomForest,28,2,100030726|F|0-25:C>G-25:C>G,7.9572466255418215
Insoluble_Oxalate,RandomForest,28,3,100013964|F|0-14:T>G-14:T>G,6.994025405422848
Insoluble_Oxalate,RandomForest,28,4,100018025|F|0-39:C>T-39:C>T,6.874722055178292
Insoluble_Oxalate,RandomForest,28,5,100015285|F|0-54:T>C-54:T>C,5.127587232903622
Insoluble_Oxalate,RandomForest,29,1,100035301|F|0-17:C>T-17:C>T,14.86221130758122
Insoluble_Oxalate,RandomForest,29,2,100045520|F|0-63:C>T-63:C>T,9.644392030641587
Insoluble_Oxalate,RandomForest,29,3,100035171|F|0-38:C>T-38:C>T,6.538512542442324
Insoluble_Oxalate,RandomForest,29,4,100021487|F|0-66:T>G-66:T>G,6.063485118277656
Insoluble_Oxalate,RandomForest,29,5,100044425|F|0-30:C>T-30:C>T,5.356157734180858
Seed_Length,RandomForest,0,1,100058484|F|0-60:G>A-60:G>A,0.014149519023063497
Seed_Length,RandomForest,0,2,100033134|F|0-15:C>T-15:C>T,0.014018778069403654
Seed_Length,RandomForest,0,3,100021344|F|0-55:A>T-55:A>T,0.011473967384857784
Seed_Length,RandomForest,0,4,100017692|F|0-31:G>T-31:G>T,0.010278086230174026
Seed_Length,RandomForest,0,5,100015370|F|0-45:C>T-45:C>T,0.00979761873415738
Seed_Length,RandomForest,1,1,100015991|F|0-42:T>C-42:T>C,0.017065108978865904
Seed_Length,RandomForest,1,2,100040329|F|0-26:A>G-26:A>G,0.01265910370811572
Seed_Length,RandomForest,1,3,100017206|F|0-15:G>C-15:G>C,0.0099348451557564
Seed_Length,RandomForest,1,4,100014127|F|0-16:C>T-16:C>T,0.009656102209784533
Seed_Length,RandomForest,1,5,100046739|F|0-18:T>G-18:T>G,0.008839211861599377
Seed_Length,RandomForest,2,1,100022222|F|0-28:C>A-28:C>A,0.016748308459846886
Seed_Length,RandomForest,2,2,100047059|F|0-34:G>T-34:G>T,0.013775446287637827
Seed_Length,RandomForest,2,3,100013877|F|0-19:G>T-19:G>T,0.009599593416352897
Seed_Length,RandomForest,2,4,100034274|F|0-23:G>T-23:G>T,0.008898204893333239
Seed_Length,RandomForest,2,5,100030037|F|0-16:T>A-16:T>A,0.008298587838636521
Seed_Length,RandomForest,3,1,100058484|F|0-60:G>A-60:G>A,0.01568155675325416
Seed_Length,RandomForest,3,2,100021344|F|0-55:A>T-55:A>T,0.015112385887713036
Seed_Length,RandomForest,3,3,100033134|F|0-15:C>T-15:C>T,0.011112641719034281
Seed_Length,RandomForest,3,4,100022059|F|0-28:G>C-28:G>C,0.010223458623376588
Seed_Length,RandomForest,3,5,100016871|F|0-26:A>G-26:A>G,0.009201475569713301
Seed_Length,RandomForest,4,1,100041853|F|0-27:G>A-27:G>A,0.011735943333715576
Seed_Length,RandomForest,4,2,100013031|F|0-8:C>T-8:C>T,0.011674362440951592
Seed_Length,RandomForest,4,3,100020050|F|0-34:T>G-34:T>G,0.010760213131155123
Seed_Length,RandomForest,4,4,100052747|F|0-12:T>G-12:T>G,0.010741834919143023
Seed_Length,RandomForest,4,5,100038699|F|0-6:A>C-6:A>C,0.009157038882464927
Seed_Length,RandomForest,5,1,100015597|F|0-7:A>G-7:A>G,0.013446758871911782
Seed_Length,RandomForest,5,2,100020050|F|0-34:T>G-34:T>G,0.009857621384475344
Seed_Length,RandomForest,5,3,100014127|F|0-16:C>T-16:C>T,0.008968078924909648
Seed_Length,RandomForest,5,4,100028579|F|0-16:T>A-16:T>A,0.00896540503292101
Seed_Length,RandomForest,5,5,100028230|F|0-30:T>C-30:T>C,0.008481936935955496
Seed_Length,RandomForest,6,1,100047059|F|0-34:G>T-34:G>T,0.015484039877306588
Seed_Length,RandomForest,6,2,100030265|F|0-5:T>C-5:T>C,0.008951352917883558
Seed_Length,RandomForest,6,3,100032980|F|0-45:T>A-45:T>A,0.006848804210855322
Seed_Length,RandomForest,6,4,100020050|F|0-34:T>G-34:T>G,0.006225933533069277
Seed_Length,RandomForest,6,5,100016088|F|0-16:G>A-16:G>A,0.005780774858249135
Seed_Length,RandomForest,7,1,100016381|F|0-40:C>G-40:C>G,0.025872878633645756
Seed_Length,RandomForest,7,2,100016646|F|0-38:G>A-38:G>A,0.010013158576395615
Seed_Length,RandomForest,7,3,100021616|F|0-67:G>T-67:G>T,0.008046834770154651
Seed_Length,RandomForest,7,4,100047059|F|0-34:G>T-34:G>T,0.007905988955793987
Seed_Length,RandomForest,7,5,100019590|F|0-61:C>T-61:C>T,0.0072258110093105996
Seed_Length,RandomForest,8,1,100017692|F|0-31:G>T-31:G>T,0.013604829283620334
Seed_Length,RandomForest,8,2,100013031|F|0-8:C>T-8:C>T,0.012427304305769177
Seed_Length,RandomForest,8,3,100036188|F|0-25:T>C-25:T>C,0.01221853938418105
Seed_Length,RandomForest,8,4,100034507|F|0-30:A>G-30:A>G,0.009960775530159512
Seed_Length,RandomForest,8,5,100049761|F|0-12:A>G-12:A>G,0.008955424435999915
Seed_Length,RandomForest,9,1,100013031|F|0-8:C>T-8:C>T,0.024181779149948915
Seed_Length,RandomForest,9,2,100014878|F|0-32:G>A-32:G>A,0.016341067623693785
Seed_Length,RandomForest,9,3,100017505|F|0-35:A>G-35:A>G,0.01352037114516157
Seed_Length,RandomForest,9,4,100017692|F|0-31:G>T-31:G>T,0.012642720274649305
Seed_Length,RandomForest,9,5,100028837|F|0-16:A>C-16:A>C,0.011449937537751012
Seed_Length,RandomForest,10,1,100044894|F|0-39:G>A-39:G>A,0.019719725649750146
Seed_Length,RandomForest,10,2,100040044|F|0-66:G>T-66:G>T,0.012857398416721977
Seed_Length,RandomForest,10,3,100020050|F|0-34:T>G-34:T>G,0.01023467772313941
Seed_Length,RandomForest,10,4,100013936|F|0-38:C>A-38:C>A,0.010188291037175485
Seed_Length,RandomForest,10,5,100017545|F|0-17:T>C-17:T>C,0.00918817771312567
Seed_Length,RandomForest,11,1,100033734|F|0-65:A>G-65:A>G,0.011069909982066618
Seed_Length,RandomForest,11,2,100033304|F|0-17:G>A-17:G>A,0.010838510382104016
Seed_Length,RandomForest,11,3,100016636|F|0-57:G>T-57:G>T,0.009767232954471301
Seed_Length,RandomForest,11,4,100056034|F|0-41:G>T-41:G>T,0.008963805478061672
Seed_Length,RandomForest,11,5,100013031|F|0-8:C>T-8:C>T,0.007883066064960313
Seed_Length,RandomForest,12,1,100029202|F|0-28:C>T-28:C>T,0.010178803831238365
Seed_Length,RandomForest,12,2,100029219|F|0-13:A>G-13:A>G,0.008944042588178694
Seed_Length,RandomForest,12,3,100030265|F|0-5:T>C-5:T>C,0.007275339808175118
Seed_Length,RandomForest,12,4,100036187|F|0-16:T>C-16:T>C,0.006689713073942288
Seed_Length,RandomForest,12,5,100041853|F|0-27:G>A-27:G>A,0.006681448422030776
Seed_Length,RandomForest,13,1,100036188|F|0-25:T>C-25:T>C,0.020272947133159407
Seed_Length,RandomForest,13,2,100013358|F|0-37:G>A-37:G>A,0.015544566511410994
Seed_Length,RandomForest,13,3,100036187|F|0-16:T>C-16:T>C,0.014248679457327376
Seed_Length,RandomForest,13,4,100018871|F|0-15:C>A-15:C>A,0.01415288775538191
Seed_Length,RandomForest,13,5,100029219|F|0-13:A>G-13:A>G,0.013922367909508408
Seed_Length,RandomForest,14,1,100013622|F|0-50:C>T-50:C>T,0.01886735270991578
Seed_Length,RandomForest,14,2,100017329|F|0-16:T>C-16:T>C,0.015315131990382284
Seed_Length,RandomForest,14,3,100054119|F|0-9:A>T-9:A>T,0.015212877743120167
Seed_Length,RandomForest,14,4,100038699|F|0-6:A>C-6:A>C,0.010211019961632869
Seed_Length,RandomForest,14,5,100052747|F|0-12:T>G-12:T>G,0.009441127390768819
Seed_Length,RandomForest,15,1,100013936|F|0-38:C>A-38:C>A,0.01563082290157589
Seed_Length,RandomForest,15,2,100015327|F|0-43:T>G-43:T>G,0.013429608058253547
Seed_Length,RandomForest,15,3,100013358|F|0-37:G>A-37:G>A,0.011230522611845515
Seed_Length,RandomForest,15,4,100017365|F|0-6:C>T-6:C>T,0.010652718379004661
Seed_Length,RandomForest,15,5,100014532|F|0-40:A>C-40:A>C,0.00967796086365108
Seed_Length,RandomForest,16,1,100020050|F|0-34:T>G-34:T>G,0.01048059283101111
Seed_Length,RandomForest,16,2,100033134|F|0-15:C>T-15:C>T,0.008182460713983515
Seed_Length,RandomForest,16,3,100021344|F|0-55:A>T-55:A>T,0.008099786975671448
Seed_Length,RandomForest,16,4,100035442|F|0-6:A>T-6:A>T,0.008064857998381629
Seed_Length,RandomForest,16,5,100044261|F|0-5:T>A-5:T>A,0.007993944476178825
Seed_Length,RandomForest,17,1,100015053|F|0-21:C>T-21:C>T,0.011465246404363295
Seed_Length,RandomForest,17,2,100017910|F|0-52:G>A-52:G>A,0.009722865234792797
Seed_Length,RandomForest,17,3,100017206|F|0-15:G>C-15:G>C,0.009548517443980404
Seed_Length,RandomForest,17,4,100043978|F|0-67:T>A-67:T>A,0.00919271766533563
Seed_Length,RandomForest,17,5,100033134|F|0-15:C>T-15:C>T,0.00901297854923262
Seed_Length,RandomForest,18,1,100035304|F|0-43:G>A-43:G>A,0.008471305374435138
Seed_Length,RandomForest,18,2,100017048|F|0-68:G>T-68:G>T,0.0079669863133407
Seed_Length,RandomForest,18,3,100020682|F|0-60:A>G-60:A>G,0.007893703869134626
Seed_Length,RandomForest,18,4,100040647|F|0-14:T>A-14:T>A,0.007099193883116422
Seed_Length,RandomForest,18,5,100021620|F|0-68:T>C-68:T>C,0.006634697853266628
Seed_Length,RandomForest,19,1,100020050|F|0-34:T>G-34:T>G,0.023922054314148934
Seed_Length,RandomForest,19,2,100041853|F|0-27:G>A-27:G>A,0.01784958489236504
Seed_Length,RandomForest,19,3,100014483|F|0-57:T>A-57:T>A,0.010411268666679067
Seed_Length,RandomForest,19,4,100040003|F|0-60:C>T-60:C>T,0.009144745321295679
Seed_Length,RandomForest,19,5,100030037|F|0-16:T>A-16:T>A,0.006952557952430344
Seed_Length,RandomForest,20,1,100015143|F|0-64:A>T-64:A>T,0.013708047684634355
Seed_Length,RandomForest,20,2,100041853|F|0-27:G>A-27:G>A,0.013684817318103674
Seed_Length,RandomForest,20,3,100028511|F|0-5:C>A-5:C>A,0.013640604655754377
Seed_Length,RandomForest,20,4,100020050|F|0-34:T>G-34:T>G,0.012826291639706002
Seed_Length,RandomForest,20,5,100016381|F|0-40:C>G-40:C>G,0.010771403825567676
Seed_Length,RandomForest,21,1,100021344|F|0-55:A>T-55:A>T,0.01290861933718772
Seed_Length,RandomForest,21,2,100058484|F|0-60:G>A-60:G>A,0.011395610225172168
Seed_Length,RandomForest,21,3,100056034|F|0-41:G>T-41:G>T,0.011097040245357227
Seed_Length,RandomForest,21,4,100033134|F|0-15:C>T-15:C>T,0.01077144905611291
Seed_Length,RandomForest,21,5,100036100|F|0-32:C>T-32:C>T,0.00894059058831894
Seed_Length,RandomForest,22,1,100016381|F|0-40:C>G-40:C>G,0.014315985890284034
Seed_Length,RandomForest,22,2,100035100|F|0-8:T>C-8:T>C,0.012746589462318596
Seed_Length,RandomForest,22,3,100014127|F|0-16:C>T-16:C>T,0.010181106590832918
Seed_Length,RandomForest,22,4,100034179|F|0-50:C>T-50:C>T,0.010051359589653698
Seed_Length,RandomForest,22,5,100015991|F|0-42:T>C-42:T>C,0.0062987637053693365
Seed_Length,RandomForest,23,1,100013877|F|0-19:G>T-19:G>T,0.012604512692437505
Seed_Length,RandomForest,23,2,100020050|F|0-34:T>G-34:T>G,0.011966742481189037
Seed_Length,RandomForest,23,3,100032852|F|0-43:C>T-43:C>T,0.01011148900915992
Seed_Length,RandomForest,23,4,100013031|F|0-8:C>T-8:C>T,0.008915424433441265
Seed_Length,RandomForest,23,5,100018389|F|0-25:G>T-25:G>T,0.00843223254465646
Seed_Length,RandomForest,24,1,100033333|F|0-30:G>A-30:G>A,0.014147571028350816
Seed_Length,RandomForest,24,2,100038699|F|0-6:A>C-6:A>C,0.013681632551598145
Seed_Length,RandomForest,24,3,100029349|F|0-21:A>C-21:A>C,0.013138575123275495
Seed_Length,RandomForest,24,4,100052747|F|0-12:T>G-12:T>G,0.011191253755374667
Seed_Length,RandomForest,24,5,100021123|F|0-50:T>C-50:T>C,0.01074511900603323
Seed_Length,RandomForest,25,1,100014483|F|0-57:T>A-57:T>A,0.01653405378174407
Seed_Length,RandomForest,25,2,100020050|F|0-34:T>G-34:T>G,0.01108442498635905
Seed_Length,RandomForest,25,3,100016381|F|0-40:C>G-40:C>G,0.011049933378522288
Seed_Length,RandomForest,25,4,100020673|F|0-43:T>A-43:T>A,0.009071046160709566
Seed_Length,RandomForest,25,5,100040047|F|0-6:G>A-6:G>A,0.007757296519288858
Seed_Length,RandomForest,26,1,100034507|F|0-30:A>G-30:A>G,0.022849170449046743
Seed_Length,RandomForest,26,2,100036100|F|0-32:C>T-32:C>T,0.012492448639334453
Seed_Length,RandomForest,26,3,100017365|F|0-6:C>T-6:C>T,0.011113289650979784
Seed_Length,RandomForest,26,4,100019141|F|0-40:G>A-40:G>A,0.009352162988897114
Seed_Length,RandomForest,26,5,100038699|F|0-6:A>C-6:A>C,0.007162581130117838
Seed_Length,RandomForest,27,1,100041853|F|0-27:G>A-27:G>A,0.028018223022144788
Seed_Length,RandomForest,27,2,100028837|F|0-16:A>C-16:A>C,0.013191913250442045
Seed_Length,RandomForest,27,3,100058976|F|0-14:G>A-14:G>A,0.011887095012064091
Seed_Length,RandomForest,27,4,100056034|F|0-41:G>T-41:G>T,0.0108642098352324
Seed_Length,RandomForest,27,5,100018389|F|0-25:G>T-25:G>T,0.010718893988492977
Seed_Length,RandomForest,28,1,100014483|F|0-57:T>A-57:T>A,0.024104584522212685
Seed_Length,RandomForest,28,2,100047059|F|0-34:G>T-34:G>T,0.02197924729814846
Seed_Length,RandomForest,28,3,100020050|F|0-34:T>G-34:T>G,0.017058537884986128
Seed_Length,RandomForest,28,4,100042001|F|0-12:C>A-12:C>A,0.010243415438155197
Seed_Length,RandomForest,28,5,100013138|F|0-58:G>A-58:G>A,0.009965665872004552
Seed_Length,RandomForest,29,1,100043978|F|0-67:T>A-67:T>A,0.035665597202226056
Seed_Length,RandomForest,29,2,100014483|F|0-57:T>A-57:T>A,0.030329973930487742
Seed_Length,RandomForest,29,3,100017206|F|0-15:G>C-15:G>C,0.015584536473874241
Seed_Length,RandomForest,29,4,100013031|F|0-8:C>T-8:C>T,0.013162469700718079
Seed_Length,RandomForest,29,5,100021123|F|0-50:T>C-50:T>C,0.011980247418655688
Seed_Thickness,LightGBM,0,1,100035958|F|0-25:C>T-25:C>T,0.056396180953025024
Seed_Thickness,LightGBM,0,2,100021017|F|0-55:C>T-55:C>T,0.03773139730005978
Seed_Thickness,LightGBM,0,3,100016503|F|0-64:G>C-64:G>C,0.03666548337406321
Seed_Thickness,LightGBM,0,4,100048192|F|0-15:C>T-15:C>T,0.031210407402356845
Seed_Thickness,LightGBM,0,5,100033819|F|0-67:C>G-67:C>G,0.027329349332033185
Seed_Thickness,LightGBM,1,1,100028702|F|0-38:A>G-38:A>G,0.07419641921418142
Seed_Thickness,LightGBM,1,2,100035958|F|0-25:C>T-25:C>T,0.04956817454949784
Seed_Thickness,LightGBM,1,3,100035121|F|0-27:C>T-27:C>T,0.03652836093414485
Seed_Thickness,LightGBM,1,4,100021909|F|0-26:T>C-26:T>C,0.031729673624785244
Seed_Thickness,LightGBM,1,5,100041762|F|0-5:T>C-5:T>C,0.02756466207414779
Seed_Thickness,LightGBM,2,1,100040406|F|0-25:G>A-25:G>A,0.0779795610376693
Seed_Thickness,LightGBM,2,2,100021397|F|0-9:C>T-9:C>T,0.04710759444498334
Seed_Thickness,LightGBM,2,3,100020211|F|0-33:C>A-33:C>A,0.03497874599428751
Seed_Thickness,LightGBM,2,4,100021416|F|0-50:T>G-50:T>G,0.02987348214680401
Seed_Thickness,LightGBM,2,5,100029801|F|0-44:C>T-44:C>T,0.020925047649887403
Seed_Thickness,LightGBM,3,1,100038609|F|0-8:A>T-8:A>T,0.06262976147528031
Seed_Thickness,LightGBM,3,2,100041762|F|0-5:T>C-5:T>C,0.04402303952526792
Seed_Thickness,LightGBM,3,3,100021416|F|0-50:T>G-50:T>G,0.03367341680942591
Seed_Thickness,LightGBM,3,4,100035121|F|0-27:C>T-27:C>T,0.029726134983289357
Seed_Thickness,LightGBM,3,5,100022222|F|0-28:C>A-28:C>A,0.028982966558671715
Seed_Thickness,LightGBM,4,1,100021017|F|0-55:C>T-55:C>T,0.039768625032629894
Seed_Thickness,LightGBM,4,2,100046200|F|0-31:A>C-31:A>C,0.03717784275136648
Seed_Thickness,LightGBM,4,3,100017460|F|0-50:C>T-50:C>T,0.03567331759156665
Seed_Thickness,LightGBM,4,4,100028702|F|0-38:A>G-38:A>G,0.031510338048341524
Seed_Thickness,LightGBM,4,5,100017265|F|0-28:G>A-28:G>A,0.02763798366639969
Seed_Thickness,LightGBM,5,1,100016587|F|0-41:C>T-41:C>T,0.06348944669021027
Seed_Thickness,LightGBM,5,2,100032753|F|0-47:A>G-47:A>G,0.0547432649026372
Seed_Thickness,LightGBM,5,3,100035958|F|0-25:C>T-25:C>T,0.035466896239542973
Seed_Thickness,LightGBM,5,4,100041762|F|0-5:T>C-5:T>C,0.03181942041749577
Seed_Thickness,LightGBM,5,5,100040243|F|0-44:T>G-44:T>G,0.029024236897044243
Seed_Thickness,LightGBM,6,1,100014679|F|0-16:C>A-16:C>A,0.03876746787691694
Seed_Thickness,LightGBM,6,2,100021054|F|0-18:A>G-18:A>G,0.036575335097009894
Seed_Thickness,LightGBM,6,3,100020211|F|0-33:C>A-33:C>A,0.03197655612467396
Seed_Thickness,LightGBM,6,4,100014028|F|0-53:G>A-53:G>A,0.03022655249751823
Seed_Thickness,LightGBM,6,5,100034034|F|0-18:A>G-18:A>G,0.02500369441077139
Seed_Thickness,LightGBM,7,1,100040406|F|0-25:G>A-25:G>A,0.0619903388616605
Seed_Thickness,LightGBM,7,2,100016651|F|0-34:T>C-34:T>C,0.03793212066700605
Seed_Thickness,LightGBM,7,3,100022245|F|0-8:T>C-8:T>C,0.03497335022784841
Seed_Thickness,LightGBM,7,4,100019661|F|0-30:A>T-30:A>T,0.03482044569212169
Seed_Thickness,LightGBM,7,5,100016587|F|0-41:C>T-41:C>T,0.02786930182839943
Seed_Thickness,LightGBM,8,1,100014230|F|0-12:A>G-12:A>G,0.05882455490365785
Seed_Thickness,LightGBM,8,2,100041762|F|0-5:T>C-5:T>C,0.05264038125688642
Seed_Thickness,LightGBM,8,3,100032753|F|0-47:A>G-47:A>G,0.03845814467703484
Seed_Thickness,LightGBM,8,4,100015331|F|0-40:A>G-40:A>G,0.03720009431669565
Seed_Thickness,LightGBM,8,5,100034038|F|0-64:A>C-64:A>C,0.034761440100721255
Seed_Thickness,LightGBM,9,1,100028702|F|0-38:A>G-38:A>G,0.07608954473637318
Seed_Thickness,LightGBM,9,2,100035958|F|0-25:C>T-25:C>T,0.07091312192781836
Seed_Thickness,LightGBM,9,3,100060618|F|0-5:A>G-5:A>G,0.0431599106580222
Seed_Thickness,LightGBM,9,4,100016754|F|0-66:C>A-66:C>A,0.03719332382424687
Seed_Thickness,LightGBM,9,5,100033134|F|0-15:C>T-15:C>T,0.029689314111892736
Seed_Thickness,LightGBM,10,1,100041229|F|0-52:A>T-52:A>T,0.04665698524846323
Seed_Thickness,LightGBM,10,2,100043997|F|0-34:A>G-34:A>G,0.041764185376101416
Seed_Thickness,LightGBM,10,3,100041762|F|0-5:T>C-5:T>C,0.030575371367014513
Seed_Thickness,LightGBM,10,4,100022008|F|0-51:G>C-51:G>C,0.028975877672154565
Seed_Thickness,LightGBM,10,5,100017267|F|0-60:T>C-60:T>C,0.027871130400961994
Seed_Thickness,LightGBM,11,1,100035865|F|0-64:G>A-64:G>A,0.04118770011380592
Seed_Thickness,LightGBM,11,2,100033896|F|0-41:A>G-41:A>G,0.037678063373829174
Seed_Thickness,LightGBM,11,3,100013340|F|0-36:T>A-36:T>A,0.02662587612171525
Seed_Thickness,LightGBM,11,4,100014679|F|0-16:C>A-16:C>A,0.026063044788184678
Seed_Thickness,LightGBM,11,5,100014420|F|0-6:A>T-6:A>T,0.02559036911675069
Seed_Thickness,LightGBM,12,1,100029472|F|0-28:G>A-28:G>A,0.05501233867899146
Seed_Thickness,LightGBM,12,2,100034157|F|0-53:C>A-53:C>A,0.04463676004886121
Seed_Thickness,LightGBM,12,3,100021416|F|0-50:T>G-50:T>G,0.04392652924130089
Seed_Thickness,LightGBM,12,4,100035958|F|0-25:C>T-25:C>T,0.0408213626175548
Seed_Thickness,LightGBM,12,5,100041762|F|0-5:T>C-5:T>C,0.03765281519049307
Seed_Thickness,LightGBM,13,1,100019588|F|0-22:A>G-22:A>G,0.06735732181462999
Seed_Thickness,LightGBM,13,2,100034157|F|0-53:C>A-53:C>A,0.040512228925458714
Seed_Thickness,LightGBM,13,3,100044112|F|0-18:T>G-18:T>G,0.029306368665728166
Seed_Thickness,LightGBM,13,4,100029251|F|0-32:C>A-32:C>A,0.02785828026214139
Seed_Thickness,LightGBM,13,5,100014497|F|0-28:A>G-28:A>G,0.02778094266505804
Seed_Thickness,LightGBM,14,1,100021344|F|0-55:A>T-55:A>T,0.052946382214006646
Seed_Thickness,LightGBM,14,2,100017031|F|0-21:G>T-21:G>T,0.036545946999889195
Seed_Thickness,LightGBM,14,3,100014127|F|0-16:C>T-16:C>T,0.035773696894096034
Seed_Thickness,LightGBM,14,4,100041774|F|0-19:G>A-19:G>A,0.035047770322888486
Seed_Thickness,LightGBM,14,5,100043997|F|0-34:A>G-34:A>G,0.030008224192153928
Seed_Thickness,LightGBM,15,1,100017507|F|0-36:T>C-36:T>C,0.05086247500358964
Seed_Thickness,LightGBM,15,2,100016754|F|0-66:C>A-66:C>A,0.03040389846158909
Seed_Thickness,LightGBM,15,3,100060618|F|0-5:A>G-5:A>G,0.025360451892712868
Seed_Thickness,LightGBM,15,4,100020878|F|0-38:C>T-38:C>T,0.02298498998117372
Seed_Thickness,LightGBM,15,5,100017460|F|0-50:C>T-50:C>T,0.022316624494781456
Seed_Thickness,LightGBM,16,1,100032753|F|0-47:A>G-47:A>G,0.06702460655553448
Seed_Thickness,LightGBM,16,2,100019141|F|0-40:G>A-40:G>A,0.03965097642476717
Seed_Thickness,LightGBM,16,3,100017065|F|0-46:G>A-46:G>A,0.0289225692820474
Seed_Thickness,LightGBM,16,4,100029339|F|0-11:C>T-11:C>T,0.026758183577833237
Seed_Thickness,LightGBM,16,5,100021017|F|0-55:C>T-55:C>T,0.02485144497352613
Seed_Thickness,LightGBM,17,1,100029251|F|0-32:C>A-32:C>A,0.04302737386085515
Seed_Thickness,LightGBM,17,2,100015147|F|0-16:C>G-16:C>G,0.040175235973405145
Seed_Thickness,LightGBM,17,3,100020211|F|0-33:C>A-33:C>A,0.03459004852486627
Seed_Thickness,LightGBM,17,4,100014526|F|0-10:T>C-10:T>C,0.03446211959469229
Seed_Thickness,LightGBM,17,5,100021017|F|0-55:C>T-55:C>T,0.03377676177224684
Seed_Thickness,LightGBM,18,1,100032753|F|0-47:A>G-47:A>G,0.05437854909930011
Seed_Thickness,LightGBM,18,2,100016587|F|0-41:C>T-41:C>T,0.04045484883282553
Seed_Thickness,LightGBM,18,3,100021056|F|0-55:T>C-55:T>C,0.0390999114653189
Seed_Thickness,LightGBM,18,4,100043997|F|0-34:A>G-34:A>G,0.03575914519844506
Seed_Thickness,LightGBM,18,5,100035857|F|0-32:C>A-32:C>A,0.030882713614379383
Seed_Thickness,LightGBM,19,1,100038609|F|0-8:A>T-8:A>T,0.08371538989946681
Seed_Thickness,LightGBM,19,2,100035958|F|0-25:C>T-25:C>T,0.06041785098949643
Seed_Thickness,LightGBM,19,3,100021017|F|0-55:C>T-55:C>T,0.05014480675322804
Seed_Thickness,LightGBM,19,4,100032753|F|0-47:A>G-47:A>G,0.04859982877562513
Seed_Thickness,LightGBM,19,5,100016587|F|0-41:C>T-41:C>T,0.03854054706810342
Seed_Thickness,LightGBM,20,1,100021017|F|0-55:C>T-55:C>T,0.047238993093783904
Seed_Thickness,LightGBM,20,2,100015147|F|0-16:C>G-16:C>G,0.0458931255136224
Seed_Thickness,LightGBM,20,3,100035958|F|0-25:C>T-25:C>T,0.04264479349264546
Seed_Thickness,LightGBM,20,4,100016517|F|0-35:T>A-35:T>A,0.03272047203257116
Seed_Thickness,LightGBM,20,5,100022222|F|0-28:C>A-28:C>A,0.02748992776778918
Seed_Thickness,LightGBM,21,1,100016587|F|0-41:C>T-41:C>T,0.06721778161100464
Seed_Thickness,LightGBM,21,2,100040406|F|0-25:G>A-25:G>A,0.05141672322520805
Seed_Thickness,LightGBM,21,3,100032753|F|0-47:A>G-47:A>G,0.051229688090417135
Seed_Thickness,LightGBM,21,4,100040378|F|0-57:G>A-57:G>A,0.04350163859494181
Seed_Thickness,LightGBM,21,5,100040147|F|0-11:C>G-11:C>G,0.04105840018251522
Seed_Thickness,LightGBM,22,1,100035958|F|0-25:C>T-25:C>T,0.05475769648071719
Seed_Thickness,LightGBM,22,2,100035736|F|0-29:C>T-29:C>T,0.05351386177864756
Seed_Thickness,LightGBM,22,3,100041762|F|0-5:T>C-5:T>C,0.045806837856267074
Seed_Thickness,LightGBM,22,4,100029801|F|0-44:C>T-44:C>T,0.036750141592525654
Seed_Thickness,LightGBM,22,5,100038609|F|0-8:A>T-8:A>T,0.03560988304050225
Seed_Thickness,LightGBM,23,1,100040406|F|0-25:G>A-25:G>A,0.04707815925844196
Seed_Thickness,LightGBM,23,2,100038609|F|0-8:A>T-8:A>T,0.046581585799989556
Seed_Thickness,LightGBM,23,3,100035121|F|0-27:C>T-27:C>T,0.04454563430611358
Seed_Thickness,LightGBM,23,4,100021798|F|0-27:T>C-27:T>C,0.03872884533827318
Seed_Thickness,LightGBM,23,5,100041762|F|0-5:T>C-5:T>C,0.033055660020969664
Seed_Thickness,LightGBM,24,1,100032753|F|0-47:A>G-47:A>G,0.05935737557881853
Seed_Thickness,LightGBM,24,2,100028702|F|0-38:A>G-38:A>G,0.03861304116268431
Seed_Thickness,LightGBM,24,3,100040406|F|0-25:G>A-25:G>A,0.03840510635000253
Seed_Thickness,LightGBM,24,4,100033819|F|0-67:C>G-67:C>G,0.03373446320549001
Seed_Thickness,LightGBM,24,5,100041762|F|0-5:T>C-5:T>C,0.030521712045575595
Seed_Thickness,LightGBM,25,1,100022222|F|0-28:C>A-28:C>A,0.03931758908250559
Seed_Thickness,LightGBM,25,2,100020211|F|0-33:C>A-33:C>A,0.03702253124821029
Seed_Thickness,LightGBM,25,3,100021054|F|0-18:A>G-18:A>G,0.03260515832815098
Seed_Thickness,LightGBM,25,4,100032753|F|0-47:A>G-47:A>G,0.02618264544702064
Seed_Thickness,LightGBM,25,5,100035290|F|0-26:T>C-26:T>C,0.021687618955148577
Seed_Thickness,LightGBM,26,1,100021017|F|0-55:C>T-55:C>T,0.050095857430488056
Seed_Thickness,LightGBM,26,2,100030222|F|0-14:T>A-14:T>A,0.04250214646536706
Seed_Thickness,LightGBM,26,3,100035121|F|0-27:C>T-27:C>T,0.024034373288581583
Seed_Thickness,LightGBM,26,4,100018697|F|0-15:T>C-15:T>C,0.02342423268310375
Seed_Thickness,LightGBM,26,5,100032815|F|0-7:G>A-7:G>A,0.02264697428359005
Seed_Thickness,LightGBM,27,1,100041762|F|0-5:T>C-5:T>C,0.060801708263501716
Seed_Thickness,LightGBM,27,2,100014059|F|0-25:C>G-25:C>G,0.039937163225743616
Seed_Thickness,LightGBM,27,3,100035958|F|0-25:C>T-25:C>T,0.03819504708518223
Seed_Thickness,LightGBM,27,4,100016587|F|0-41:C>T-41:C>T,0.037232858368156554
Seed_Thickness,LightGBM,27,5,100019896|F|0-32:C>T-32:C>T,0.03129434300175926
Seed_Thickness,LightGBM,28,1,100035958|F|0-25:C>T-25:C>T,0.05286171817505033
Seed_Thickness,LightGBM,28,2,100034157|F|0-53:C>A-53:C>A,0.03861996664988715
Seed_Thickness,LightGBM,28,3,100033415|F|0-29:T>C-29:T>C,0.03780015965754019
Seed_Thickness,LightGBM,28,4,100060618|F|0-5:A>G-5:A>G,0.03138440334495806
Seed_Thickness,LightGBM,28,5,100034817|F|0-14:G>A-14:G>A,0.026299215304911038
Seed_Thickness,LightGBM,29,1,100043997|F|0-34:A>G-34:A>G,0.056430951482538724
Seed_Thickness,LightGBM,29,2,100022222|F|0-28:C>A-28:C>A,0.044207705213540435
Seed_Thickness,LightGBM,29,3,100038609|F|0-8:A>T-8:A>T,0.04010692271928443
Seed_Thickness,LightGBM,29,4,100032753|F|0-47:A>G-47:A>G,0.032851887047331094
Seed_Thickness,LightGBM,29,5,100046316|F|0-13:C>A-13:C>A,0.0325465368060006
