trait,model,rs,selection_freq,selection_frac
Seed_Thickness,LightGBM,100035958|F|0-25:C>T-25:C>T,10,0.3333333333333333
Seed_Thickness,LightGBM,100041762|F|0-5:T>C-5:T>C,10,0.3333333333333333
Seed_Thickness,LightGBM,100032753|F|0-47:A>G-47:A>G,9,0.3
Seed_Thickness,LightGBM,100021017|F|0-55:C>T-55:C>T,7,0.23333333333333334
Seed_Thickness,LightGBM,100016587|F|0-41:C>T-41:C>T,6,0.2
Seed_Thickness,LightGBM,100038609|F|0-8:A>T-8:A>T,5,0.16666666666666666
Seed_Thickness,LightGBM,100040406|F|0-25:G>A-25:G>A,5,0.16666666666666666
Seed_Thickness,LightGBM,100022222|F|0-28:C>A-28:C>A,4,0.13333333333333333
Seed_Thickness,LightGBM,100020211|F|0-33:C>A-33:C>A,4,0.13333333333333333
Seed_Thickness,LightGBM,100043997|F|0-34:A>G-34:A>G,4,0.13333333333333333
Seed_Thickness,LightGBM,100028702|F|0-38:A>G-38:A>G,4,0.13333333333333333
Seed_Thickness,LightGBM,100035121|F|0-27:C>T-27:C>T,4,0.13333333333333333
Seed_Thickness,LightGBM,100060618|F|0-5:A>G-5:A>G,3,0.1
Seed_Thickness,LightGBM,100021416|F|0-50:T>G-50:T>G,3,0.1
Seed_Thickness,LightGBM,100034157|F|0-53:C>A-53:C>A,3,0.1
Seed_Thickness,LightGBM,100015147|F|0-16:C>G-16:C>G,2,0.06666666666666667
Seed_Thickness,LightGBM,100021054|F|0-18:A>G-18:A>G,2,0.06666666666666667
Seed_Thickness,LightGBM,100029251|F|0-32:C>A-32:C>A,2,0.06666666666666667
Seed_Thickness,LightGBM,100016754|F|0-66:C>A-66:C>A,2,0.06666666666666667
Seed_Thickness,LightGBM,100014679|F|0-16:C>A-16:C>A,2,0.06666666666666667
Seed_Thickness,LightGBM,100029801|F|0-44:C>T-44:C>T,2,0.06666666666666667
Seed_Thickness,LightGBM,100017460|F|0-50:C>T-50:C>T,2,0.06666666666666667
Seed_Thickness,LightGBM,100033819|F|0-67:C>G-67:C>G,2,0.06666666666666667
Seed_Thickness,LightGBM,100034817|F|0-14:G>A-14:G>A,1,0.03333333333333333
Seed_Thickness,LightGBM,100041774|F|0-19:G>A-19:G>A,1,0.03333333333333333
Seed_Thickness,LightGBM,100021344|F|0-55:A>T-55:A>T,1,0.03333333333333333
Seed_Thickness,LightGBM,100014127|F|0-16:C>T-16:C>T,1,0.03333333333333333
Seed_Thickness,LightGBM,100033415|F|0-29:T>C-29:T>C,1,0.03333333333333333
Seed_Thickness,LightGBM,100020878|F|0-38:C>T-38:C>T,1,0.03333333333333333
Seed_Thickness,LightGBM,100017507|F|0-36:T>C-36:T>C,1,0.03333333333333333
Seed_Thickness,LightGBM,100029339|F|0-11:C>T-11:C>T,1,0.03333333333333333
Seed_Thickness,LightGBM,100019141|F|0-40:G>A-40:G>A,1,0.03333333333333333
Seed_Thickness,LightGBM,100017065|F|0-46:G>A-46:G>A,1,0.03333333333333333
Seed_Thickness,LightGBM,100014526|F|0-10:T>C-10:T>C,1,0.03333333333333333
Seed_Thickness,LightGBM,100018697|F|0-15:T>C-15:T>C,1,0.03333333333333333
Seed_Thickness,LightGBM,100030222|F|0-14:T>A-14:T>A,1,0.03333333333333333
Seed_Thickness,LightGBM,100021056|F|0-55:T>C-55:T>C,1,0.03333333333333333
Seed_Thickness,LightGBM,100019896|F|0-32:C>T-32:C>T,1,0.03333333333333333
Seed_Thickness,LightGBM,100035857|F|0-32:C>A-32:C>A,1,0.03333333333333333
Seed_Thickness,LightGBM,100016517|F|0-35:T>A-35:T>A,1,0.03333333333333333
Seed_Thickness,LightGBM,100040147|F|0-11:C>G-11:C>G,1,0.03333333333333333
Seed_Thickness,LightGBM,100040378|F|0-57:G>A-57:G>A,1,0.03333333333333333
Seed_Thickness,LightGBM,100035736|F|0-29:C>T-29:C>T,1,0.03333333333333333
Seed_Thickness,LightGBM,100021798|F|0-27:T>C-27:T>C,1,0.03333333333333333
Seed_Thickness,LightGBM,100014059|F|0-25:C>G-25:C>G,1,0.03333333333333333
Seed_Thickness,LightGBM,100035290|F|0-26:T>C-26:T>C,1,0.03333333333333333
Seed_Thickness,LightGBM,100032815|F|0-7:G>A-7:G>A,1,0.03333333333333333
Seed_Thickness,LightGBM,100017031|F|0-21:G>T-21:G>T,1,0.03333333333333333
Seed_Thickness,LightGBM,100016503|F|0-64:G>C-64:G>C,1,0.03333333333333333
Seed_Thickness,LightGBM,100044112|F|0-18:T>G-18:T>G,1,0.03333333333333333
Seed_Thickness,LightGBM,100015331|F|0-40:A>G-40:A>G,1,0.03333333333333333
Seed_Thickness,LightGBM,100048192|F|0-15:C>T-15:C>T,1,0.03333333333333333
Seed_Thickness,LightGBM,100021909|F|0-26:T>C-26:T>C,1,0.03333333333333333
Seed_Thickness,LightGBM,100021397|F|0-9:C>T-9:C>T,1,0.03333333333333333
Seed_Thickness,LightGBM,100017265|F|0-28:G>A-28:G>A,1,0.03333333333333333
Seed_Thickness,LightGBM,100046200|F|0-31:A>C-31:A>C,1,0.03333333333333333
Seed_Thickness,LightGBM,100040243|F|0-44:T>G-44:T>G,1,0.03333333333333333
Seed_Thickness,LightGBM,100034034|F|0-18:A>G-18:A>G,1,0.03333333333333333
Seed_Thickness,LightGBM,100014028|F|0-53:G>A-53:G>A,1,0.03333333333333333
Seed_Thickness,LightGBM,100019661|F|0-30:A>T-30:A>T,1,0.03333333333333333
Seed_Thickness,LightGBM,100022245|F|0-8:T>C-8:T>C,1,0.03333333333333333
Seed_Thickness,LightGBM,100016651|F|0-34:T>C-34:T>C,1,0.03333333333333333
Seed_Thickness,LightGBM,100034038|F|0-64:A>C-64:A>C,1,0.03333333333333333
Seed_Thickness,LightGBM,100014497|F|0-28:A>G-28:A>G,1,0.03333333333333333
Seed_Thickness,LightGBM,100014230|F|0-12:A>G-12:A>G,1,0.03333333333333333
Seed_Thickness,LightGBM,100033134|F|0-15:C>T-15:C>T,1,0.03333333333333333
Seed_Thickness,LightGBM,100017267|F|0-60:T>C-60:T>C,1,0.03333333333333333
Seed_Thickness,LightGBM,100041229|F|0-52:A>T-52:A>T,1,0.03333333333333333
Seed_Thickness,LightGBM,100022008|F|0-51:G>C-51:G>C,1,0.03333333333333333
Seed_Thickness,LightGBM,100033896|F|0-41:A>G-41:A>G,1,0.03333333333333333
Seed_Thickness,LightGBM,100014420|F|0-6:A>T-6:A>T,1,0.03333333333333333
Seed_Thickness,LightGBM,100035865|F|0-64:G>A-64:G>A,1,0.03333333333333333
Seed_Thickness,LightGBM,100013340|F|0-36:T>A-36:T>A,1,0.03333333333333333
Seed_Thickness,LightGBM,100029472|F|0-28:G>A-28:G>A,1,0.03333333333333333
Seed_Thickness,LightGBM,100019588|F|0-22:A>G-22:A>G,1,0.03333333333333333
Seed_Thickness,LightGBM,100046316|F|0-13:C>A-13:C>A,1,0.03333333333333333
