cluster,mean,size,trait
K01,653.8609003537154,4,Tannin
K02,488.96953313515866,2,Tannin
K03,560.3482846476701,3,Tannin
K04,533.8018863698163,6,Tannin
K05,506.3766334547646,4,Tannin
K06,604.5112176651644,5,Tannin
K07,659.5726840927193,1,Tannin
K08,826.0110684638951,2,Tannin
K09,525.8452462380396,2,Tannin
K10,595.5813862466402,4,Tannin
K11,588.144001574732,6,Tannin
K12,579.9053738909004,3,Tannin
K13,497.93060924849914,4,Tannin
K14,620.7066394998592,4,Tannin
K15,650.5354995352952,2,Tannin
K16,451.6726617520688,2,Tannin
K17,875.3821617637707,2,Tannin
K18,629.5414541225532,5,Tannin
K19,640.5758012839477,6,Tannin
K20,560.8070539240763,4,Tannin
K21,477.86241694987586,5,Tannin
K22,458.2634482929748,3,Tannin
K23,382.7712201352797,11,Tannin
K24,799.8594666605609,3,Tannin
K01,125.49254639018574,4,Phenol
K02,177.16786480484794,2,Phenol
K03,170.8829985973545,3,Phenol
K04,168.31310490084667,6,Phenol
K05,237.0581488750877,4,Phenol
K06,223.78075978482656,5,Phenol
K07,145.36816826571487,1,Phenol
K08,170.30037872001714,2,Phenol
K09,222.18079731377082,2,Phenol
K10,324.8453067177871,4,Phenol
K11,179.69933355575282,6,Phenol
K12,226.00721860295275,3,Phenol
K13,297.5405399539926,4,Phenol
K14,207.56701748264248,4,Phenol
K15,383.32284489328595,2,Phenol
K16,174.5162026017559,2,Phenol
K17,146.96773839310202,2,Phenol
K18,142.18387613654778,5,Phenol
K19,190.26206639396995,6,Phenol
K20,254.75186838664987,4,Phenol
K21,203.6446160625071,5,Phenol
K22,363.88982786342484,3,Phenol
K23,208.44362046586875,11,Phenol
K24,124.84662067445582,3,Phenol
K01,110.5401473201683,4,Flavonoid
K02,127.41021029424185,2,Flavonoid
K03,138.2283317810111,3,Flavonoid
K04,119.17043976749778,6,Flavonoid
K05,130.47698450895922,4,Flavonoid
K06,154.85257613628679,5,Flavonoid
K07,91.31776346883004,1,Flavonoid
K08,134.4827676607925,2,Flavonoid
K09,150.9600677273712,2,Flavonoid
K10,141.71252129279705,4,Flavonoid
K11,105.17938035405363,6,Flavonoid
K12,134.75587003235668,3,Flavonoid
K13,119.58580110195315,4,Flavonoid
K14,135.83317737843916,4,Flavonoid
K15,127.44430130808652,2,Flavonoid
K16,133.0446819663886,2,Flavonoid
K17,130.18527355413312,2,Flavonoid
K18,138.1299963894893,5,Flavonoid
K19,133.6810918703926,6,Flavonoid
K20,146.9844186235882,4,Flavonoid
K21,137.40266135473985,5,Flavonoid
K22,125.3837649999507,3,Flavonoid
K23,111.1258176666304,11,Flavonoid
K24,146.84676396159796,3,Flavonoid
K01,199.97226304919323,4,Antioxidant
K02,219.6518083181927,2,Antioxidant
K03,296.58429873818795,3,Antioxidant
K04,261.9298530472441,6,Antioxidant
K05,256.0213416491853,4,Antioxidant
K06,284.36157720245325,5,Antioxidant
K07,333.891609437439,1,Antioxidant
K08,276.5384393647291,2,Antioxidant
K09,406.6669568549334,2,Antioxidant
K10,312.29327476741037,4,Antioxidant
K11,284.8966292154767,6,Antioxidant
K12,278.05885175534473,3,Antioxidant
K13,319.61384909673507,4,Antioxidant
K14,279.73240088712987,4,Antioxidant
K15,229.39673674461648,2,Antioxidant
K16,229.02116448753884,2,Antioxidant
K17,316.93533436332984,2,Antioxidant
K18,243.45085665187025,5,Antioxidant
K19,286.7154688398395,6,Antioxidant
K20,367.1731462262263,4,Antioxidant
K21,307.4854664023621,5,Antioxidant
K22,353.338305029801,3,Antioxidant
K23,233.83480210222248,11,Antioxidant
K24,302.3997303154104,3,Antioxidant
K01,9.157520443513222,4,Seed_Length
K02,8.450763616253905,2,Seed_Length
K03,8.570940322793833,3,Seed_Length
K04,8.27828129531562,6,Seed_Length
K05,8.101802432794617,4,Seed_Length
K06,8.807591676302328,5,Seed_Length
K07,8.553832320229223,1,Seed_Length
K08,7.854227198960029,2,Seed_Length
K09,8.218122827281046,2,Seed_Length
K10,8.502929001123047,4,Seed_Length
K11,8.50766475265264,7,Seed_Length
K12,8.908893488209499,3,Seed_Length
K13,8.488835933436624,4,Seed_Length
K14,8.521859987567492,4,Seed_Length
K15,8.362278783317272,3,Seed_Length
K16,8.389343082456369,2,Seed_Length
K17,8.953907167088513,2,Seed_Length
K18,8.60869011205935,5,Seed_Length
K19,8.99218982856506,6,Seed_Length
K20,8.242522765364999,4,Seed_Length
K21,8.563087469157619,5,Seed_Length
K22,8.558319665164202,3,Seed_Length
K23,8.61655316420678,11,Seed_Length
K24,8.779882321328829,3,Seed_Length
K01,7.054643862797748,4,Seed_Width
K02,6.624163242688302,2,Seed_Width
K03,6.777855022306956,3,Seed_Width
K04,6.807875192344619,6,Seed_Width
K05,6.544013697803059,4,Seed_Width
K06,6.740509356231395,5,Seed_Width
K07,6.526777236537416,1,Seed_Width
K08,6.1363713888705895,2,Seed_Width
K09,6.24711565250235,2,Seed_Width
K10,6.587320306732989,4,Seed_Width
K11,6.71022243143605,7,Seed_Width
K12,6.936430465950877,3,Seed_Width
K13,6.611882264036531,4,Seed_Width
K14,6.632350561789482,4,Seed_Width
K15,6.526202687828562,3,Seed_Width
K16,6.7267201872188815,2,Seed_Width
K17,6.819366166521714,2,Seed_Width
K18,6.677079178773828,5,Seed_Width
K19,6.878688320710971,6,Seed_Width
K20,6.40138198082986,4,Seed_Width
K21,6.934591910082541,5,Seed_Width
K22,6.5514828310181725,3,Seed_Width
K23,6.720530730673491,11,Seed_Width
K24,6.814338865319235,3,Seed_Width
K01,6.817050560536885,4,Seed_Thickness
K02,6.143938331250457,2,Seed_Thickness
K03,6.558334909027198,3,Seed_Thickness
K04,6.640740112453244,6,Seed_Thickness
K05,6.251714177786099,4,Seed_Thickness
K06,6.357458115196168,5,Seed_Thickness
K07,6.3747,1,Seed_Thickness
K08,6.043866806815949,2,Seed_Thickness
K09,5.969363472211578,2,Seed_Thickness
K10,6.292140703096994,4,Seed_Thickness
K11,6.320835372147136,7,Seed_Thickness
K12,6.287413692284027,3,Seed_Thickness
K13,6.310343222346925,4,Seed_Thickness
K14,6.399874218192521,4,Seed_Thickness
K15,6.352321900462079,3,Seed_Thickness
K16,6.443475601512124,2,Seed_Thickness
K17,6.654286173290403,2,Seed_Thickness
K18,6.128868338569118,5,Seed_Thickness
K19,6.502034093672758,6,Seed_Thickness
K20,6.106517338187807,4,Seed_Thickness
K21,6.637692248764884,5,Seed_Thickness
K22,6.05825949645543,3,Seed_Thickness
K23,6.422694712727846,11,Seed_Thickness
K24,6.822483095351788,3,Seed_Thickness
K01,0.33596644180208596,4,Mass_of_Seeds
K02,0.2756761938466546,2,Mass_of_Seeds
K03,0.29754204927456673,3,Mass_of_Seeds
K04,0.29517337163850316,6,Mass_of_Seeds
K05,0.25762242898928234,4,Mass_of_Seeds
K06,0.3024748204516691,5,Mass_of_Seeds
K07,0.2669268908284447,1,Mass_of_Seeds
K08,0.2183838035243662,2,Mass_of_Seeds
K09,0.24485377610737702,2,Mass_of_Seeds
K10,0.2845143222762169,4,Mass_of_Seeds
K11,0.2987644561260353,7,Mass_of_Seeds
K12,0.31196137438410393,3,Mass_of_Seeds
K13,0.28051717876535964,4,Mass_of_Seeds
K14,0.292375371180903,4,Mass_of_Seeds
K15,0.2768753368999118,3,Mass_of_Seeds
K16,0.27763035289640703,2,Mass_of_Seeds
K17,0.3250187098529046,2,Mass_of_Seeds
K18,0.28158308370158824,5,Mass_of_Seeds
K19,0.32042939693303135,6,Mass_of_Seeds
K20,0.2557126826452061,4,Mass_of_Seeds
K21,0.31707771807800134,5,Mass_of_Seeds
K22,0.25458015865046313,3,Mass_of_Seeds
K23,0.2984356867463544,11,Mass_of_Seeds
K24,0.32116960869430117,3,Mass_of_Seeds
K01,676.5300030949318,4,Seed_Coat_Tannin
K02,673.6296257795955,2,Seed_Coat_Tannin
K03,624.9583718980554,3,Seed_Coat_Tannin
K04,847.289697570265,6,Seed_Coat_Tannin
K05,728.3557713103639,4,Seed_Coat_Tannin
K06,831.6587102777869,5,Seed_Coat_Tannin
K07,718.698073517234,1,Seed_Coat_Tannin
K08,787.028895534296,2,Seed_Coat_Tannin
K09,899.800831482293,2,Seed_Coat_Tannin
K10,941.456737679204,4,Seed_Coat_Tannin
K11,734.0378042451154,7,Seed_Coat_Tannin
K12,945.6294940271137,3,Seed_Coat_Tannin
K13,840.51096666967,4,Seed_Coat_Tannin
K14,847.0748670680292,4,Seed_Coat_Tannin
K15,950.2056160575994,3,Seed_Coat_Tannin
K16,811.377909457039,2,Seed_Coat_Tannin
K17,713.4280541564256,2,Seed_Coat_Tannin
K18,825.4848972218799,5,Seed_Coat_Tannin
K19,836.4415646160414,6,Seed_Coat_Tannin
K20,864.4873799274478,4,Seed_Coat_Tannin
K21,892.4153203420717,5,Seed_Coat_Tannin
K22,764.2121926185437,3,Seed_Coat_Tannin
K23,724.7718799519026,11,Seed_Coat_Tannin
K24,763.911852060813,3,Seed_Coat_Tannin
K01,32.13288180599754,4,Crude_Protein
K02,35.50484207573481,2,Crude_Protein
K03,38.09746567776026,3,Crude_Protein
K04,34.92753257916375,6,Crude_Protein
K05,35.4172079280522,3,Crude_Protein
K06,38.98700076179124,5,Crude_Protein
K07,38.534068946633,1,Crude_Protein
K08,35.576402712729305,2,Crude_Protein
K09,36.87630533845221,2,Crude_Protein
K10,39.40777494858512,4,Crude_Protein
K11,36.04823823009428,6,Crude_Protein
K12,34.93401537734826,3,Crude_Protein
K13,36.48461107972234,4,Crude_Protein
K14,35.28536313480455,4,Crude_Protein
K15,36.298484558007885,2,Crude_Protein
K16,34.710950061982956,2,Crude_Protein
K17,32.86417880510301,2,Crude_Protein
K18,34.97194303544055,5,Crude_Protein
K19,35.595155438570806,6,Crude_Protein
K20,36.63350835494998,4,Crude_Protein
K21,37.46780631157308,5,Crude_Protein
K22,37.21143227287874,3,Crude_Protein
K23,36.32189619961408,11,Crude_Protein
K24,36.35207244211631,3,Crude_Protein
K01,997.0013313714694,2,Total_Oxalate
K02,1109.9648130347,1,Total_Oxalate
K04,976.9446382917868,4,Total_Oxalate
K05,1076.23923784846,2,Total_Oxalate
K10,1130.5802682276587,3,Total_Oxalate
K11,1074.805537483545,5,Total_Oxalate
K12,1226.42706687925,1,Total_Oxalate
K13,964.3567988511236,2,Total_Oxalate
K14,1474.55548477282,1,Total_Oxalate
K15,943.3157091057845,2,Total_Oxalate
K17,1205.34666985635,1,Total_Oxalate
K18,1264.9574250037256,2,Total_Oxalate
K19,882.294573643411,1,Total_Oxalate
K20,905.5629357433025,2,Total_Oxalate
K21,1035.2474483360893,4,Total_Oxalate
K22,1284.25854372591,2,Total_Oxalate
K23,1139.465667277679,3,Total_Oxalate
K24,1207.623119260327,3,Total_Oxalate
K01,362.6619681134055,2,Soluble_Oxalate
K02,316.984150619786,1,Soluble_Oxalate
K04,311.7686223678053,4,Soluble_Oxalate
K05,394.706969446982,2,Soluble_Oxalate
K10,427.1994774952277,3,Soluble_Oxalate
K11,312.0074838484928,5,Soluble_Oxalate
K12,275.722372730268,1,Soluble_Oxalate
K13,413.8134662843365,2,Soluble_Oxalate
K14,450.557510934394,1,Soluble_Oxalate
K15,303.7355474657155,2,Soluble_Oxalate
K17,364.773867122032,1,Soluble_Oxalate
K18,355.1073032347915,2,Soluble_Oxalate
K19,327.941092714201,1,Soluble_Oxalate
K20,405.81820458966,2,Soluble_Oxalate
K21,303.42242802402575,4,Soluble_Oxalate
K22,439.88819637559453,2,Soluble_Oxalate
K23,287.7907014989243,3,Soluble_Oxalate
K24,430.80352095959165,3,Soluble_Oxalate
K01,634.3393632580655,2,Insoluble_Oxalate
K02,792.980662414915,1,Insoluble_Oxalate
K04,665.176015923982,4,Insoluble_Oxalate
K05,681.53226840148,2,Insoluble_Oxalate
K10,703.3807907324309,3,Insoluble_Oxalate
K11,762.798053635051,5,Insoluble_Oxalate
K12,950.704694148986,1,Insoluble_Oxalate
K13,550.543332566787,2,Insoluble_Oxalate
K14,1023.99797383842,1,Insoluble_Oxalate
K15,639.5801616400705,2,Insoluble_Oxalate
K17,840.572802734315,1,Insoluble_Oxalate
K18,909.8501217689336,2,Insoluble_Oxalate
K19,554.35348092921,1,Insoluble_Oxalate
K20,499.74473115364253,2,Insoluble_Oxalate
K21,731.8250203120622,4,Insoluble_Oxalate
K22,844.3703473503175,2,Insoluble_Oxalate
K23,851.6749657787524,3,Insoluble_Oxalate
K24,776.8195983007377,3,Insoluble_Oxalate
