DateTime,RunTime,ID,Tag,Alg,Classes,FeatureNum,BalancedSize,CVfold,BalancedRuns,AUCROC_val,AUCROC_val_sd,AUCROC_val_se,AUCPRc_val,AUCPRc_val_sd,AUCPRc_val_se,Ac_val,Ac_val_sd,Ac_val_se,F1_val,F1_val_sd,F1_val_se,Pr_val,Pr_val_sd,Pr_val_se,TPR_val,TPR_val_sd,TPR_val_se,FPR_val,FPR_val_sd,FPR_val_se,FNR_val,FNR_val_sd,FNR_val_se,TP_val,TP_val_sd,TP_val_se,TN_val,TN_val_sd,TN_val_se,FP_val,FP_val_sd,FP_val_se,FN_val,FN_val_sd,FN_val_se,Pr_test,Ac_test,F1_test,AUCROC_test,AUCROC_test_sd,AUCROC_test_se,AUCPRc_test,AUCPRc_test_sd,AUCPRc_test_se,trait,algo,status
2026-06-16 01:46:22,57.12377381324768,Antioxidant_GB,Antioxidant,GB,"[1, 0]",1625.0,15.0,5.0,20.0,0.5204444444444445,0.11209255435014737,0.025064657129851925,0.5759736844303761,0.08465993892249905,0.018930537840168817,0.505,0.09847447497814964,0.02201956200997447,0.585249821948114,0.08914227044146361,0.01993281763757828,0.5029101636667426,0.0727586134878945,0.01626932057075652,0.7033333333333334,0.1219744964235466,0.027274326552435516,0.6933333333333332,0.11430952132988166,0.025560386016907754,0.2966666666666667,0.12197449642354657,0.027274326552435512,10.55,1.8296174463531985,0.40911489828653264,4.6,1.7146428199482247,0.38340579025361626,10.4,1.7146428199482247,0.38340579025361626,4.45,1.8296174463531987,0.4091148982865327,0.500000,0.500000,0.594595,0.4374999999999999,0.1389756673346493,0.031075903937867286,0.6211542103729604,0.1078097830791649,0.02410700036045193,Antioxidant,GB,OK
2026-06-15 10:54:21,8.797218084335327,Antioxidant_LogReg,Antioxidant,LogReg,"[1, 0]",1625.0,15.0,5.0,20.0,0.6471111111111112,0.09429556893612581,0.021085130211819483,0.6764601361119957,0.09900689744675072,0.022138615293228494,0.565,0.05423713365090992,0.012127791774817593,0.6567548722811881,0.04412963277634881,0.00986768587100187,0.5424455110107285,0.0357842258184694,0.008001596145230062,0.8333333333333334,0.06497862896539311,0.014529663145135582,0.7033333333333333,0.06823163163486241,0.015257056655127745,0.16666666666666669,0.0649786289653931,0.014529663145135579,12.5,0.9746794344808963,0.21794494717703367,4.45,1.023474474522936,0.22885584982691615,10.55,1.023474474522936,0.22885584982691615,2.5,0.9746794344808963,0.21794494717703367,0.520000,0.533333,0.65,0.42708333333333337,0.1188595985466326,0.026577814212860568,0.5760155469530469,0.07012574458677738,0.01568059318688221,Antioxidant,LogReg,OK
2026-06-15 10:54:10,94.56997513771057,Antioxidant_RF,Antioxidant,RF,"[1, 0]",1625.0,15.0,5.0,20.0,0.5576666666666668,0.08791262497292202,0.019657860551989922,0.5887081334623091,0.09096004808610418,0.020339285075717858,0.5116666666666666,0.054031883591491074,0.012081896466292952,0.6552131721558834,0.034240197784124016,0.007656340980833896,0.5071208791208791,0.030438392291432477,0.006806231428944861,0.9266666666666667,0.04666666666666666,0.010434983894999018,0.9033333333333333,0.08293236869749822,0.01854424139426817,0.07333333333333333,0.04666666666666667,0.010434983894999018,13.9,0.7000000000000001,0.15652475842498528,1.45,1.2439855304624727,0.2781636209140224,13.55,1.243985530462473,0.27816362091402247,1.1,0.7000000000000001,0.15652475842498528,0.518519,0.533333,0.666667,0.39479166666666665,0.09782242805489728,0.021873759885483283,0.5911881000943501,0.07047638653056872,0.01575899910909022,Antioxidant,RF,OK
2026-06-16 01:46:30,6.990894079208374,Antioxidant_SVMrbf,Antioxidant,SVMrbf,"[1, 0]",1625.0,15.0,5.0,20.0,0.49866666666666665,0.005811865258054221,0.0012995725793078594,0.5,0.0,0.0,0.5,0.0,0.0,0.6666666666666665,1.1102230246251565e-16,2.482534153247273e-17,0.5,0.0,0.0,1.0,0.0,0.0,1.0,0.0,0.0,0.0,0.0,0.0,15.0,0.0,0.0,0.0,0.0,0.0,15.0,0.0,0.0,0.0,0.0,0.0,0.500000,0.500000,0.666667,0.5,0.0,0.0,0.5714285714285714,0.0,0.0,Antioxidant,SVMrbf,OK
2026-06-15 12:24:52,942.526419878006,Crude_Protein_GB,Crude_Protein,GB,"[1, 0]",1625.0,15.0,5.0,20.0,0.5973333333333334,0.1402671173066976,0.031364680930571306,0.6042636021958175,0.12559522021154682,0.028083945004207418,0.5733333333333331,0.10466878978738385,0.023404652908722606,0.6424853734079242,0.08596841159483135,0.0192231212243724,0.5548733196627933,0.0771297493005104,0.017246736252345813,0.7666666666666667,0.10852547064066473,0.0242670329642684,0.62,0.13515423288475528,0.03022140521771503,0.2333333333333334,0.10852547064066471,0.024267032964268395,11.5,1.6278820596099706,0.36400549446402586,5.7,2.027313493271329,0.4533210782657254,9.3,2.0273134932713295,0.4533210782657255,3.5,1.6278820596099706,0.36400549446402586,0.650000,0.700000,0.742857,0.4288888888888889,0.09508930175704296,0.02126261426617382,0.4176926684426684,0.08849159499932428,0.019787322185586955,Crude_Protein,GB,OK
2026-06-15 12:25:03,9.70442819595337,Crude_Protein_LogReg,Crude_Protein,LogReg,"[1, 0]",1625.0,15.0,5.0,20.0,0.6137777777777778,0.11436912300221723,0.025573713355999256,0.6341808387544688,0.10943375530230431,0.024470131588903047,0.5666666666666667,0.09006170724070864,0.020138409955990953,0.647552211058403,0.0666826201544729,0.014910687158319894,0.54883457408343,0.06463920845736579,0.01445376641224492,0.7933333333333334,0.08406346808612329,0.018797162906495583,0.6599999999999999,0.13148721948877345,0.02940143609493326,0.2066666666666667,0.08406346808612329,0.018797162906495583,11.9,1.2609520212918492,0.2819574435974337,5.1,1.972308292331602,0.4410215414239989,9.9,1.972308292331602,0.4410215414239989,3.1,1.2609520212918492,0.2819574435974337,0.631579,0.666667,0.705882,0.428888888888889,0.07669081745216622,0.017148588107307086,0.3827242757242757,0.0638149393330296,0.014269454232867927,Crude_Protein,LogReg,OK
2026-06-15 12:09:08,3914.5141127109528,Crude_Protein_RF,Crude_Protein,RF,"[1, 0]",1625.0,15.0,5.0,20.0,0.5744444444444445,0.10163964425336512,0.022727315375942025,0.5851599475263354,0.0957219839690456,0.021404086309593107,0.4916666666666667,0.01787300882460601,0.0039965262694272655,0.6560253699788583,0.013648513306296066,0.003051900354468841,0.4957535121328225,0.009396470899061283,0.0021011147678899594,0.9700000000000001,0.03316624790355399,0.007416198487095661,0.9866666666666667,0.03399346342395189,0.007601169500660917,0.03,0.033166247903554,0.007416198487095662,14.55,0.49749371855331004,0.11124297730643495,0.2,0.5099019513592785,0.1140175425099138,14.8,0.5099019513592785,0.1140175425099138,0.45,0.49749371855331004,0.11124297730643495,0.482759,0.466667,0.636364,0.41222222222222227,0.0967305025493861,0.021629597919814402,0.3746807359307359,0.06802215532941172,0.01521021632926142,Crude_Protein,RF,OK
2026-06-15 12:25:11,6.904224157333374,Crude_Protein_SVMrbf,Crude_Protein,SVMrbf,"[1, 0]",1625.0,15.0,5.0,20.0,0.5128888888888888,0.0257777777777778,0.0057640863419994625,0.5112957157784743,0.02266471651176052,0.005067984681105844,0.5,0.0,0.0,0.6666666666666665,1.1102230246251565e-16,2.482534153247273e-17,0.5,0.0,0.0,1.0,0.0,0.0,1.0,0.0,0.0,0.0,0.0,0.0,15.0,0.0,0.0,0.0,0.0,0.0,15.0,0.0,0.0,0.0,0.0,0.0,0.500000,0.500000,0.666667,0.5,0.0,0.0,0.3571428571428571,5.551115123125783e-17,1.2412670766236365e-17,Crude_Protein,SVMrbf,OK
2026-06-16 01:45:17,56.95462918281555,Flavonoid_GB,Flavonoid,GB,"[1, 0]",1625.0,15.0,5.0,20.0,0.40444444444444444,0.11984351937339986,0.026797825598173508,0.4904536928777194,0.08992624362755017,0.020108119371240945,0.42833333333333334,0.0950292352676562,0.02124918299082997,0.5321286890946334,0.08421656762747158,0.018831397004673463,0.4494145442658029,0.0681371413632197,0.015235927988067194,0.6533333333333332,0.11274356350191843,0.025210227201585382,0.7966666666666666,0.09303523824635244,0.020803311702173238,0.3466666666666667,0.11274356350191843,0.025210227201585382,9.8,1.6911534525287764,0.3781534080237807,3.05,1.3955285736952863,0.3120496755325985,11.95,1.3955285736952863,0.3120496755325985,5.2,1.6911534525287764,0.3781534080237807,0.500000,0.500000,0.571429,0.5196969696969697,0.14604520225576867,0.032656700003160434,0.35185712435712435,0.11628210676570681,0.026001469529500863,Flavonoid,GB,OK
2026-06-15 10:52:33,9.011133909225464,Flavonoid_LogReg,Flavonoid,LogReg,"[1, 0]",1625.0,15.0,5.0,20.0,0.4522222222222222,0.11461906850170059,0.025629602868750746,0.5325484035119032,0.09277610420130311,0.020745367568171757,0.4883333333333334,0.032102267140430366,0.007178285155786008,0.6415093627302929,0.02266637547401797,0.00506835563634382,0.49407384601350113,0.018232228459369507,0.004076850221645648,0.9166666666666666,0.05527707983925666,0.012360330811826102,0.9400000000000001,0.07272474743090476,0.01626174789020062,0.08333333333333334,0.055277079839256664,0.012360330811826104,13.75,0.82915619758885,0.18540496217739155,0.9,1.0908712114635715,0.24392621835300934,14.1,1.0908712114635715,0.24392621835300934,1.25,0.82915619758885,0.18540496217739155,0.480000,0.466667,0.6,0.41515151515151516,0.1463043358130098,0.03271464402808469,0.2433568746068746,0.05056658530588315,0.011307032213399671,Flavonoid,LogReg,OK
2026-06-15 10:52:22,99.8422429561615,Flavonoid_RF,Flavonoid,RF,"[1, 0]",1625.0,15.0,5.0,20.0,0.43022222222222223,0.12272905015963588,0.027443049897092724,0.5182683410070982,0.09158238728433628,0.020478444350948827,0.5,0.0,0.0,0.6666666666666665,1.1102230246251565e-16,2.482534153247273e-17,0.5,0.0,0.0,1.0,0.0,0.0,1.0,0.0,0.0,0.0,0.0,0.0,15.0,0.0,0.0,0.0,0.0,0.0,15.0,0.0,0.0,0.0,0.0,0.0,0.500000,0.500000,0.666667,0.46060606060606063,0.1608774151325304,0.03597328362807913,0.2783878158878159,0.09421700239129305,0.021067562198319147,Flavonoid,RF,OK
2026-06-16 01:45:24,6.7639570236206055,Flavonoid_SVMrbf,Flavonoid,SVMrbf,"[1, 0]",1625.0,15.0,5.0,20.0,0.4953333333333333,0.015362291495737215,0.0034351128074635333,0.5,0.0,0.0,0.5,0.0,0.0,0.6666666666666665,1.1102230246251565e-16,2.482534153247273e-17,0.5,0.0,0.0,1.0,0.0,0.0,1.0,0.0,0.0,0.0,0.0,0.0,15.0,0.0,0.0,0.0,0.0,0.0,15.0,0.0,0.0,0.0,0.0,0.0,0.500000,0.500000,0.666667,0.5,0.0,0.0,0.21428571428571427,0.0,0.0,Flavonoid,SVMrbf,OK
2026-06-16 01:50:30,53.13029885292053,Mass_of_Seeds_GB,Mass_of_Seeds,GB,"[1, 0]",1625.0,15.0,5.0,20.0,0.6393333333333333,0.1081405121606624,0.024180953631288377,0.6343372711746255,0.09645497363452585,0.021567987781474975,0.6133333333333332,0.08259674462242576,0.01846919356959342,0.6740615048317534,0.06121216498250177,0.013687456195080617,0.5866721526312487,0.06290145070025407,0.014065191964911985,0.7966666666666666,0.07738791177495936,0.017304463136556553,0.57,0.1307669683062202,0.02924038303442689,0.2033333333333333,0.07738791177495934,0.017304463136556546,11.95,1.1608186766243902,0.25956694704834826,6.45,1.961504524593303,0.4386057455164033,8.55,1.961504524593303,0.4386057455164033,3.05,1.16081867662439,0.2595669470483482,0.666667,0.700000,0.727273,0.8538461538461538,0.16117174492120745,0.036039097769607634,0.49930555555555556,0.2795248876372942,0.06250366501599804,Mass_of_Seeds,GB,OK
2026-06-15 11:01:21,8.54224681854248,Mass_of_Seeds_LogReg,Mass_of_Seeds,LogReg,"[1, 0]",1625.0,15.0,5.0,20.0,0.6486666666666666,0.1401478936651045,0.03133802171385858,0.6377798646865929,0.13167486559347238,0.029443395039515242,0.605,0.072476049683863,0.01620613738337698,0.6911599050912273,0.05434199304392012,0.01215123904790261,0.5690076662467968,0.04934528596925292,0.011033941379641612,0.8833333333333334,0.07852812659593164,0.01755942292142123,0.6733333333333332,0.10728984626287387,0.023990738953928774,0.11666666666666667,0.07852812659593165,0.017559422921421233,13.25,1.1779218989389746,0.26339134382131846,4.9,1.6093476939431082,0.3598610843089316,10.1,1.6093476939431082,0.3598610843089316,1.75,1.1779218989389746,0.26339134382131846,0.560000,0.600000,0.7,0.7115384615384615,0.10844517061439755,0.024249077332535555,0.2325595238095238,0.08221552599977393,0.018383950494139586,Mass_of_Seeds,LogReg,OK
2026-06-15 11:01:10,91.14766097068787,Mass_of_Seeds_RF,Mass_of_Seeds,RF,"[1, 0]",1625.0,15.0,5.0,20.0,0.6502222222222224,0.10918870289323056,0.024415336204429147,0.6318174492610299,0.10662770801474146,0.023842680340596105,0.6183333333333333,0.08264717512144959,0.01848047017198907,0.7088070267922194,0.05554139955416861,0.012419434496859753,0.5767824529293796,0.05601186824765857,0.012524634494852657,0.9233333333333335,0.06757711644237763,0.015110702608857511,0.6866666666666666,0.13840359661351131,0.0309479850358271,0.07666666666666666,0.06757711644237765,0.015110702608857518,13.85,1.0136567466356647,0.22666053913286274,4.7,2.0760539492026693,0.46421977553740634,10.3,2.0760539492026693,0.46421977553740634,1.15,1.0136567466356647,0.22666053913286274,0.560000,0.600000,0.7,0.8615384615384615,0.11305337274383902,0.025279502654084594,0.47166666666666657,0.2545202458657376,0.05691245714057491,Mass_of_Seeds,RF,OK
2026-06-16 01:50:37,6.49682092666626,Mass_of_Seeds_SVMrbf,Mass_of_Seeds,SVMrbf,"[1, 0]",1625.0,15.0,5.0,20.0,0.5,0.0,0.0,0.5,0.0,0.0,0.5,0.0,0.0,0.6666666666666665,1.1102230246251565e-16,2.482534153247273e-17,0.5,0.0,0.0,1.0,0.0,0.0,1.0,0.0,0.0,0.0,0.0,0.0,15.0,0.0,0.0,0.0,0.0,0.0,15.0,0.0,0.0,0.0,0.0,0.0,0.500000,0.500000,0.666667,0.5,0.0,0.0,0.07142857142857142,0.0,0.0,Mass_of_Seeds,SVMrbf,OK
2026-06-16 01:44:11,58.57612991333008,Phenol_GB,Phenol,GB,"[1, 0]",1625.0,15.0,5.0,20.0,0.40800000000000003,0.15082063584778735,0.033724519416539415,0.5416898507542327,0.09290392367171314,0.020773948870640244,0.41833333333333333,0.12040441114104675,0.026923244810221354,0.520640654960673,0.1046288041479771,0.023395711847938875,0.4424488348544412,0.0864240316763318,0.0193250009717873,0.6366666666666666,0.1437204075820673,0.032136860110747865,0.8,0.1414213562373095,0.03162277660168379,0.36333333333333334,0.14372040758206733,0.03213686011074787,9.55,2.1558061137310096,0.482052901661218,3.0,2.1213203435596424,0.47434164902525683,12.0,2.1213203435596424,0.47434164902525683,5.45,2.15580611373101,0.4820529016612181,0.500000,0.500000,0.571429,0.45125000000000004,0.1421871565929919,0.03179401476693373,0.3523077616827617,0.08466599773426303,0.01893189263166553,Phenol,GB,OK
2026-06-15 10:50:40,9.240131139755249,Phenol_LogReg,Phenol,LogReg,"[1, 0]",1625.0,15.0,5.0,20.0,0.4024444444444445,0.10160660034942563,0.02271992653439696,0.5310631656774689,0.07787506595136043,0.017413394121952124,0.4866666666666667,0.030550504633038926,0.00683130051063973,0.6496577066344507,0.0252428278099808,0.005644467892743921,0.4929095967889071,0.016557445597842627,0.0037023573890530757,0.9533333333333334,0.052068331172711015,0.011642832797715316,0.9800000000000001,0.03711842908553348,0.00829993306532582,0.04666666666666667,0.05206833117271103,0.01164283279771532,14.3,0.7810249675906654,0.17464249196572978,0.3,0.5567764362830021,0.1244989959798873,14.7,0.5567764362830022,0.12449899597988733,0.7,0.7810249675906654,0.17464249196572978,0.482759,0.466667,0.636364,0.4325,0.11070794912742264,0.024755049989850553,0.3323340895215896,0.06235668076334675,0.01394337770380968,Phenol,LogReg,OK
2026-06-15 10:50:28,98.20627212524414,Phenol_RF,Phenol,RF,"[1, 0]",1625.0,15.0,5.0,20.0,0.42055555555555557,0.1059113885388263,0.02368250643642077,0.535440680672577,0.06173985161730991,0.013805450513705528,0.5,0.0,0.0,0.6666666666666665,1.1102230246251565e-16,2.482534153247273e-17,0.5,0.0,0.0,1.0,0.0,0.0,1.0,0.0,0.0,0.0,0.0,0.0,15.0,0.0,0.0,0.0,0.0,0.0,15.0,0.0,0.0,0.0,0.0,0.0,0.500000,0.500000,0.666667,0.51125,0.13145222516184346,0.029393611125549026,0.3715383227883228,0.1012896928503636,0.022649063863348744,Phenol,RF,OK
2026-06-16 01:44:19,7.01977801322937,Phenol_SVMrbf,Phenol,SVMrbf,"[1, 0]",1625.0,15.0,5.0,20.0,0.4613333333333333,0.024549270186029294,0.005489383693397041,0.4833333333333333,0.012093738189714575,0.0027042420694287036,0.5,0.0,0.0,0.6666666666666665,1.1102230246251565e-16,2.482534153247273e-17,0.5,0.0,0.0,1.0,0.0,0.0,1.0,0.0,0.0,0.0,0.0,0.0,15.0,0.0,0.0,0.0,0.0,0.0,15.0,0.0,0.0,0.0,0.0,0.0,0.500000,0.500000,0.666667,0.5,0.0,0.0,0.2857142857142857,0.0,0.0,Phenol,SVMrbf,OK
2026-06-16 01:51:33,55.044788122177124,Seed_Coat_Tannin_GB,Seed_Coat_Tannin,GB,"[1, 0]",1625.0,15.0,5.0,20.0,0.5415555555555555,0.07783838908157605,0.017405192924548146,0.5709781649932637,0.069989345636994,0.015650093454504688,0.5299999999999999,0.062271805640898,0.013924399049470277,0.6211659009356377,0.052334452826232544,0.011702339408471195,0.5207805355343719,0.042311628127658825,0.009461167673213727,0.7733333333333333,0.08537498983243799,0.019090428084368474,0.7133333333333333,0.0968389269755597,0.021653842358548957,0.2266666666666667,0.08537498983243798,0.01909042808436847,11.6,1.2806248474865698,0.2863564212655271,4.3,1.452583904633395,0.3248076353782343,10.7,1.4525839046333953,0.3248076353782343,3.4,1.2806248474865698,0.2863564212655271,0.523810,0.533333,0.611111,0.5354166666666667,0.20124396126205735,0.044999517744329455,0.26878108003108003,0.1577078684791925,0.03526455145060708,Seed_Coat_Tannin,GB,OK
2026-06-15 11:03:51,9.163056135177612,Seed_Coat_Tannin_LogReg,Seed_Coat_Tannin,LogReg,"[1, 0]",1625.0,15.0,5.0,20.0,0.5559999999999999,0.06288378463777738,0.014061241713252721,0.552028374446978,0.05445756971096241,0.012177082776314551,0.5433333333333333,0.03815174380753198,0.008530989261379816,0.6599348953395585,0.024769457736348918,0.005538619126428424,0.5267034796926102,0.024013666078067916,0.005369618973954063,0.8866666666666667,0.05617433182117571,0.012560962454277845,0.8,0.08692269873603535,0.019436506316151007,0.11333333333333336,0.056174331821175726,0.012560962454277848,13.3,0.8426149773176358,0.1884144368141677,3.0,1.3038404810405297,0.291547594742265,12.0,1.3038404810405297,0.291547594742265,1.7,0.8426149773176358,0.1884144368141677,0.518519,0.533333,0.666667,0.5479166666666667,0.1383653326443361,0.03093942895221062,0.2785259879009879,0.14123207325851594,0.03158045164092719,Seed_Coat_Tannin,LogReg,OK
2026-06-15 11:03:39,136.22336173057556,Seed_Coat_Tannin_RF,Seed_Coat_Tannin,RF,"[1, 0]",1625.0,15.0,5.0,20.0,0.515,0.09919895210517816,0.022181560020392423,0.5416631990580472,0.08027703787687074,0.017950491372500835,0.4966666666666667,0.01795054935711501,0.004013864859597431,0.6590556730091613,0.012237831575114851,0.002736462329915013,0.49840357598978285,0.00954976519587318,0.0021353924147134024,0.9733333333333334,0.03265986323710903,0.007302967433402212,0.9800000000000001,0.04268749491621898,0.009545214042184233,0.026666666666666665,0.032659863237109045,0.007302967433402216,14.6,0.4898979485566356,0.10954451150103321,0.3,0.6403124237432849,0.14317821063276354,14.7,0.6403124237432848,0.1431782106327635,0.4,0.48989794855663565,0.10954451150103323,0.482759,0.466667,0.636364,0.6125,0.10466547239233727,0.023403911116639368,0.30126984126984124,0.1445383111192473,0.03231974890156507,Seed_Coat_Tannin,RF,OK
2026-06-16 01:51:40,6.5281970500946045,Seed_Coat_Tannin_SVMrbf,Seed_Coat_Tannin,SVMrbf,"[1, 0]",1625.0,15.0,5.0,20.0,0.5032222222222222,0.014045341040297718,0.003140633733327331,0.5027434966727162,0.011958624748310312,0.002674029785463317,0.5,0.0,0.0,0.6666666666666665,1.1102230246251565e-16,2.482534153247273e-17,0.5,0.0,0.0,1.0,0.0,0.0,1.0,0.0,0.0,0.0,0.0,0.0,15.0,0.0,0.0,0.0,0.0,0.0,15.0,0.0,0.0,0.0,0.0,0.0,0.500000,0.500000,0.666667,0.5,0.0,0.0,0.14285714285714285,0.0,0.0,Seed_Coat_Tannin,SVMrbf,OK
2026-06-16 01:47:25,54.353042125701904,Seed_Length_GB,Seed_Length,GB,"[1, 0]",1625.0,15.0,5.0,20.0,0.6215555555555556,0.10423406708337127,0.02330744595696914,0.6306903483684001,0.09472838923052777,0.02118191177185191,0.5966666666666666,0.09061518146045457,0.020262170553905508,0.6449507981186797,0.07531608158314619,0.016841187821883485,0.5809897617600539,0.08126416199789652,0.018171219036185172,0.73,0.08812869377601526,0.019706175005143274,0.5366666666666666,0.13576941236277534,0.0303589635308366,0.27,0.08812869377601523,0.019706175005143267,10.95,1.3219304066402287,0.29559262507714906,6.95,2.03654118544163,0.455384452962549,8.05,2.03654118544163,0.455384452962549,4.05,1.3219304066402287,0.29559262507714906,0.550000,0.566667,0.628571,0.6461538461538462,0.20264522880491526,0.0453128506923789,0.22942460317460314,0.12063872402891106,0.02697563876474824,Seed_Length,GB,OK
2026-06-15 10:56:06,8.709218740463257,Seed_Length_LogReg,Seed_Length,LogReg,"[1, 0]",1625.0,15.0,5.0,20.0,0.7328888888888889,0.07917974550833966,0.017705129339778112,0.7237016917954208,0.0939051771892821,0.02099783596343974,0.6933333333333331,0.07788880963698616,0.017416467303484177,0.7363944937861346,0.06701279836450792,0.014984517250552644,0.6473012022227934,0.06301367599759242,0.014090286304276351,0.8566666666666667,0.08504900548115384,0.019017535767461218,0.47000000000000003,0.09994442900376632,0.02234825372248231,0.14333333333333337,0.08504900548115382,0.019017535767461215,12.85,1.2757350822173075,0.28526303651191826,7.95,1.499166435056495,0.33522380583723466,7.05,1.499166435056495,0.33522380583723466,2.15,1.2757350822173072,0.2852630365119182,0.636364,0.700000,0.756757,0.6653846153846155,0.21104838335875306,0.04719185317316072,0.2536111111111111,0.14339388255973667,0.032063846896119276,Seed_Length,LogReg,OK
2026-06-15 10:55:55,92.34624290466309,Seed_Length_RF,Seed_Length,RF,"[1, 0]",1625.0,15.0,5.0,20.0,0.6727777777777778,0.08708127323453735,0.019471964651965847,0.6700110177541058,0.10375749831575837,0.023200881940935565,0.6099999999999999,0.05587684871413403,0.01249444320932754,0.691439422360475,0.03358660915655366,0.007510194120777086,0.5748112752786667,0.039922718646976586,0.008926991274123807,0.8700000000000001,0.03316624790355399,0.007416198487095661,0.65,0.10514540197058336,0.023511226632776473,0.13000000000000003,0.033166247903554005,0.007416198487095664,13.05,0.4974937185533101,0.11124297730643497,5.25,1.5771810295587503,0.3526683994916471,9.75,1.5771810295587503,0.3526683994916471,1.95,0.49749371855331004,0.11124297730643495,0.590909,0.633333,0.702703,0.6596153846153846,0.20398217522776563,0.04561180100075576,0.22125,0.08293550874692401,0.018544943530665048,Seed_Length,RF,OK
2026-06-16 01:47:32,6.4852330684661865,Seed_Length_SVMrbf,Seed_Length,SVMrbf,"[1, 0]",1625.0,15.0,5.0,20.0,0.5,0.0,0.0,0.5,0.0,0.0,0.5,0.0,0.0,0.6666666666666665,1.1102230246251565e-16,2.482534153247273e-17,0.5,0.0,0.0,1.0,0.0,0.0,1.0,0.0,0.0,0.0,0.0,0.0,15.0,0.0,0.0,0.0,0.0,0.0,15.0,0.0,0.0,0.0,0.0,0.0,0.500000,0.500000,0.666667,0.5,0.0,0.0,0.07142857142857142,0.0,0.0,Seed_Length,SVMrbf,OK
2026-06-16 01:49:29,55.823843240737915,Seed_Thickness_GB,Seed_Thickness,GB,"[1, 0]",1625.0,15.0,5.0,20.0,0.5802222222222222,0.11319359577050632,0.02531085747604848,0.6007951992231991,0.09254744602706269,0.0206942380460505,0.5433333333333332,0.09195409482755813,0.020561560684388178,0.6081375505961045,0.08625148804062513,0.01928641904193479,0.5322337306394717,0.07361641866789298,0.01646113164014932,0.7133333333333333,0.11566234381931649,0.02586288632169443,0.6266666666666667,0.11234866364235144,0.025121924908555693,0.28666666666666674,0.11566234381931648,0.02586288632169443,10.7,1.7349351572897473,0.38794329482541645,5.6,1.6852299546352716,0.3768288736283354,9.4,1.6852299546352716,0.3768288736283354,4.3,1.7349351572897473,0.38794329482541645,0.684211,0.733333,0.764706,0.5333333333333333,0.1321562627262809,0.029551038710828575,0.3566746447996448,0.17221272877759328,0.03850793681374328,Seed_Thickness,GB,OK
2026-06-15 10:59:37,8.818814992904663,Seed_Thickness_LogReg,Seed_Thickness,LogReg,"[1, 0]",1625.0,15.0,5.0,20.0,0.59,0.07837705635556212,0.017525642588736883,0.5911296845562893,0.07677377560785764,0.01716713811484849,0.5633333333333332,0.05859465277082314,0.013102162671355694,0.6586287579553833,0.03862829082710933,0.008637548414404802,0.5428653570135263,0.04171378673832224,0.009327486274581775,0.8400000000000002,0.04898979485566356,0.01095445115010332,0.7133333333333332,0.10349449797506682,0.023142073276946375,0.16000000000000003,0.048989794855663564,0.010954451150103323,12.6,0.7348469228349535,0.16431676725154984,4.3,1.5524174696260025,0.34713109915419565,10.7,1.5524174696260027,0.3471310991541957,2.4,0.7348469228349533,0.1643167672515498,0.480000,0.466667,0.6,0.5479166666666666,0.15381434967735183,0.034393934179348155,0.32527854090354086,0.165818708343012,0.03707819037961863,Seed_Thickness,LogReg,OK
2026-06-15 10:59:26,92.65191292762756,Seed_Thickness_RF,Seed_Thickness,RF,"[1, 0]",1625.0,15.0,5.0,20.0,0.6722222222222223,0.10574252447091229,0.023644747282939485,0.6642779740555483,0.10669657435102506,0.02385807932152525,0.495,0.041197356981027576,0.009212009070290317,0.6541880600020135,0.03173369960437566,0.007095870949294215,0.49716064586754244,0.02205035524971549,0.004930609326638318,0.9566666666666667,0.056862407030773256,0.012714820748507097,0.9666666666666666,0.03944053188733077,0.008819171036881969,0.043333333333333335,0.05686240703077327,0.0127148207485071,14.35,0.8529361054615991,0.19072231122760652,0.5,0.5916079783099616,0.1322875655532295,14.5,0.5916079783099616,0.1322875655532295,0.65,0.852936105461599,0.1907223112276065,0.482759,0.466667,0.636364,0.56875,0.12978681772643766,0.02902121470196893,0.355501443001443,0.1775533209875708,0.03970212953590484,Seed_Thickness,RF,OK
2026-06-16 01:49:37,6.667207956314087,Seed_Thickness_SVMrbf,Seed_Thickness,SVMrbf,"[1, 0]",1625.0,15.0,5.0,20.0,0.5163333333333334,0.02830412437773202,0.006328994615221773,0.5155372377138198,0.02756008761872581,0.006162622938132122,0.5,0.0,0.0,0.6666666666666665,1.1102230246251565e-16,2.482534153247273e-17,0.5,0.0,0.0,1.0,0.0,0.0,1.0,0.0,0.0,0.0,0.0,0.0,15.0,0.0,0.0,0.0,0.0,0.0,15.0,0.0,0.0,0.0,0.0,0.0,0.500000,0.500000,0.666667,0.5,0.0,0.0,0.14285714285714285,0.0,0.0,Seed_Thickness,SVMrbf,OK
2026-06-16 01:48:26,53.14371299743652,Seed_Width_GB,Seed_Width,GB,"[1, 0]",1625.0,15.0,5.0,20.0,0.6528888888888889,0.11173955608942489,0.02498572431916046,0.6561248851034923,0.11731522655946185,0.026232482138274546,0.6149999999999999,0.09688194419555746,0.021663461301360765,0.6629824556899983,0.08525286636296822,0.01906312044643022,0.5919184296525628,0.08328609970312963,0.018623338051702288,0.7566666666666668,0.099498743710662,0.02224859546128699,0.5266666666666666,0.12092238098144702,0.027039066387564325,0.24333333333333335,0.099498743710662,0.02224859546128699,11.35,1.49248115565993,0.3337289319193048,7.1,1.8138357147217055,0.40558599581346494,7.9,1.8138357147217055,0.40558599581346494,3.65,1.49248115565993,0.3337289319193048,0.619048,0.666667,0.722222,0.8115384615384615,0.1745238662236681,0.03902472285722014,0.44630952380952377,0.3010313667823472,0.06731265994850005,Seed_Width,GB,OK
2026-06-15 10:57:52,8.085726976394653,Seed_Width_LogReg,Seed_Width,LogReg,"[1, 0]",1625.0,15.0,5.0,20.0,0.7215555555555555,0.11294727274154559,0.025255777972330497,0.7065915580701186,0.1135589475645773,0.0253925526207729,0.6516666666666666,0.08060534859562497,0.018023903880988464,0.7203109705580822,0.05897809374747911,0.01318790268027186,0.6059789436905805,0.06127255596821808,0.013700960030009608,0.8933333333333335,0.07999999999999999,0.017888543819998316,0.59,0.1321194745507094,0.029542812624693972,0.10666666666666666,0.08,0.017888543819998316,13.4,1.2,0.2683281572999747,6.15,1.9817921182606415,0.44314218937040967,8.85,1.9817921182606415,0.44314218937040967,1.6,1.2000000000000002,0.2683281572999748,0.545455,0.566667,0.648649,0.8192307692307692,0.12703957357625958,0.028406912234910247,0.38875,0.23088409489996875,0.05162725311198426,Seed_Width,LogReg,OK
2026-06-15 10:57:41,92.91640901565552,Seed_Width_RF,Seed_Width,RF,"[1, 0]",1625.0,15.0,5.0,20.0,0.6053333333333333,0.15863834169831112,0.035472611587526306,0.615186114469472,0.13187661997078123,0.029488508689757314,0.5349999999999999,0.057227615711297974,0.012796483892069725,0.6789704481564948,0.03287249211250684,0.007350512695339095,0.5198743386243386,0.0334033536794993,0.007469216950382816,0.9800000000000001,0.030550504633038926,0.00683130051063973,0.9100000000000001,0.0972396809720988,0.021743453676400574,0.019999999999999997,0.030550504633038933,0.006831300510639732,14.7,0.45825756949558394,0.10246950765959596,1.35,1.4585952145814822,0.32615180514600867,13.65,1.4585952145814822,0.32615180514600867,0.3,0.45825756949558394,0.10246950765959596,0.482759,0.466667,0.636364,0.7653846153846154,0.16038968816917726,0.03586422456362741,0.3593055555555555,0.2782499805885543,0.062218587133400435,Seed_Width,RF,OK
2026-06-16 01:48:33,6.5232930183410645,Seed_Width_SVMrbf,Seed_Width,SVMrbf,"[1, 0]",1625.0,15.0,5.0,20.0,0.49033333333333334,0.021026438383880203,0.004701654555106695,0.5,0.0,0.0,0.5,0.0,0.0,0.6666666666666665,1.1102230246251565e-16,2.482534153247273e-17,0.5,0.0,0.0,1.0,0.0,0.0,1.0,0.0,0.0,0.0,0.0,0.0,15.0,0.0,0.0,0.0,0.0,0.0,15.0,0.0,0.0,0.0,0.0,0.0,0.500000,0.500000,0.666667,0.5,0.0,0.0,0.07142857142857142,0.0,0.0,Seed_Width,SVMrbf,OK
2026-06-15 12:27:31,46.41849493980408,Soluble_Oxalate_GB,Soluble_Oxalate,GB,"[1, 0]",1625.0,7.0,5.0,20.0,0.626530612244898,0.18948844965618059,0.04237090543822664,0.6843311450454307,0.15680331806038655,0.03506228782805448,0.5892857142857143,0.15951936738662353,0.03566961492042532,0.6326190476190476,0.1515734401017348,0.03389285156509716,0.5710912698412698,0.13826380169091507,0.030916725940843645,0.7142857142857143,0.18070158058105024,0.04040610178208843,0.5357142857142857,0.1682745569912821,0.037627334831616926,0.2857142857142857,0.18070158058105026,0.04040610178208843,5.0,1.2649110640673518,0.282842712474619,3.25,1.1779218989389746,0.26339134382131846,3.75,1.1779218989389746,0.26339134382131846,2.0,1.2649110640673518,0.282842712474619,0.375000,0.357143,0.4,0.6833333333333333,0.30686587732536613,0.068617296167463,0.6458333333333334,0.29799678409897873,0.06663410663216449,Soluble_Oxalate,GB,OK
2026-06-15 12:27:40,8.359228134155273,Soluble_Oxalate_LogReg,Soluble_Oxalate,LogReg,"[1, 0]",1625.0,7.0,5.0,20.0,0.6285714285714286,0.15763242054961238,0.035247680780676804,0.71331610849468,0.11769358009615159,0.02631708456103112,0.5571428571428572,0.09476070829586859,0.021189138534559043,0.6755555555555555,0.0672708483218417,0.015042218975171568,0.5354662004662004,0.05885295163322434,0.01315992005283969,0.9214285714285715,0.10570463276391959,0.023636274439677567,0.8071428571428572,0.15169114701139502,0.03391917163023933,0.07857142857142856,0.10570463276391957,0.023636274439677564,6.45,0.7399324293474372,0.16545392107774298,1.35,1.061838029079765,0.23743420141167532,5.65,1.0618380290797649,0.23743420141167526,0.55,0.7399324293474371,0.16545392107774295,0.454545,0.428571,0.555556,0.6333333333333333,0.20816659994661327,0.04654746681256313,0.5208333333333333,0.17455300054711176,0.03903123748998998,Soluble_Oxalate,LogReg,OK
2026-06-15 12:26:44,92.36610007286072,Soluble_Oxalate_RF,Soluble_Oxalate,RF,"[1, 0]",1625.0,7.0,5.0,20.0,0.5494897959183673,0.17984313934327967,0.04021414848585402,0.6306672494172495,0.15507927940952704,0.03467678106613859,0.5071428571428571,0.02142857142857142,0.004791574237499547,0.6699999999999998,0.009999999999999998,0.0022360679774997894,0.5038461538461538,0.01153846153846153,0.0025800784355766784,1.0,0.0,0.0,0.9857142857142858,0.042857142857142864,0.0095831484749991,0.0,0.0,0.0,7.0,0.0,0.0,0.1,0.30000000000000004,0.0670820393249937,6.9,0.3,0.06708203932499368,0.0,0.0,0.0,0.500000,0.500000,0.666667,0.7,0.25603819159562025,0.05725188012439222,0.6333333333333333,0.27688746209726917,0.061913918736689035,Soluble_Oxalate,RF,OK
2026-06-15 12:27:47,6.424998044967651,Soluble_Oxalate_SVMrbf,Soluble_Oxalate,SVMrbf,"[1, 0]",1625.0,7.0,5.0,20.0,0.3642857142857142,0.03491824210667075,0.007807956300531126,0.45059523809523816,0.015533319465118933,0.0034733558240226605,0.5,0.0,0.0,0.6666666666666665,1.1102230246251565e-16,2.482534153247273e-17,0.5,0.0,0.0,1.0,0.0,0.0,1.0,0.0,0.0,0.0,0.0,0.0,7.0,0.0,0.0,0.0,0.0,0.0,7.0,0.0,0.0,0.0,0.0,0.0,0.500000,0.500000,0.666667,0.5,0.0,0.0,0.25,0.0,0.0,Soluble_Oxalate,SVMrbf,OK
2026-06-16 01:43:04,57.30896997451782,Tannin_GB,Tannin,GB,"[1, 0]",1625.0,15.0,5.0,20.0,0.46422222222222215,0.09912680493585034,0.022165427422892302,0.508497421111345,0.06784914862814444,0.015171530854801756,0.47833333333333333,0.07323857514239944,0.01637664325936315,0.5785445118339856,0.05698749304753874,0.012742790832159326,0.48664226634878804,0.05157254590308188,0.011531971841201935,0.7166666666666666,0.08399735445569438,0.01878237944930775,0.76,0.10832051206181281,0.024221202832779933,0.2833333333333333,0.08399735445569435,0.018782379449307742,10.75,1.2599603168354152,0.2817356917396161,3.6,1.624807680927192,0.36331804249169897,11.4,1.624807680927192,0.36331804249169897,4.25,1.2599603168354152,0.2817356917396161,0.520000,0.533333,0.65,0.85,0.2056523751583823,0.04598526905884319,0.5863095238095238,0.3535107972705333,0.07904741734770596,Tannin,GB,OK
2026-06-15 10:48:48,8.708067178726196,Tannin_LogReg,Tannin,LogReg,"[1, 0]",1625.0,15.0,5.0,20.0,0.44688888888888895,0.0986574069729044,0.022060466847527598,0.5157462488618015,0.06919846152021969,0.015473246389761466,0.49333333333333335,0.019999999999999993,0.004472135954999578,0.658225108225108,0.0171651981756769,0.0038382549968068924,0.49648786717752236,0.010433336265376777,0.0023329649121496257,0.9766666666666668,0.03815174380753198,0.008530989261379816,0.99,0.02380476142847616,0.005322906474223769,0.023333333333333334,0.038151743807531995,0.008530989261379818,14.65,0.5722761571129799,0.12796483892069727,0.15,0.3570714214271425,0.07984359711335655,14.85,0.3570714214271425,0.07984359711335655,0.35,0.5722761571129799,0.12796483892069727,0.482759,0.466667,0.636364,0.7923076923076924,0.15969645763097456,0.03570921350287741,0.39797619047619043,0.2793903561120809,0.062473582852448674,Tannin,LogReg,OK
2026-06-15 10:48:37,97.65493035316467,Tannin_RF,Tannin,RF,"[1, 0]",1625.0,15.0,5.0,20.0,0.42977777777777765,0.14988126988295902,0.03351447080122883,0.4895325205701918,0.09806126854741685,0.021927166243188613,0.5,0.0,0.0,0.6666666666666665,1.1102230246251565e-16,2.482534153247273e-17,0.5,0.0,0.0,1.0,0.0,0.0,1.0,0.0,0.0,0.0,0.0,0.0,15.0,0.0,0.0,0.0,0.0,0.0,15.0,0.0,0.0,0.0,0.0,0.0,0.500000,0.500000,0.666667,0.7615384615384616,0.27724340447600154,0.061993509872180885,0.5424621212121212,0.39108546215509,0.08744936783907026,Tannin,RF,OK
2026-06-16 01:43:12,6.986758232116699,Tannin_SVMrbf,Tannin,SVMrbf,"[1, 0]",1625.0,15.0,5.0,20.0,0.4966666666666667,0.014529663145135577,0.003248931448269654,0.5,0.0,0.0,0.5,0.0,0.0,0.6666666666666665,1.1102230246251565e-16,2.482534153247273e-17,0.5,0.0,0.0,1.0,0.0,0.0,1.0,0.0,0.0,0.0,0.0,0.0,15.0,0.0,0.0,0.0,0.0,0.0,15.0,0.0,0.0,0.0,0.0,0.0,0.500000,0.500000,0.666667,0.5,0.0,0.0,0.07142857142857142,0.0,0.0,Tannin,SVMrbf,OK
