trait,n_top30,n_with_ihs_at_snp,n_above_iHS_2_at_snp,expected_under_panel_rate,panel_above2_rate,binom_p_one_sided
Flavonoid,30,11,1,1.624203821656051,0.054140127388535034,0.8117200660330637
Phenol,30,4,1,1.624203821656051,0.054140127388535034,0.8117200660330637
Seed_Width,30,11,1,1.624203821656051,0.054140127388535034,0.8117200660330637
Tannin,30,8,1,1.624203821656051,0.054140127388535034,0.8117200660330637
Antioxidant,30,7,0,1.624203821656051,0.054140127388535034,1.0
Crude_Protein,30,4,0,1.624203821656051,0.054140127388535034,1.0
Insoluble_Oxalate,30,1,0,1.624203821656051,0.054140127388535034,1.0
Mass_of_Seeds,30,8,0,1.624203821656051,0.054140127388535034,1.0
Seed_Coat_Tannin,30,10,0,1.624203821656051,0.054140127388535034,1.0
Seed_Length,30,5,0,1.624203821656051,0.054140127388535034,1.0
Seed_Thickness,30,6,0,1.624203821656051,0.054140127388535034,1.0
Soluble_Oxalate,30,4,0,1.624203821656051,0.054140127388535034,1.0
Total_Oxalate,30,5,0,1.624203821656051,0.054140127388535034,1.0
